Fitter report for mono_multi_cycle
Sun Jun 14 16:31:59 2026
Quartus Prime Version 18.1.0 Build 625 09/12/2018 SJ Lite Edition


---------------------
; Table of Contents ;
---------------------
  1. Legal Notice
  2. Fitter Summary
  3. Fitter Settings
  4. Parallel Compilation
  5. Incremental Compilation Preservation Summary
  6. Incremental Compilation Partition Settings
  7. Incremental Compilation Placement Preservation
  8. Pin-Out File
  9. Fitter Resource Usage Summary
 10. Fitter Partition Statistics
 11. Input Pins
 12. Output Pins
 13. Dual Purpose and Dedicated Pins
 14. I/O Bank Usage
 15. All Package Pins
 16. I/O Assignment Warnings
 17. Fitter Resource Utilization by Entity
 18. Delay Chain Summary
 19. Pad To Core Delay Chain Fanout
 20. Control Signals
 21. Global & Other Fast Signals
 22. Non-Global High Fan-Out Signals
 23. Routing Usage Summary
 24. LAB Logic Elements
 25. LAB-wide Signals
 26. LAB Signals Sourced
 27. LAB Signals Sourced Out
 28. LAB Distinct Inputs
 29. I/O Rules Summary
 30. I/O Rules Details
 31. I/O Rules Matrix
 32. Fitter Device Options
 33. Operating Settings and Conditions
 34. Fitter Messages
 35. Fitter Suppressed Messages



----------------
; Legal Notice ;
----------------
Copyright (C) 2018  Intel Corporation. All rights reserved.
Your use of Intel Corporation's design tools, logic functions 
and other software and tools, and its AMPP partner logic 
functions, and any output files from any of the foregoing 
(including device programming or simulation files), and any 
associated documentation or information are expressly subject 
to the terms and conditions of the Intel Program License 
Subscription Agreement, the Intel Quartus Prime License Agreement,
the Intel FPGA IP License Agreement, or other applicable license
agreement, including, without limitation, that your use is for
the sole purpose of programming logic devices manufactured by
Intel and sold by Intel or its authorized distributors.  Please
refer to the applicable agreement for further details.



+----------------------------------------------------------------------------------+
; Fitter Summary                                                                   ;
+------------------------------------+---------------------------------------------+
; Fitter Status                      ; Successful - Sun Jun 14 16:31:59 2026       ;
; Quartus Prime Version              ; 18.1.0 Build 625 09/12/2018 SJ Lite Edition ;
; Revision Name                      ; mono_multi_cycle                            ;
; Top-level Entity Name              ; proc_mono_cycle                             ;
; Family                             ; MAX 10                                      ;
; Device                             ; 10M50DAF484C7G                              ;
; Timing Models                      ; Final                                       ;
; Total logic elements               ; 3,158 / 49,760 ( 6 % )                      ;
;     Total combinational functions  ; 2,071 / 49,760 ( 4 % )                      ;
;     Dedicated logic registers      ; 2,327 / 49,760 ( 5 % )                      ;
; Total registers                    ; 2327                                        ;
; Total pins                         ; 31 / 360 ( 9 % )                            ;
; Total virtual pins                 ; 0                                           ;
; Total memory bits                  ; 0 / 1,677,312 ( 0 % )                       ;
; Embedded Multiplier 9-bit elements ; 0 / 288 ( 0 % )                             ;
; Total PLLs                         ; 0 / 4 ( 0 % )                               ;
; UFM blocks                         ; 0 / 1 ( 0 % )                               ;
; ADC blocks                         ; 0 / 2 ( 0 % )                               ;
+------------------------------------+---------------------------------------------+


+----------------------------------------------------------------------------------------------------------------------------------------------------+
; Fitter Settings                                                                                                                                    ;
+--------------------------------------------------------------------+---------------------------------------+---------------------------------------+
; Option                                                             ; Setting                               ; Default Value                         ;
+--------------------------------------------------------------------+---------------------------------------+---------------------------------------+
; Device                                                             ; 10M50DAF484C7G                        ;                                       ;
; Minimum Core Junction Temperature                                  ; 0                                     ;                                       ;
; Maximum Core Junction Temperature                                  ; 85                                    ;                                       ;
; Fit Attempts to Skip                                               ; 0                                     ; 0.0                                   ;
; Use smart compilation                                              ; Off                                   ; Off                                   ;
; Enable parallel Assembler and Timing Analyzer during compilation   ; On                                    ; On                                    ;
; Enable compact report table                                        ; Off                                   ; Off                                   ;
; Auto Merge PLLs                                                    ; On                                    ; On                                    ;
; Router Timing Optimization Level                                   ; Normal                                ; Normal                                ;
; Perform Clocking Topology Analysis During Routing                  ; Off                                   ; Off                                   ;
; Placement Effort Multiplier                                        ; 1.0                                   ; 1.0                                   ;
; Router Effort Multiplier                                           ; 1.0                                   ; 1.0                                   ;
; Optimize Hold Timing                                               ; All Paths                             ; All Paths                             ;
; Optimize Multi-Corner Timing                                       ; On                                    ; On                                    ;
; Power Optimization During Fitting                                  ; Normal compilation                    ; Normal compilation                    ;
; SSN Optimization                                                   ; Off                                   ; Off                                   ;
; Optimize Timing                                                    ; Normal compilation                    ; Normal compilation                    ;
; Optimize Timing for ECOs                                           ; Off                                   ; Off                                   ;
; Regenerate Full Fit Report During ECO Compiles                     ; Off                                   ; Off                                   ;
; Optimize IOC Register Placement for Timing                         ; Normal                                ; Normal                                ;
; Final Placement Optimizations                                      ; Automatically                         ; Automatically                         ;
; Fitter Initial Placement Seed                                      ; 1                                     ; 1                                     ;
; Periphery to Core Placement and Routing Optimization               ; Off                                   ; Off                                   ;
; PCI I/O                                                            ; Off                                   ; Off                                   ;
; Weak Pull-Up Resistor                                              ; Off                                   ; Off                                   ;
; Enable Bus-Hold Circuitry                                          ; Off                                   ; Off                                   ;
; Auto Packed Registers                                              ; Auto                                  ; Auto                                  ;
; Auto Delay Chains                                                  ; On                                    ; On                                    ;
; Auto Delay Chains for High Fanout Input Pins                       ; Off                                   ; Off                                   ;
; Allow Single-ended Buffer for Differential-XSTL Input              ; Off                                   ; Off                                   ;
; Treat Bidirectional Pin as Output Pin                              ; Off                                   ; Off                                   ;
; Perform Physical Synthesis for Combinational Logic for Fitting     ; Off                                   ; Off                                   ;
; Perform Physical Synthesis for Combinational Logic for Performance ; Off                                   ; Off                                   ;
; Perform Register Duplication for Performance                       ; Off                                   ; Off                                   ;
; Perform Logic to Memory Mapping for Fitting                        ; Off                                   ; Off                                   ;
; Perform Register Retiming for Performance                          ; Off                                   ; Off                                   ;
; Perform Asynchronous Signal Pipelining                             ; Off                                   ; Off                                   ;
; Fitter Effort                                                      ; Auto Fit                              ; Auto Fit                              ;
; Physical Synthesis Effort Level                                    ; Normal                                ; Normal                                ;
; Logic Cell Insertion - Logic Duplication                           ; Auto                                  ; Auto                                  ;
; Auto Register Duplication                                          ; Auto                                  ; Auto                                  ;
; Auto Global Clock                                                  ; On                                    ; On                                    ;
; Auto Global Register Control Signals                               ; On                                    ; On                                    ;
; Reserve all unused pins                                            ; As input tri-stated with weak pull-up ; As input tri-stated with weak pull-up ;
; Synchronizer Identification                                        ; Auto                                  ; Auto                                  ;
; Enable Beneficial Skew Optimization                                ; On                                    ; On                                    ;
; Optimize Design for Metastability                                  ; On                                    ; On                                    ;
; Force Fitter to Avoid Periphery Placement Warnings                 ; Off                                   ; Off                                   ;
; Enable input tri-state on active configuration pins in user mode   ; Off                                   ; Off                                   ;
+--------------------------------------------------------------------+---------------------------------------+---------------------------------------+


+------------------------------------------+
; Parallel Compilation                     ;
+----------------------------+-------------+
; Processors                 ; Number      ;
+----------------------------+-------------+
; Number detected on machine ; 12          ;
; Maximum allowed            ; 12          ;
;                            ;             ;
; Average used               ; 1.41        ;
; Maximum used               ; 12          ;
;                            ;             ;
; Usage by Processor         ; % Time Used ;
;     Processor 1            ; 100.0%      ;
;     Processor 2            ;   3.9%      ;
;     Processor 3            ;   3.8%      ;
;     Processor 4            ;   3.8%      ;
;     Processor 5            ;   3.8%      ;
;     Processor 6            ;   3.7%      ;
;     Processor 7            ;   3.7%      ;
;     Processor 8            ;   3.7%      ;
;     Processors 9-12        ;   3.5%      ;
+----------------------------+-------------+


+---------------------------------------------------------------------------------------------------+
; Incremental Compilation Preservation Summary                                                      ;
+---------------------+---------------------+----------------------------+--------------------------+
; Type                ; Total [A + B]       ; From Design Partitions [A] ; From Rapid Recompile [B] ;
+---------------------+---------------------+----------------------------+--------------------------+
; Placement (by node) ;                     ;                            ;                          ;
;     -- Requested    ; 0.00 % ( 0 / 4480 ) ; 0.00 % ( 0 / 4480 )        ; 0.00 % ( 0 / 4480 )      ;
;     -- Achieved     ; 0.00 % ( 0 / 4480 ) ; 0.00 % ( 0 / 4480 )        ; 0.00 % ( 0 / 4480 )      ;
;                     ;                     ;                            ;                          ;
; Routing (by net)    ;                     ;                            ;                          ;
;     -- Requested    ; 0.00 % ( 0 / 0 )    ; 0.00 % ( 0 / 0 )           ; 0.00 % ( 0 / 0 )         ;
;     -- Achieved     ; 0.00 % ( 0 / 0 )    ; 0.00 % ( 0 / 0 )           ; 0.00 % ( 0 / 0 )         ;
+---------------------+---------------------+----------------------------+--------------------------+


+----------------------------------------------------------------------------------------------------------------------------------------------------------------------------------------+
; Incremental Compilation Partition Settings                                                                                                                                             ;
+--------------------------------+----------------+-------------------+-------------------------+------------------------+------------------------------+--------------------------------+
; Partition Name                 ; Partition Type ; Netlist Type Used ; Preservation Level Used ; Netlist Type Requested ; Preservation Level Requested ; Contents                       ;
+--------------------------------+----------------+-------------------+-------------------------+------------------------+------------------------------+--------------------------------+
; Top                            ; User-created   ; Source File       ; N/A                     ; Source File            ; N/A                          ;                                ;
; hard_block:auto_generated_inst ; Auto-generated ; Source File       ; N/A                     ; Source File            ; N/A                          ; hard_block:auto_generated_inst ;
+--------------------------------+----------------+-------------------+-------------------------+------------------------+------------------------------+--------------------------------+


+------------------------------------------------------------------------------------------------------------------------------------+
; Incremental Compilation Placement Preservation                                                                                     ;
+--------------------------------+-----------------------+-------------------------+-------------------+---------------------+-------+
; Partition Name                 ; Preservation Achieved ; Preservation Level Used ; Netlist Type Used ; Preservation Method ; Notes ;
+--------------------------------+-----------------------+-------------------------+-------------------+---------------------+-------+
; Top                            ; 0.00 % ( 0 / 4464 )   ; N/A                     ; Source File       ; N/A                 ;       ;
; hard_block:auto_generated_inst ; 0.00 % ( 0 / 16 )     ; N/A                     ; Source File       ; N/A                 ;       ;
+--------------------------------+-----------------------+-------------------------+-------------------+---------------------+-------+


+--------------+
; Pin-Out File ;
+--------------+
The pin-out file can be found in H:/Mon Drive/2025-2026_polytech_sorbonne/S6/UE-Electronique/VHDL_Comportemental/Projet_mono_multi_cycle/fit/output_files/mono_multi_cycle.pin.


+----------------------------------------------------------------------+
; Fitter Resource Usage Summary                                        ;
+---------------------------------------------+------------------------+
; Resource                                    ; Usage                  ;
+---------------------------------------------+------------------------+
; Total logic elements                        ; 3,158 / 49,760 ( 6 % ) ;
;     -- Combinational with no register       ; 831                    ;
;     -- Register only                        ; 1087                   ;
;     -- Combinational with a register        ; 1240                   ;
;                                             ;                        ;
; Logic element usage by number of LUT inputs ;                        ;
;     -- 4 input functions                    ; 1939                   ;
;     -- 3 input functions                    ; 65                     ;
;     -- <=2 input functions                  ; 67                     ;
;     -- Register only                        ; 1087                   ;
;                                             ;                        ;
; Logic elements by mode                      ;                        ;
;     -- normal mode                          ; 2034                   ;
;     -- arithmetic mode                      ; 37                     ;
;                                             ;                        ;
; Total registers*                            ; 2,327 / 51,509 ( 5 % ) ;
;     -- Dedicated logic registers            ; 2,327 / 49,760 ( 5 % ) ;
;     -- I/O registers                        ; 0 / 1,749 ( 0 % )      ;
;                                             ;                        ;
; Total LABs:  partially or completely used   ; 243 / 3,110 ( 8 % )    ;
; Virtual pins                                ; 0                      ;
; I/O pins                                    ; 31 / 360 ( 9 % )       ;
;     -- Clock pins                           ; 1 / 8 ( 13 % )         ;
;     -- Dedicated input pins                 ; 1 / 1 ( 100 % )        ;
;                                             ;                        ;
; M9Ks                                        ; 0 / 182 ( 0 % )        ;
; UFM blocks                                  ; 0 / 1 ( 0 % )          ;
; ADC blocks                                  ; 0 / 2 ( 0 % )          ;
; Total block memory bits                     ; 0 / 1,677,312 ( 0 % )  ;
; Total block memory implementation bits      ; 0 / 1,677,312 ( 0 % )  ;
; Embedded Multiplier 9-bit elements          ; 0 / 288 ( 0 % )        ;
; PLLs                                        ; 0 / 4 ( 0 % )          ;
; Global signals                              ; 1                      ;
;     -- Global clocks                        ; 1 / 20 ( 5 % )         ;
; JTAGs                                       ; 0 / 1 ( 0 % )          ;
; CRC blocks                                  ; 0 / 1 ( 0 % )          ;
; Remote update blocks                        ; 0 / 1 ( 0 % )          ;
; Oscillator blocks                           ; 0 / 1 ( 0 % )          ;
; Impedance control blocks                    ; 0 / 1 ( 0 % )          ;
; Average interconnect usage (total/H/V)      ; 3.5% / 3.3% / 3.6%     ;
; Peak interconnect usage (total/H/V)         ; 55.2% / 52.0% / 59.9%  ;
; Maximum fan-out                             ; 2327                   ;
; Highest non-global fan-out                  ; 2327                   ;
; Total fan-out                               ; 18525                  ;
; Average fan-out                             ; 3.33                   ;
+---------------------------------------------+------------------------+
*  Register count does not include registers inside RAM blocks or DSP blocks.



+-----------------------------------------------------------------------------------------------------+
; Fitter Partition Statistics                                                                         ;
+---------------------------------------------+----------------------+--------------------------------+
; Statistic                                   ; Top                  ; hard_block:auto_generated_inst ;
+---------------------------------------------+----------------------+--------------------------------+
; Difficulty Clustering Region                ; Low                  ; Low                            ;
;                                             ;                      ;                                ;
; Total logic elements                        ; 3158 / 49760 ( 6 % ) ; 0 / 49760 ( 0 % )              ;
;     -- Combinational with no register       ; 831                  ; 0                              ;
;     -- Register only                        ; 1087                 ; 0                              ;
;     -- Combinational with a register        ; 1240                 ; 0                              ;
;                                             ;                      ;                                ;
; Logic element usage by number of LUT inputs ;                      ;                                ;
;     -- 4 input functions                    ; 1939                 ; 0                              ;
;     -- 3 input functions                    ; 65                   ; 0                              ;
;     -- <=2 input functions                  ; 67                   ; 0                              ;
;     -- Register only                        ; 1087                 ; 0                              ;
;                                             ;                      ;                                ;
; Logic elements by mode                      ;                      ;                                ;
;     -- normal mode                          ; 2034                 ; 0                              ;
;     -- arithmetic mode                      ; 37                   ; 0                              ;
;                                             ;                      ;                                ;
; Total registers                             ; 2327                 ; 0                              ;
;     -- Dedicated logic registers            ; 2327 / 49760 ( 5 % ) ; 0 / 49760 ( 0 % )              ;
;     -- I/O registers                        ; 0                    ; 0                              ;
;                                             ;                      ;                                ;
; Total LABs:  partially or completely used   ; 243 / 3110 ( 8 % )   ; 0 / 3110 ( 0 % )               ;
;                                             ;                      ;                                ;
; Virtual pins                                ; 0                    ; 0                              ;
; I/O pins                                    ; 31                   ; 0                              ;
; Embedded Multiplier 9-bit elements          ; 0 / 288 ( 0 % )      ; 0 / 288 ( 0 % )                ;
; Total memory bits                           ; 0                    ; 0                              ;
; Total RAM block bits                        ; 0                    ; 0                              ;
; Clock control block                         ; 1 / 24 ( 4 % )       ; 0 / 24 ( 0 % )                 ;
; User Flash Memory                           ; 1 / 1 ( 100 % )      ; 0 / 1 ( 0 % )                  ;
; Analog-to-Digital Converter                 ; 2 / 2 ( 100 % )      ; 0 / 2 ( 0 % )                  ;
;                                             ;                      ;                                ;
; Connections                                 ;                      ;                                ;
;     -- Input Connections                    ; 0                    ; 0                              ;
;     -- Registered Input Connections         ; 0                    ; 0                              ;
;     -- Output Connections                   ; 0                    ; 0                              ;
;     -- Registered Output Connections        ; 0                    ; 0                              ;
;                                             ;                      ;                                ;
; Internal Connections                        ;                      ;                                ;
;     -- Total Connections                    ; 18531                ; 8                              ;
;     -- Registered Connections               ; 2832                 ; 0                              ;
;                                             ;                      ;                                ;
; External Connections                        ;                      ;                                ;
;     -- Top                                  ; 0                    ; 0                              ;
;     -- hard_block:auto_generated_inst       ; 0                    ; 0                              ;
;                                             ;                      ;                                ;
; Partition Interface                         ;                      ;                                ;
;     -- Input Ports                          ; 3                    ; 0                              ;
;     -- Output Ports                         ; 28                   ; 0                              ;
;     -- Bidir Ports                          ; 0                    ; 0                              ;
;                                             ;                      ;                                ;
; Registered Ports                            ;                      ;                                ;
;     -- Registered Input Ports               ; 0                    ; 0                              ;
;     -- Registered Output Ports              ; 0                    ; 0                              ;
;                                             ;                      ;                                ;
; Port Connectivity                           ;                      ;                                ;
;     -- Input Ports driven by GND            ; 0                    ; 0                              ;
;     -- Output Ports driven by GND           ; 0                    ; 0                              ;
;     -- Input Ports driven by VCC            ; 0                    ; 0                              ;
;     -- Output Ports driven by VCC           ; 0                    ; 0                              ;
;     -- Input Ports with no Source           ; 0                    ; 0                              ;
;     -- Output Ports with no Source          ; 0                    ; 0                              ;
;     -- Input Ports with no Fanout           ; 0                    ; 0                              ;
;     -- Output Ports with no Fanout          ; 0                    ; 0                              ;
+---------------------------------------------+----------------------+--------------------------------+


+------------------------------------------------------------------------------------------------------------------------------------------------------------------------------------------------------------------------------------------------------------------------------------------+
; Input Pins                                                                                                                                                                                                                                                                               ;
+---------+-------+----------+--------------+--------------+--------------+-----------------------+--------------------+--------+----------------+---------------+-----------------+----------+--------------+--------------+---------------------------+----------------------+-----------+
; Name    ; Pin # ; I/O Bank ; X coordinate ; Y coordinate ; Z coordinate ; Combinational Fan-Out ; Registered Fan-Out ; Global ; Input Register ; Power Up High ; PCI I/O Enabled ; Bus Hold ; Weak Pull Up ; I/O Standard ; Termination Control Block ; Location assigned by ; Slew Rate ;
+---------+-------+----------+--------------+--------------+--------------+-----------------------+--------------------+--------+----------------+---------------+-----------------+----------+--------------+--------------+---------------------------+----------------------+-----------+
; CLK     ; P11   ; 3        ; 34           ; 0            ; 28           ; 2327                  ; 0                  ; yes    ; no             ; no            ; yes             ; no       ; Off          ; 3.3-V LVTTL  ; --                        ; User                 ; 0         ;
; Pol_HEX ; C10   ; 7        ; 51           ; 54           ; 28           ; 28                    ; 0                  ; no     ; no             ; no            ; yes             ; no       ; Off          ; 3.3-V LVTTL  ; --                        ; User                 ; 0         ;
; RST     ; B8    ; 7        ; 46           ; 54           ; 28           ; 2327                  ; 0                  ; no     ; no             ; no            ; yes             ; no       ; Off          ; 3.3-V LVTTL  ; --                        ; User                 ; 0         ;
+---------+-------+----------+--------------+--------------+--------------+-----------------------+--------------------+--------+----------------+---------------+-----------------+----------+--------------+--------------+---------------------------+----------------------+-----------+


+------------------------------------------------------------------------------------------------------------------------------------------------------------------------------------------------------------------------------------------------------------------------------------------------------------------------------------------------------------------------------------------------------------------------------------+
; Output Pins                                                                                                                                                                                                                                                                                                                                                                                                                        ;
+---------+-------+----------+--------------+--------------+--------------+-----------------+------------------------+---------------+-----------+-----------------+------------+---------------+----------+--------------+--------------+------------------+-------------+---------------------------+----------------------------+-----------------------------+----------------------+----------------------+---------------------+
; Name    ; Pin # ; I/O Bank ; X coordinate ; Y coordinate ; Z coordinate ; Output Register ; Output Enable Register ; Power Up High ; Slew Rate ; PCI I/O Enabled ; Open Drain ; TRI Primitive ; Bus Hold ; Weak Pull Up ; I/O Standard ; Current Strength ; Termination ; Termination Control Block ; Output Buffer Pre-emphasis ; Voltage Output Differential ; Location assigned by ; Output Enable Source ; Output Enable Group ;
+---------+-------+----------+--------------+--------------+--------------+-----------------+------------------------+---------------+-----------+-----------------+------------+---------------+----------+--------------+--------------+------------------+-------------+---------------------------+----------------------------+-----------------------------+----------------------+----------------------+---------------------+
; HEX0[0] ; C14   ; 7        ; 58           ; 54           ; 14           ; no              ; no                     ; no            ; 2         ; no              ; no         ; no            ; no       ; Off          ; 3.3-V LVTTL  ; 8mA              ; Off         ; --                        ; no                         ; no                          ; User                 ; -                    ; -                   ;
; HEX0[1] ; E15   ; 7        ; 74           ; 54           ; 7            ; no              ; no                     ; no            ; 2         ; no              ; no         ; no            ; no       ; Off          ; 3.3-V LVTTL  ; 8mA              ; Off         ; --                        ; no                         ; no                          ; User                 ; -                    ; -                   ;
; HEX0[2] ; C15   ; 7        ; 60           ; 54           ; 0            ; no              ; no                     ; no            ; 2         ; no              ; no         ; no            ; no       ; Off          ; 3.3-V LVTTL  ; 8mA              ; Off         ; --                        ; no                         ; no                          ; User                 ; -                    ; -                   ;
; HEX0[3] ; C16   ; 7        ; 62           ; 54           ; 28           ; no              ; no                     ; no            ; 2         ; no              ; no         ; no            ; no       ; Off          ; 3.3-V LVTTL  ; 8mA              ; Off         ; --                        ; no                         ; no                          ; User                 ; -                    ; -                   ;
; HEX0[4] ; E16   ; 7        ; 74           ; 54           ; 0            ; no              ; no                     ; no            ; 2         ; no              ; no         ; no            ; no       ; Off          ; 3.3-V LVTTL  ; 8mA              ; Off         ; --                        ; no                         ; no                          ; User                 ; -                    ; -                   ;
; HEX0[5] ; D17   ; 7        ; 74           ; 54           ; 14           ; no              ; no                     ; no            ; 2         ; no              ; no         ; no            ; no       ; Off          ; 3.3-V LVTTL  ; 8mA              ; Off         ; --                        ; no                         ; no                          ; User                 ; -                    ; -                   ;
; HEX0[6] ; C17   ; 7        ; 74           ; 54           ; 21           ; no              ; no                     ; no            ; 2         ; no              ; no         ; no            ; no       ; Off          ; 3.3-V LVTTL  ; 8mA              ; Off         ; --                        ; no                         ; no                          ; User                 ; -                    ; -                   ;
; HEX1[0] ; C18   ; 7        ; 69           ; 54           ; 21           ; no              ; no                     ; no            ; 2         ; no              ; no         ; no            ; no       ; Off          ; 3.3-V LVTTL  ; 8mA              ; Off         ; --                        ; no                         ; no                          ; User                 ; -                    ; -                   ;
; HEX1[1] ; D18   ; 6        ; 78           ; 49           ; 7            ; no              ; no                     ; no            ; 2         ; no              ; no         ; no            ; no       ; Off          ; 3.3-V LVTTL  ; 8mA              ; Off         ; --                        ; no                         ; no                          ; User                 ; -                    ; -                   ;
; HEX1[2] ; E18   ; 6        ; 78           ; 49           ; 0            ; no              ; no                     ; no            ; 2         ; no              ; no         ; no            ; no       ; Off          ; 3.3-V LVTTL  ; 8mA              ; Off         ; --                        ; no                         ; no                          ; User                 ; -                    ; -                   ;
; HEX1[3] ; B16   ; 7        ; 60           ; 54           ; 7            ; no              ; no                     ; no            ; 2         ; no              ; no         ; no            ; no       ; Off          ; 3.3-V LVTTL  ; 8mA              ; Off         ; --                        ; no                         ; no                          ; User                 ; -                    ; -                   ;
; HEX1[4] ; A17   ; 7        ; 64           ; 54           ; 0            ; no              ; no                     ; no            ; 2         ; no              ; no         ; no            ; no       ; Off          ; 3.3-V LVTTL  ; 8mA              ; Off         ; --                        ; no                         ; no                          ; User                 ; -                    ; -                   ;
; HEX1[5] ; A18   ; 7        ; 66           ; 54           ; 28           ; no              ; no                     ; no            ; 2         ; no              ; no         ; no            ; no       ; Off          ; 3.3-V LVTTL  ; 8mA              ; Off         ; --                        ; no                         ; no                          ; User                 ; -                    ; -                   ;
; HEX1[6] ; B17   ; 7        ; 69           ; 54           ; 28           ; no              ; no                     ; no            ; 2         ; no              ; no         ; no            ; no       ; Off          ; 3.3-V LVTTL  ; 8mA              ; Off         ; --                        ; no                         ; no                          ; User                 ; -                    ; -                   ;
; HEX2[0] ; B20   ; 6        ; 78           ; 44           ; 7            ; no              ; no                     ; no            ; 2         ; no              ; no         ; no            ; no       ; Off          ; 3.3-V LVTTL  ; 8mA              ; Off         ; --                        ; no                         ; no                          ; User                 ; -                    ; -                   ;
; HEX2[1] ; A20   ; 7        ; 66           ; 54           ; 0            ; no              ; no                     ; no            ; 2         ; no              ; no         ; no            ; no       ; Off          ; 3.3-V LVTTL  ; 8mA              ; Off         ; --                        ; no                         ; no                          ; User                 ; -                    ; -                   ;
; HEX2[2] ; B19   ; 7        ; 69           ; 54           ; 14           ; no              ; no                     ; no            ; 2         ; no              ; no         ; no            ; no       ; Off          ; 3.3-V LVTTL  ; 8mA              ; Off         ; --                        ; no                         ; no                          ; User                 ; -                    ; -                   ;
; HEX2[3] ; A21   ; 6        ; 78           ; 44           ; 0            ; no              ; no                     ; no            ; 2         ; no              ; no         ; no            ; no       ; Off          ; 3.3-V LVTTL  ; 8mA              ; Off         ; --                        ; no                         ; no                          ; User                 ; -                    ; -                   ;
; HEX2[4] ; B21   ; 6        ; 78           ; 43           ; 0            ; no              ; no                     ; no            ; 2         ; no              ; no         ; no            ; no       ; Off          ; 3.3-V LVTTL  ; 8mA              ; Off         ; --                        ; no                         ; no                          ; User                 ; -                    ; -                   ;
; HEX2[5] ; C22   ; 6        ; 78           ; 35           ; 0            ; no              ; no                     ; no            ; 2         ; no              ; no         ; no            ; no       ; Off          ; 3.3-V LVTTL  ; 8mA              ; Off         ; --                        ; no                         ; no                          ; User                 ; -                    ; -                   ;
; HEX2[6] ; B22   ; 6        ; 78           ; 43           ; 7            ; no              ; no                     ; no            ; 2         ; no              ; no         ; no            ; no       ; Off          ; 3.3-V LVTTL  ; 8mA              ; Off         ; --                        ; no                         ; no                          ; User                 ; -                    ; -                   ;
; HEX3[0] ; F21   ; 6        ; 78           ; 35           ; 21           ; no              ; no                     ; no            ; 2         ; no              ; no         ; no            ; no       ; Off          ; 3.3-V LVTTL  ; 8mA              ; Off         ; --                        ; no                         ; no                          ; User                 ; -                    ; -                   ;
; HEX3[1] ; E22   ; 6        ; 78           ; 33           ; 7            ; no              ; no                     ; no            ; 2         ; no              ; no         ; no            ; no       ; Off          ; 3.3-V LVTTL  ; 8mA              ; Off         ; --                        ; no                         ; no                          ; User                 ; -                    ; -                   ;
; HEX3[2] ; E21   ; 6        ; 78           ; 33           ; 0            ; no              ; no                     ; no            ; 2         ; no              ; no         ; no            ; no       ; Off          ; 3.3-V LVTTL  ; 8mA              ; Off         ; --                        ; no                         ; no                          ; User                 ; -                    ; -                   ;
; HEX3[3] ; C19   ; 7        ; 69           ; 54           ; 7            ; no              ; no                     ; no            ; 2         ; no              ; no         ; no            ; no       ; Off          ; 3.3-V LVTTL  ; 8mA              ; Off         ; --                        ; no                         ; no                          ; User                 ; -                    ; -                   ;
; HEX3[4] ; C20   ; 6        ; 78           ; 41           ; 7            ; no              ; no                     ; no            ; 2         ; no              ; no         ; no            ; no       ; Off          ; 3.3-V LVTTL  ; 8mA              ; Off         ; --                        ; no                         ; no                          ; User                 ; -                    ; -                   ;
; HEX3[5] ; D19   ; 6        ; 78           ; 41           ; 0            ; no              ; no                     ; no            ; 2         ; no              ; no         ; no            ; no       ; Off          ; 3.3-V LVTTL  ; 8mA              ; Off         ; --                        ; no                         ; no                          ; User                 ; -                    ; -                   ;
; HEX3[6] ; E17   ; 6        ; 78           ; 43           ; 14           ; no              ; no                     ; no            ; 2         ; no              ; no         ; no            ; no       ; Off          ; 3.3-V LVTTL  ; 8mA              ; Off         ; --                        ; no                         ; no                          ; User                 ; -                    ; -                   ;
+---------+-------+----------+--------------+--------------+--------------+-----------------+------------------------+---------------+-----------+-----------------+------------+---------------+----------+--------------+--------------+------------------+-------------+---------------------------+----------------------------+-----------------------------+----------------------+----------------------+---------------------+


+-----------------------------------------------------------------------------------------------------------------------------------------+
; Dual Purpose and Dedicated Pins                                                                                                         ;
+----------+----------------------------------------------------+--------------------------------+---------------------+------------------+
; Location ; Pin Name                                           ; Reserved As                    ; User Signal Name    ; Pin Type         ;
+----------+----------------------------------------------------+--------------------------------+---------------------+------------------+
; H2       ; DIFFIO_RX_L17n, DIFFOUT_L17n, TMS, Low_Speed       ; Reserved as secondary function ; ~ALTERA_TMS~        ; Dual Purpose Pin ;
; G2       ; DIFFIO_RX_L17p, DIFFOUT_L17p, TCK, Low_Speed       ; Reserved as secondary function ; ~ALTERA_TCK~        ; Dual Purpose Pin ;
; L4       ; DIFFIO_RX_L18n, DIFFOUT_L18n, TDI, Low_Speed       ; Reserved as secondary function ; ~ALTERA_TDI~        ; Dual Purpose Pin ;
; M5       ; DIFFIO_RX_L18p, DIFFOUT_L18p, TDO, Low_Speed       ; Reserved as secondary function ; ~ALTERA_TDO~        ; Dual Purpose Pin ;
; H10      ; CONFIG_SEL, Low_Speed                              ; Reserved as secondary function ; ~ALTERA_CONFIG_SEL~ ; Dual Purpose Pin ;
; H9       ; nCONFIG, Low_Speed                                 ; Reserved as secondary function ; ~ALTERA_nCONFIG~    ; Dual Purpose Pin ;
; G9       ; DIFFIO_RX_T50p, DIFFOUT_T50p, nSTATUS, Low_Speed   ; Reserved as secondary function ; ~ALTERA_nSTATUS~    ; Dual Purpose Pin ;
; F8       ; DIFFIO_RX_T50n, DIFFOUT_T50n, CONF_DONE, Low_Speed ; Reserved as secondary function ; ~ALTERA_CONF_DONE~  ; Dual Purpose Pin ;
+----------+----------------------------------------------------+--------------------------------+---------------------+------------------+


+------------------------------------------------------------+
; I/O Bank Usage                                             ;
+----------+------------------+---------------+--------------+
; I/O Bank ; Usage            ; VCCIO Voltage ; VREF Voltage ;
+----------+------------------+---------------+--------------+
; 1A       ; 0 / 16 ( 0 % )   ; 2.5V          ; --           ;
; 1B       ; 4 / 24 ( 17 % )  ; 2.5V          ; --           ;
; 2        ; 0 / 36 ( 0 % )   ; 2.5V          ; --           ;
; 3        ; 1 / 48 ( 2 % )   ; 3.3V          ; --           ;
; 4        ; 0 / 48 ( 0 % )   ; 2.5V          ; --           ;
; 5        ; 0 / 40 ( 0 % )   ; 2.5V          ; --           ;
; 6        ; 13 / 60 ( 22 % ) ; 3.3V          ; --           ;
; 7        ; 17 / 52 ( 33 % ) ; 3.3V          ; --           ;
; 8        ; 4 / 36 ( 11 % )  ; 2.5V          ; --           ;
+----------+------------------+---------------+--------------+


+---------------------------------------------------------------------------------------------------------------------------------------------------------------------------------------+
; All Package Pins                                                                                                                                                                      ;
+----------+------------+----------+------------------------------------------------+--------+-----------------------+---------+------------+-----------------+----------+--------------+
; Location ; Pad Number ; I/O Bank ; Pin Name/Usage                                 ; Dir.   ; I/O Standard          ; Voltage ; I/O Type   ; User Assignment ; Bus Hold ; Weak Pull Up ;
+----------+------------+----------+------------------------------------------------+--------+-----------------------+---------+------------+-----------------+----------+--------------+
; A1       ;            ;          ; GND                                            ; gnd    ;                       ;         ; --         ;                 ; --       ; --           ;
; A2       ; 481        ; 8        ; RESERVED_INPUT_WITH_WEAK_PULLUP                ;        ;                       ;         ; Column I/O ;                 ; no       ; On           ;
; A3       ; 483        ; 8        ; RESERVED_INPUT_WITH_WEAK_PULLUP                ;        ;                       ;         ; Column I/O ;                 ; no       ; On           ;
; A4       ; 475        ; 8        ; RESERVED_INPUT_WITH_WEAK_PULLUP                ;        ;                       ;         ; Column I/O ;                 ; no       ; On           ;
; A5       ; 473        ; 8        ; RESERVED_INPUT_WITH_WEAK_PULLUP                ;        ;                       ;         ; Column I/O ;                 ; no       ; On           ;
; A6       ; 471        ; 8        ; RESERVED_INPUT_WITH_WEAK_PULLUP                ;        ;                       ;         ; Column I/O ;                 ; no       ; On           ;
; A7       ; 445        ; 7        ; RESERVED_INPUT_WITH_WEAK_PULLUP                ;        ;                       ;         ; Column I/O ;                 ; no       ; On           ;
; A8       ; 447        ; 7        ; RESERVED_INPUT_WITH_WEAK_PULLUP                ;        ;                       ;         ; Column I/O ;                 ; no       ; On           ;
; A9       ; 449        ; 7        ; RESERVED_INPUT_WITH_WEAK_PULLUP                ;        ;                       ;         ; Column I/O ;                 ; no       ; On           ;
; A10      ; 439        ; 7        ; RESERVED_INPUT_WITH_WEAK_PULLUP                ;        ;                       ;         ; Column I/O ;                 ; no       ; On           ;
; A11      ; 437        ; 7        ; RESERVED_INPUT_WITH_WEAK_PULLUP                ;        ;                       ;         ; Column I/O ;                 ; no       ; On           ;
; A12      ; 435        ; 7        ; RESERVED_INPUT_WITH_WEAK_PULLUP                ;        ;                       ;         ; Column I/O ;                 ; no       ; On           ;
; A13      ; 433        ; 7        ; RESERVED_INPUT_WITH_WEAK_PULLUP                ;        ;                       ;         ; Column I/O ;                 ; no       ; On           ;
; A14      ; 425        ; 7        ; RESERVED_INPUT_WITH_WEAK_PULLUP                ;        ;                       ;         ; Column I/O ;                 ; no       ; On           ;
; A15      ; 421        ; 7        ; RESERVED_INPUT_WITH_WEAK_PULLUP                ;        ;                       ;         ; Column I/O ;                 ; no       ; On           ;
; A16      ; 419        ; 7        ; RESERVED_INPUT_WITH_WEAK_PULLUP                ;        ;                       ;         ; Column I/O ;                 ; no       ; On           ;
; A17      ; 407        ; 7        ; HEX1[4]                                        ; output ; 3.3-V LVTTL           ;         ; Column I/O ; Y               ; no       ; Off          ;
; A18      ; 405        ; 7        ; HEX1[5]                                        ; output ; 3.3-V LVTTL           ;         ; Column I/O ; Y               ; no       ; Off          ;
; A19      ; 403        ; 7        ; RESERVED_INPUT_WITH_WEAK_PULLUP                ;        ;                       ;         ; Column I/O ;                 ; no       ; On           ;
; A20      ; 401        ; 7        ; HEX2[1]                                        ; output ; 3.3-V LVTTL           ;         ; Column I/O ; Y               ; no       ; Off          ;
; A21      ; 371        ; 6        ; HEX2[3]                                        ; output ; 3.3-V LVTTL           ;         ; Row I/O    ; Y               ; no       ; Off          ;
; A22      ;            ;          ; GND                                            ; gnd    ;                       ;         ; --         ;                 ; --       ; --           ;
; AA1      ; 133        ; 3        ; RESERVED_INPUT_WITH_WEAK_PULLUP                ;        ;                       ;         ; Column I/O ;                 ; no       ; On           ;
; AA2      ; 135        ; 3        ; RESERVED_INPUT_WITH_WEAK_PULLUP                ;        ;                       ;         ; Column I/O ;                 ; no       ; On           ;
; AA3      ; 153        ; 3        ; RESERVED_INPUT_WITH_WEAK_PULLUP                ;        ;                       ;         ; Column I/O ;                 ; --       ; --           ;
; AA4      ;            ;          ; GND                                            ; gnd    ;                       ;         ; --         ;                 ; --       ; --           ;
; AA5      ; 157        ; 3        ; RESERVED_INPUT_WITH_WEAK_PULLUP                ;        ;                       ;         ; Column I/O ;                 ; no       ; On           ;
; AA6      ; 156        ; 3        ; RESERVED_INPUT_WITH_WEAK_PULLUP                ;        ;                       ;         ; Column I/O ;                 ; no       ; On           ;
; AA7      ; 158        ; 3        ; RESERVED_INPUT_WITH_WEAK_PULLUP                ;        ;                       ;         ; Column I/O ;                 ; no       ; On           ;
; AA8      ; 165        ; 3        ; RESERVED_INPUT_WITH_WEAK_PULLUP                ;        ;                       ;         ; Column I/O ;                 ; no       ; On           ;
; AA9      ; 169        ; 3        ; RESERVED_INPUT_WITH_WEAK_PULLUP                ;        ;                       ;         ; Column I/O ;                 ; no       ; On           ;
; AA10     ; 170        ; 3        ; RESERVED_INPUT_WITH_WEAK_PULLUP                ;        ;                       ;         ; Column I/O ;                 ; no       ; On           ;
; AA11     ; 180        ; 4        ; RESERVED_INPUT_WITH_WEAK_PULLUP                ;        ;                       ;         ; Column I/O ;                 ; no       ; On           ;
; AA12     ; 182        ; 4        ; RESERVED_INPUT_WITH_WEAK_PULLUP                ;        ;                       ;         ; Column I/O ;                 ; no       ; On           ;
; AA13     ; 197        ; 4        ; RESERVED_INPUT_WITH_WEAK_PULLUP                ;        ;                       ;         ; Column I/O ;                 ; --       ; --           ;
; AA14     ; 201        ; 4        ; RESERVED_INPUT_WITH_WEAK_PULLUP                ;        ;                       ;         ; Column I/O ;                 ; no       ; On           ;
; AA15     ; 205        ; 4        ; RESERVED_INPUT_WITH_WEAK_PULLUP                ;        ;                       ;         ; Column I/O ;                 ; no       ; On           ;
; AA16     ; 211        ; 4        ; RESERVED_INPUT_WITH_WEAK_PULLUP                ;        ;                       ;         ; Column I/O ;                 ; no       ; On           ;
; AA17     ; 212        ; 4        ; RESERVED_INPUT_WITH_WEAK_PULLUP                ;        ;                       ;         ; Column I/O ;                 ; no       ; On           ;
; AA18     ;            ;          ; GND                                            ; gnd    ;                       ;         ; --         ;                 ; --       ; --           ;
; AA19     ; 217        ; 4        ; RESERVED_INPUT_WITH_WEAK_PULLUP                ;        ;                       ;         ; Column I/O ;                 ; no       ; On           ;
; AA20     ; 227        ; 4        ; RESERVED_INPUT_WITH_WEAK_PULLUP                ;        ;                       ;         ; Column I/O ;                 ; no       ; On           ;
; AA21     ; 245        ; 5        ; RESERVED_INPUT_WITH_WEAK_PULLUP                ;        ;                       ;         ; Row I/O    ;                 ; no       ; On           ;
; AA22     ; 247        ; 5        ; RESERVED_INPUT_WITH_WEAK_PULLUP                ;        ;                       ;         ; Row I/O    ;                 ; no       ; On           ;
; AB1      ;            ;          ; GND                                            ; gnd    ;                       ;         ; --         ;                 ; --       ; --           ;
; AB2      ; 145        ; 3        ; RESERVED_INPUT_WITH_WEAK_PULLUP                ;        ;                       ;         ; Column I/O ;                 ; no       ; On           ;
; AB3      ; 147        ; 3        ; RESERVED_INPUT_WITH_WEAK_PULLUP                ;        ;                       ;         ; Column I/O ;                 ; no       ; On           ;
; AB4      ; 155        ; 3        ; RESERVED_INPUT_WITH_WEAK_PULLUP                ;        ;                       ;         ; Column I/O ;                 ; no       ; On           ;
; AB5      ; 159        ; 3        ; RESERVED_INPUT_WITH_WEAK_PULLUP                ;        ;                       ;         ; Column I/O ;                 ; no       ; On           ;
; AB6      ; 161        ; 3        ; RESERVED_INPUT_WITH_WEAK_PULLUP                ;        ;                       ;         ; Column I/O ;                 ; no       ; On           ;
; AB7      ; 163        ; 3        ; RESERVED_INPUT_WITH_WEAK_PULLUP                ;        ;                       ;         ; Column I/O ;                 ; no       ; On           ;
; AB8      ; 167        ; 3        ; RESERVED_INPUT_WITH_WEAK_PULLUP                ;        ;                       ;         ; Column I/O ;                 ; no       ; On           ;
; AB9      ; 171        ; 3        ; RESERVED_INPUT_WITH_WEAK_PULLUP                ;        ;                       ;         ; Column I/O ;                 ; no       ; On           ;
; AB10     ; 177        ; 4        ; RESERVED_INPUT_WITH_WEAK_PULLUP                ;        ;                       ;         ; Column I/O ;                 ; no       ; On           ;
; AB11     ; 179        ; 4        ; RESERVED_INPUT_WITH_WEAK_PULLUP                ;        ;                       ;         ; Column I/O ;                 ; no       ; On           ;
; AB12     ; 181        ; 4        ; RESERVED_INPUT_WITH_WEAK_PULLUP                ;        ;                       ;         ; Column I/O ;                 ; no       ; On           ;
; AB13     ; 183        ; 4        ; RESERVED_INPUT_WITH_WEAK_PULLUP                ;        ;                       ;         ; Column I/O ;                 ; no       ; On           ;
; AB14     ; 199        ; 4        ; RESERVED_INPUT_WITH_WEAK_PULLUP                ;        ;                       ;         ; Column I/O ;                 ; no       ; On           ;
; AB15     ; 203        ; 4        ; RESERVED_INPUT_WITH_WEAK_PULLUP                ;        ;                       ;         ; Column I/O ;                 ; no       ; On           ;
; AB16     ; 209        ; 4        ; RESERVED_INPUT_WITH_WEAK_PULLUP                ;        ;                       ;         ; Column I/O ;                 ; no       ; On           ;
; AB17     ; 241        ; 4        ; RESERVED_INPUT_WITH_WEAK_PULLUP                ;        ;                       ;         ; Column I/O ;                 ; no       ; On           ;
; AB18     ; 243        ; 4        ; RESERVED_INPUT_WITH_WEAK_PULLUP                ;        ;                       ;         ; Column I/O ;                 ; no       ; On           ;
; AB19     ; 213        ; 4        ; RESERVED_INPUT_WITH_WEAK_PULLUP                ;        ;                       ;         ; Column I/O ;                 ; no       ; On           ;
; AB20     ; 215        ; 4        ; RESERVED_INPUT_WITH_WEAK_PULLUP                ;        ;                       ;         ; Column I/O ;                 ; no       ; On           ;
; AB21     ; 225        ; 4        ; RESERVED_INPUT_WITH_WEAK_PULLUP                ;        ;                       ;         ; Column I/O ;                 ; no       ; On           ;
; AB22     ;            ;          ; GND                                            ; gnd    ;                       ;         ; --         ;                 ; --       ; --           ;
; B1       ; 495        ; 8        ; RESERVED_INPUT_WITH_WEAK_PULLUP                ;        ;                       ;         ; Column I/O ;                 ; no       ; On           ;
; B2       ; 493        ; 8        ; RESERVED_INPUT_WITH_WEAK_PULLUP                ;        ;                       ;         ; Column I/O ;                 ; no       ; On           ;
; B3       ; 484        ; 8        ; RESERVED_INPUT_WITH_WEAK_PULLUP                ;        ;                       ;         ; Column I/O ;                 ; no       ; On           ;
; B4       ; 486        ; 8        ; RESERVED_INPUT_WITH_WEAK_PULLUP                ;        ;                       ;         ; Column I/O ;                 ; no       ; On           ;
; B5       ; 485        ; 8        ; RESERVED_INPUT_WITH_WEAK_PULLUP                ;        ;                       ;         ; Column I/O ;                 ; no       ; On           ;
; B6       ;            ;          ; GND                                            ; gnd    ;                       ;         ; --         ;                 ; --       ; --           ;
; B7       ; 469        ; 8        ; RESERVED_INPUT_WITH_WEAK_PULLUP                ;        ;                       ;         ; Column I/O ;                 ; no       ; On           ;
; B8       ; 451        ; 7        ; RST                                            ; input  ; 3.3-V LVTTL           ;         ; Column I/O ; Y               ; no       ; Off          ;
; B9       ;            ;          ; GND                                            ; gnd    ;                       ;         ; --         ;                 ; --       ; --           ;
; B10      ; 448        ; 7        ; RESERVED_INPUT_WITH_WEAK_PULLUP                ;        ;                       ;         ; Column I/O ;                 ; no       ; On           ;
; B11      ; 443        ; 7        ; RESERVED_INPUT_WITH_WEAK_PULLUP                ;        ;                       ;         ; Column I/O ;                 ; no       ; On           ;
; B12      ; 441        ; 7        ; RESERVED_INPUT_WITH_WEAK_PULLUP                ;        ;                       ;         ; Column I/O ;                 ; no       ; On           ;
; B13      ;            ;          ; GND                                            ; gnd    ;                       ;         ; --         ;                 ; --       ; --           ;
; B14      ; 427        ; 7        ; RESERVED_INPUT_WITH_WEAK_PULLUP                ;        ;                       ;         ; Column I/O ;                 ; no       ; On           ;
; B15      ; 423        ; 7        ; RESERVED_INPUT_WITH_WEAK_PULLUP                ;        ;                       ;         ; Column I/O ;                 ; --       ; --           ;
; B16      ; 417        ; 7        ; HEX1[3]                                        ; output ; 3.3-V LVTTL           ;         ; Column I/O ; Y               ; no       ; Off          ;
; B17      ; 402        ; 7        ; HEX1[6]                                        ; output ; 3.3-V LVTTL           ;         ; Column I/O ; Y               ; no       ; Off          ;
; B18      ;            ;          ; GND                                            ; gnd    ;                       ;         ; --         ;                 ; --       ; --           ;
; B19      ; 399        ; 7        ; HEX2[2]                                        ; output ; 3.3-V LVTTL           ;         ; Column I/O ; Y               ; no       ; Off          ;
; B20      ; 369        ; 6        ; HEX2[0]                                        ; output ; 3.3-V LVTTL           ;         ; Row I/O    ; Y               ; no       ; Off          ;
; B21      ; 367        ; 6        ; HEX2[4]                                        ; output ; 3.3-V LVTTL           ;         ; Row I/O    ; Y               ; no       ; Off          ;
; B22      ; 365        ; 6        ; HEX2[6]                                        ; output ; 3.3-V LVTTL           ;         ; Row I/O    ; Y               ; no       ; Off          ;
; C1       ; 33         ; 1B       ; RESERVED_INPUT_WITH_WEAK_PULLUP                ;        ;                       ;         ; Row I/O    ;                 ; --       ; --           ;
; C2       ; 499        ; 8        ; RESERVED_INPUT_WITH_WEAK_PULLUP                ;        ;                       ;         ; Column I/O ;                 ; no       ; On           ;
; C3       ; 497        ; 8        ; RESERVED_INPUT_WITH_WEAK_PULLUP                ;        ;                       ;         ; Column I/O ;                 ; no       ; On           ;
; C4       ; 487        ; 8        ; RESERVED_INPUT_WITH_WEAK_PULLUP                ;        ;                       ;         ; Column I/O ;                 ; no       ; On           ;
; C5       ; 489        ; 8        ; RESERVED_INPUT_WITH_WEAK_PULLUP                ;        ;                       ;         ; Column I/O ;                 ; no       ; On           ;
; C6       ; 477        ; 8        ; RESERVED_INPUT_WITH_WEAK_PULLUP                ;        ;                       ;         ; Column I/O ;                 ; no       ; On           ;
; C7       ; 467        ; 8        ; RESERVED_INPUT_WITH_WEAK_PULLUP                ;        ;                       ;         ; Column I/O ;                 ; no       ; On           ;
; C8       ; 465        ; 8        ; RESERVED_INPUT_WITH_WEAK_PULLUP                ;        ;                       ;         ; Column I/O ;                 ; no       ; On           ;
; C9       ; 450        ; 7        ; RESERVED_INPUT_WITH_WEAK_PULLUP                ;        ;                       ;         ; Column I/O ;                 ; no       ; On           ;
; C10      ; 442        ; 7        ; Pol_HEX                                        ; input  ; 3.3-V LVTTL           ;         ; Column I/O ; Y               ; no       ; Off          ;
; C11      ; 440        ; 7        ; RESERVED_INPUT_WITH_WEAK_PULLUP                ;        ;                       ;         ; Column I/O ;                 ; no       ; On           ;
; C12      ; 436        ; 7        ; RESERVED_INPUT_WITH_WEAK_PULLUP                ;        ;                       ;         ; Column I/O ;                 ; no       ; On           ;
; C13      ; 426        ; 7        ; RESERVED_INPUT_WITH_WEAK_PULLUP                ;        ;                       ;         ; Column I/O ;                 ; no       ; On           ;
; C14      ; 424        ; 7        ; HEX0[0]                                        ; output ; 3.3-V LVTTL           ;         ; Column I/O ; Y               ; no       ; Off          ;
; C15      ; 418        ; 7        ; HEX0[2]                                        ; output ; 3.3-V LVTTL           ;         ; Column I/O ; Y               ; no       ; Off          ;
; C16      ; 416        ; 7        ; HEX0[3]                                        ; output ; 3.3-V LVTTL           ;         ; Column I/O ; Y               ; no       ; Off          ;
; C17      ; 391        ; 7        ; HEX0[6]                                        ; output ; 3.3-V LVTTL           ;         ; Column I/O ; Y               ; no       ; Off          ;
; C18      ; 400        ; 7        ; HEX1[0]                                        ; output ; 3.3-V LVTTL           ;         ; Column I/O ; Y               ; no       ; Off          ;
; C19      ; 397        ; 7        ; HEX3[3]                                        ; output ; 3.3-V LVTTL           ;         ; Column I/O ; Y               ; no       ; Off          ;
; C20      ; 357        ; 6        ; HEX3[4]                                        ; output ; 3.3-V LVTTL           ;         ; Row I/O    ; Y               ; no       ; Off          ;
; C21      ; 347        ; 6        ; RESERVED_INPUT_WITH_WEAK_PULLUP                ;        ;                       ;         ; Row I/O    ;                 ; no       ; On           ;
; C22      ; 343        ; 6        ; HEX2[5]                                        ; output ; 3.3-V LVTTL           ;         ; Row I/O    ; Y               ; no       ; Off          ;
; D1       ; 35         ; 1B       ; RESERVED_INPUT_WITH_WEAK_PULLUP                ;        ;                       ;         ; Row I/O    ;                 ; no       ; On           ;
; D2       ; 31         ; 1B       ; RESERVED_INPUT_WITH_WEAK_PULLUP                ;        ;                       ;         ; Row I/O    ;                 ; no       ; On           ;
; D3       ; 29         ; 1B       ; RESERVED_INPUT_WITH_WEAK_PULLUP                ;        ;                       ;         ; Row I/O    ;                 ; no       ; On           ;
; D4       ;            ;          ; GND                                            ; gnd    ;                       ;         ; --         ;                 ; --       ; --           ;
; D5       ; 491        ; 8        ; RESERVED_INPUT_WITH_WEAK_PULLUP                ;        ;                       ;         ; Column I/O ;                 ; no       ; On           ;
; D6       ; 496        ; 8        ; RESERVED_INPUT_WITH_WEAK_PULLUP                ;        ;                       ;         ; Column I/O ;                 ; no       ; On           ;
; D7       ; 479        ; 8        ; RESERVED_INPUT_WITH_WEAK_PULLUP                ;        ;                       ;         ; Column I/O ;                 ; --       ; --           ;
; D8       ; 472        ; 8        ; RESERVED_INPUT_WITH_WEAK_PULLUP                ;        ;                       ;         ; Column I/O ;                 ; no       ; On           ;
; D9       ; 474        ; 8        ; RESERVED_INPUT_WITH_WEAK_PULLUP                ;        ;                       ;         ; Column I/O ;                 ; no       ; On           ;
; D10      ; 476        ; 8        ; RESERVED_INPUT_WITH_WEAK_PULLUP                ;        ;                       ;         ; Column I/O ;                 ; no       ; On           ;
; D11      ;            ;          ; GND                                            ; gnd    ;                       ;         ; --         ;                 ; --       ; --           ;
; D12      ; 438        ; 7        ; RESERVED_INPUT_WITH_WEAK_PULLUP                ;        ;                       ;         ; Column I/O ;                 ; no       ; On           ;
; D13      ; 431        ; 7        ; RESERVED_INPUT_WITH_WEAK_PULLUP                ;        ;                       ;         ; Column I/O ;                 ; no       ; On           ;
; D14      ; 428        ; 7        ; RESERVED_INPUT_WITH_WEAK_PULLUP                ;        ;                       ;         ; Column I/O ;                 ; no       ; On           ;
; D15      ; 404        ; 7        ; RESERVED_INPUT_WITH_WEAK_PULLUP                ;        ;                       ;         ; Column I/O ;                 ; no       ; On           ;
; D16      ;            ;          ; GND                                            ; gnd    ;                       ;         ; --         ;                 ; --       ; --           ;
; D17      ; 389        ; 7        ; HEX0[5]                                        ; output ; 3.3-V LVTTL           ;         ; Column I/O ; Y               ; no       ; Off          ;
; D18      ; 385        ; 6        ; HEX1[1]                                        ; output ; 3.3-V LVTTL           ;         ; Row I/O    ; Y               ; no       ; Off          ;
; D19      ; 359        ; 6        ; HEX3[5]                                        ; output ; 3.3-V LVTTL           ;         ; Row I/O    ; Y               ; no       ; Off          ;
; D20      ;            ;          ; GND                                            ; gnd    ;                       ;         ; --         ;                 ; --       ; --           ;
; D21      ; 345        ; 6        ; RESERVED_INPUT_WITH_WEAK_PULLUP                ;        ;                       ;         ; Row I/O    ;                 ; --       ; --           ;
; D22      ; 341        ; 6        ; RESERVED_INPUT_WITH_WEAK_PULLUP                ;        ;                       ;         ; Row I/O    ;                 ; no       ; On           ;
; E1       ; 41         ; 1B       ; RESERVED_INPUT_WITH_WEAK_PULLUP                ;        ;                       ;         ; Row I/O    ;                 ; no       ; On           ;
; E2       ;            ;          ; GND                                            ; gnd    ;                       ;         ; --         ;                 ; --       ; --           ;
; E3       ; 3          ; 1A       ; RESERVED_INPUT_WITH_WEAK_PULLUP                ;        ;                       ;         ; Row I/O    ;                 ; no       ; On           ;
; E4       ; 1          ; 1A       ; RESERVED_INPUT_WITH_WEAK_PULLUP                ;        ;                       ;         ; Row I/O    ;                 ; no       ; On           ;
; E5       ;            ;          ; NC                                             ;        ;                       ;         ; --         ;                 ; --       ; --           ;
; E6       ; 498        ; 8        ; RESERVED_INPUT_WITH_WEAK_PULLUP                ;        ;                       ;         ; Column I/O ;                 ; no       ; On           ;
; E7       ;            ;          ; GND                                            ; gnd    ;                       ;         ; --         ;                 ; --       ; --           ;
; E8       ; 488        ; 8        ; RESERVED_INPUT_WITH_WEAK_PULLUP                ;        ;                       ;         ; Column I/O ;                 ; no       ; On           ;
; E9       ; 478        ; 8        ; RESERVED_INPUT_WITH_WEAK_PULLUP                ;        ;                       ;         ; Column I/O ;                 ; no       ; On           ;
; E10      ; 466        ; 8        ; RESERVED_INPUT_WITH_WEAK_PULLUP                ;        ;                       ;         ; Column I/O ;                 ; no       ; On           ;
; E11      ; 464        ; 8        ; RESERVED_INPUT_WITH_WEAK_PULLUP                ;        ;                       ;         ; Column I/O ;                 ; no       ; On           ;
; E12      ; 429        ; 7        ; RESERVED_INPUT_WITH_WEAK_PULLUP                ;        ;                       ;         ; Column I/O ;                 ; no       ; On           ;
; E13      ; 430        ; 7        ; RESERVED_INPUT_WITH_WEAK_PULLUP                ;        ;                       ;         ; Column I/O ;                 ; no       ; On           ;
; E14      ; 406        ; 7        ; RESERVED_INPUT_WITH_WEAK_PULLUP                ;        ;                       ;         ; Column I/O ;                 ; no       ; On           ;
; E15      ; 390        ; 7        ; HEX0[1]                                        ; output ; 3.3-V LVTTL           ;         ; Column I/O ; Y               ; no       ; Off          ;
; E16      ; 388        ; 7        ; HEX0[4]                                        ; output ; 3.3-V LVTTL           ;         ; Column I/O ; Y               ; no       ; Off          ;
; E17      ; 366        ; 6        ; HEX3[6]                                        ; output ; 3.3-V LVTTL           ;         ; Row I/O    ; Y               ; no       ; Off          ;
; E18      ; 387        ; 6        ; HEX1[2]                                        ; output ; 3.3-V LVTTL           ;         ; Row I/O    ; Y               ; no       ; Off          ;
; E19      ; 352        ; 6        ; RESERVED_INPUT_WITH_WEAK_PULLUP                ;        ;                       ;         ; Row I/O    ;                 ; no       ; On           ;
; E20      ; 355        ; 6        ; RESERVED_INPUT_WITH_WEAK_PULLUP                ;        ;                       ;         ; Row I/O    ;                 ; no       ; On           ;
; E21      ; 335        ; 6        ; HEX3[2]                                        ; output ; 3.3-V LVTTL           ;         ; Row I/O    ; Y               ; no       ; Off          ;
; E22      ; 333        ; 6        ; HEX3[1]                                        ; output ; 3.3-V LVTTL           ;         ; Row I/O    ; Y               ; no       ; Off          ;
; F1       ; 47         ; 1B       ; RESERVED_INPUT_WITH_WEAK_PULLUP                ;        ;                       ;         ; Row I/O    ;                 ; no       ; On           ;
; F2       ; 43         ; 1B       ; RESERVED_INPUT_WITH_WEAK_PULLUP                ;        ;                       ;         ; Row I/O    ;                 ; no       ; On           ;
; F3       ; 7          ; 1A       ; RESERVED_INPUT_WITH_WEAK_PULLUP                ;        ;                       ;         ; Row I/O    ;                 ; no       ; On           ;
; F4       ; 2          ; 1A       ; RESERVED_INPUT_WITH_WEAK_PULLUP                ;        ;                       ;         ; Row I/O    ;                 ; no       ; On           ;
; F5       ; 0          ; 1A       ; RESERVED_INPUT_WITH_WEAK_PULLUP                ;        ;                       ;         ; Row I/O    ;                 ; no       ; On           ;
; F6       ;            ;          ; NC                                             ;        ;                       ;         ; --         ;                 ; --       ; --           ;
; F7       ; 490        ; 8        ; RESERVED_INPUT_WITH_WEAK_PULLUP                ;        ;                       ;         ; Column I/O ;                 ; no       ; On           ;
; F8       ; 494        ; 8        ; ~ALTERA_CONF_DONE~ / RESERVED_INPUT            ; input  ; 2.5 V Schmitt Trigger ;         ; Column I/O ; N               ; no       ; Off          ;
; F9       ;            ; 8        ; VCCIO8                                         ; power  ;                       ; 2.5V    ; --         ;                 ; --       ; --           ;
; F10      ;            ;          ; GND                                            ; gnd    ;                       ;         ; --         ;                 ; --       ; --           ;
; F11      ;            ; 8        ; VCCIO8                                         ; power  ;                       ; 2.5V    ; --         ;                 ; --       ; --           ;
; F12      ;            ; 7        ; VCCIO7                                         ; power  ;                       ; 3.3V    ; --         ;                 ; --       ; --           ;
; F13      ;            ;          ; GND                                            ; gnd    ;                       ;         ; --         ;                 ; --       ; --           ;
; F14      ;            ; 7        ; VCCIO7                                         ; power  ;                       ; 3.3V    ; --         ;                 ; --       ; --           ;
; F15      ; 398        ; 7        ; RESERVED_INPUT_WITH_WEAK_PULLUP                ;        ;                       ;         ; Column I/O ;                 ; no       ; On           ;
; F16      ; 396        ; 7        ; RESERVED_INPUT_WITH_WEAK_PULLUP                ;        ;                       ;         ; Column I/O ;                 ; no       ; On           ;
; F17      ; 364        ; 6        ; RESERVED_INPUT_WITH_WEAK_PULLUP                ;        ;                       ;         ; Row I/O    ;                 ; no       ; On           ;
; F18      ; 354        ; 6        ; RESERVED_INPUT_WITH_WEAK_PULLUP                ;        ;                       ;         ; Row I/O    ;                 ; no       ; On           ;
; F19      ; 353        ; 6        ; RESERVED_INPUT_WITH_WEAK_PULLUP                ;        ;                       ;         ; Row I/O    ;                 ; no       ; On           ;
; F20      ; 342        ; 6        ; RESERVED_INPUT_WITH_WEAK_PULLUP                ;        ;                       ;         ; Row I/O    ;                 ; no       ; On           ;
; F21      ; 340        ; 6        ; HEX3[0]                                        ; output ; 3.3-V LVTTL           ;         ; Row I/O    ; Y               ; no       ; Off          ;
; F22      ; 331        ; 6        ; RESERVED_INPUT_WITH_WEAK_PULLUP                ;        ;                       ;         ; Row I/O    ;                 ; no       ; On           ;
; G1       ; 45         ; 1B       ; RESERVED_INPUT_WITH_WEAK_PULLUP                ;        ;                       ;         ; Row I/O    ;                 ; no       ; On           ;
; G2       ; 34         ; 1B       ; ~ALTERA_TCK~ / RESERVED_INPUT                  ; input  ; 2.5 V Schmitt Trigger ;         ; Row I/O    ; N               ; no       ; Off          ;
; G3       ; 11         ; 1A       ; RESERVED_INPUT_WITH_WEAK_PULLUP                ;        ;                       ;         ; Row I/O    ;                 ; no       ; On           ;
; G4       ; 5          ; 1A       ; RESERVED_INPUT_WITH_WEAK_PULLUP                ;        ;                       ;         ; Row I/O    ;                 ; no       ; On           ;
; G5       ;            ;          ; ANAIN1                                         ;        ;                       ;         ; --         ;                 ; --       ; --           ;
; G6       ;            ;          ; GND                                            ; gnd    ;                       ;         ; --         ;                 ; --       ; --           ;
; G7       ;            ;          ; VCCD_PLL3                                      ; power  ;                       ; 1.2V    ; --         ;                 ; --       ; --           ;
; G8       ;            ;          ; GND                                            ; gnd    ;                       ;         ; --         ;                 ; --       ; --           ;
; G9       ; 492        ; 8        ; ~ALTERA_nSTATUS~ / RESERVED_INPUT              ; input  ; 2.5 V Schmitt Trigger ;         ; Column I/O ; N               ; no       ; Off          ;
; G10      ;            ; 8        ; VCCIO8                                         ; power  ;                       ; 2.5V    ; --         ;                 ; --       ; --           ;
; G11      ;            ; 8        ; VCCIO8                                         ; power  ;                       ; 2.5V    ; --         ;                 ; --       ; --           ;
; G12      ;            ; 7        ; VCCIO7                                         ; power  ;                       ; 3.3V    ; --         ;                 ; --       ; --           ;
; G13      ;            ; 7        ; VCCIO7                                         ; power  ;                       ; 3.3V    ; --         ;                 ; --       ; --           ;
; G14      ;            ; 7        ; VCCIO7                                         ; power  ;                       ; 3.3V    ; --         ;                 ; --       ; --           ;
; G15      ;            ;          ; GND                                            ; gnd    ;                       ;         ; --         ;                 ; --       ; --           ;
; G16      ;            ;          ; VCCD_PLL2                                      ; power  ;                       ; 1.2V    ; --         ;                 ; --       ; --           ;
; G17      ; 386        ; 6        ; RESERVED_INPUT_WITH_WEAK_PULLUP                ;        ;                       ;         ; Row I/O    ;                 ; no       ; On           ;
; G18      ;            ;          ; GND                                            ; gnd    ;                       ;         ; --         ;                 ; --       ; --           ;
; G19      ; 330        ; 6        ; RESERVED_INPUT_WITH_WEAK_PULLUP                ;        ;                       ;         ; Row I/O    ;                 ; no       ; On           ;
; G20      ; 328        ; 6        ; RESERVED_INPUT_WITH_WEAK_PULLUP                ;        ;                       ;         ; Row I/O    ;                 ; no       ; On           ;
; G21      ;            ;          ; GND                                            ; gnd    ;                       ;         ; --         ;                 ; --       ; --           ;
; G22      ; 329        ; 6        ; RESERVED_INPUT_WITH_WEAK_PULLUP                ;        ;                       ;         ; Row I/O    ;                 ; no       ; On           ;
; H1       ; 44         ; 1B       ; RESERVED_INPUT_WITH_WEAK_PULLUP                ;        ;                       ;         ; Row I/O    ;                 ; no       ; On           ;
; H2       ; 32         ; 1B       ; ~ALTERA_TMS~ / RESERVED_INPUT_WITH_WEAK_PULLUP ; input  ; 2.5 V Schmitt Trigger ;         ; Row I/O    ; N               ; no       ; On           ;
; H3       ; 10         ; 1A       ; RESERVED_INPUT_WITH_WEAK_PULLUP                ;        ;                       ;         ; Row I/O    ;                 ; no       ; On           ;
; H4       ; 9          ; 1A       ; RESERVED_INPUT_WITH_WEAK_PULLUP                ;        ;                       ;         ; Row I/O    ;                 ; no       ; On           ;
; H5       ;            ;          ; REFGND                                         ;        ;                       ;         ; --         ;                 ; --       ; --           ;
; H6       ;            ;          ; ADC_VREF                                       ;        ;                       ;         ; --         ;                 ; --       ; --           ;
; H7       ;            ; --       ; VCCA_ADC                                       ; power  ;                       ; 2.5V    ; --         ;                 ; --       ; --           ;
; H8       ;            ; --       ; VCCA3                                          ; power  ;                       ; 2.5V    ; --         ;                 ; --       ; --           ;
; H9       ; 482        ; 8        ; ~ALTERA_nCONFIG~ / RESERVED_INPUT              ; input  ; 2.5 V Schmitt Trigger ;         ; Column I/O ; N               ; no       ; Off          ;
; H10      ; 480        ; 8        ; ~ALTERA_CONFIG_SEL~ / RESERVED_INPUT           ; input  ; 2.5 V                 ;         ; Column I/O ; N               ; no       ; Off          ;
; H11      ; 470        ; 8        ; RESERVED_INPUT_WITH_WEAK_PULLUP                ;        ;                       ;         ; Column I/O ;                 ; no       ; On           ;
; H12      ; 444        ; 7        ; RESERVED_INPUT_WITH_WEAK_PULLUP                ;        ;                       ;         ; Column I/O ;                 ; no       ; On           ;
; H13      ; 432        ; 7        ; RESERVED_INPUT_WITH_WEAK_PULLUP                ;        ;                       ;         ; Column I/O ;                 ; no       ; On           ;
; H14      ; 420        ; 7        ; RESERVED_INPUT_WITH_WEAK_PULLUP                ;        ;                       ;         ; Column I/O ;                 ; no       ; On           ;
; H15      ;            ; --       ; VCCA2                                          ; power  ;                       ; 2.5V    ; --         ;                 ; --       ; --           ;
; H16      ;            ; 6        ; VCCIO6                                         ; power  ;                       ; 3.3V    ; --         ;                 ; --       ; --           ;
; H17      ; 384        ; 6        ; RESERVED_INPUT_WITH_WEAK_PULLUP                ;        ;                       ;         ; Row I/O    ;                 ; no       ; On           ;
; H18      ; 374        ; 6        ; RESERVED_INPUT_WITH_WEAK_PULLUP                ;        ;                       ;         ; Row I/O    ;                 ; no       ; On           ;
; H19      ; 372        ; 6        ; RESERVED_INPUT_WITH_WEAK_PULLUP                ;        ;                       ;         ; Row I/O    ;                 ; no       ; On           ;
; H20      ; 375        ; 6        ; RESERVED_INPUT_WITH_WEAK_PULLUP                ;        ;                       ;         ; Row I/O    ;                 ; no       ; On           ;
; H21      ; 323        ; 6        ; RESERVED_INPUT_WITH_WEAK_PULLUP                ;        ;                       ;         ; Row I/O    ;                 ; no       ; On           ;
; H22      ; 321        ; 6        ; RESERVED_INPUT_WITH_WEAK_PULLUP                ;        ;                       ;         ; Row I/O    ;                 ; no       ; On           ;
; J1       ; 46         ; 1B       ; RESERVED_INPUT_WITH_WEAK_PULLUP                ;        ;                       ;         ; Row I/O    ;                 ; no       ; On           ;
; J2       ;            ;          ; GND                                            ; gnd    ;                       ;         ; --         ;                 ; --       ; --           ;
; J3       ; 15         ; 1A       ; RESERVED_INPUT_WITH_WEAK_PULLUP                ;        ;                       ;         ; Row I/O    ;                 ; no       ; On           ;
; J4       ; 8          ; 1A       ; RESERVED_INPUT_WITH_WEAK_PULLUP                ;        ;                       ;         ; Row I/O    ;                 ; no       ; On           ;
; J5       ;            ;          ; ANAIN2                                         ;        ;                       ;         ; --         ;                 ; --       ; --           ;
; J6       ;            ;          ; GND                                            ; gnd    ;                       ;         ; --         ;                 ; --       ; --           ;
; J7       ;            ;          ; VCCINT                                         ; power  ;                       ; 1.2V    ; --         ;                 ; --       ; --           ;
; J8       ; 4          ; 1A       ; RESERVED_INPUT_WITH_WEAK_PULLUP                ;        ;                       ;         ; Row I/O    ;                 ; no       ; On           ;
; J9       ; 6          ; 1A       ; RESERVED_INPUT_WITH_WEAK_PULLUP                ;        ;                       ;         ; Row I/O    ;                 ; no       ; On           ;
; J10      ; 468        ; 8        ; RESERVED_INPUT_WITH_WEAK_PULLUP                ;        ;                       ;         ; Column I/O ;                 ; no       ; On           ;
; J11      ; 446        ; 7        ; RESERVED_INPUT_WITH_WEAK_PULLUP                ;        ;                       ;         ; Column I/O ;                 ; no       ; On           ;
; J12      ; 434        ; 7        ; RESERVED_INPUT_WITH_WEAK_PULLUP                ;        ;                       ;         ; Column I/O ;                 ; no       ; On           ;
; J13      ; 422        ; 7        ; RESERVED_INPUT_WITH_WEAK_PULLUP                ;        ;                       ;         ; Column I/O ;                 ; no       ; On           ;
; J14      ; 368        ; 6        ; RESERVED_INPUT_WITH_WEAK_PULLUP                ;        ;                       ;         ; Row I/O    ;                 ; no       ; On           ;
; J15      ; 370        ; 6        ; RESERVED_INPUT_WITH_WEAK_PULLUP                ;        ;                       ;         ; Row I/O    ;                 ; no       ; On           ;
; J16      ;            ;          ; GND                                            ; gnd    ;                       ;         ; --         ;                 ; --       ; --           ;
; J17      ;            ; 6        ; VCCIO6                                         ; power  ;                       ; 3.3V    ; --         ;                 ; --       ; --           ;
; J18      ; 362        ; 6        ; RESERVED_INPUT_WITH_WEAK_PULLUP                ;        ;                       ;         ; Row I/O    ;                 ; no       ; On           ;
; J19      ;            ;          ; GND                                            ; gnd    ;                       ;         ; --         ;                 ; --       ; --           ;
; J20      ; 373        ; 6        ; RESERVED_INPUT_WITH_WEAK_PULLUP                ;        ;                       ;         ; Row I/O    ;                 ; no       ; On           ;
; J21      ; 327        ; 6        ; RESERVED_INPUT_WITH_WEAK_PULLUP                ;        ;                       ;         ; Row I/O    ;                 ; no       ; On           ;
; J22      ; 325        ; 6        ; RESERVED_INPUT_WITH_WEAK_PULLUP                ;        ;                       ;         ; Row I/O    ;                 ; no       ; On           ;
; K1       ; 49         ; 1B       ; RESERVED_INPUT_WITH_WEAK_PULLUP                ;        ;                       ;         ; Row I/O    ;                 ; no       ; On           ;
; K2       ; 37         ; 1B       ; RESERVED_INPUT_WITH_WEAK_PULLUP                ;        ;                       ;         ; Row I/O    ;                 ; no       ; On           ;
; K3       ;            ;          ; GND                                            ; gnd    ;                       ;         ; --         ;                 ; --       ; --           ;
; K4       ; 13         ; 1A       ; RESERVED_INPUT_WITH_WEAK_PULLUP                ;        ;                       ;         ; Row I/O    ;                 ; no       ; On           ;
; K5       ; 12         ; 1A       ; RESERVED_INPUT_WITH_WEAK_PULLUP                ;        ;                       ;         ; Row I/O    ;                 ; no       ; On           ;
; K6       ; 14         ; 1A       ; RESERVED_INPUT_WITH_WEAK_PULLUP                ;        ;                       ;         ; Row I/O    ;                 ; no       ; On           ;
; K7       ;            ; 1A       ; VCCIO1A                                        ; power  ;                       ; 2.5V    ; --         ;                 ; --       ; --           ;
; K8       ; 28         ; 1B       ; RESERVED_INPUT_WITH_WEAK_PULLUP                ;        ;                       ;         ; Row I/O    ;                 ; no       ; On           ;
; K9       ; 30         ; 1B       ; RESERVED_INPUT_WITH_WEAK_PULLUP                ;        ;                       ;         ; Row I/O    ;                 ; no       ; On           ;
; K10      ;            ;          ; GND                                            ; gnd    ;                       ;         ; --         ;                 ; --       ; --           ;
; K11      ;            ; --       ; VCC                                            ; power  ;                       ; 1.2V    ; --         ;                 ; --       ; --           ;
; K12      ;            ;          ; GND                                            ; gnd    ;                       ;         ; --         ;                 ; --       ; --           ;
; K13      ;            ; --       ; VCC                                            ; power  ;                       ; 1.2V    ; --         ;                 ; --       ; --           ;
; K14      ; 356        ; 6        ; RESERVED_INPUT_WITH_WEAK_PULLUP                ;        ;                       ;         ; Row I/O    ;                 ; no       ; On           ;
; K15      ; 358        ; 6        ; RESERVED_INPUT_WITH_WEAK_PULLUP                ;        ;                       ;         ; Row I/O    ;                 ; no       ; On           ;
; K16      ;            ; 6        ; VCCIO6                                         ; power  ;                       ; 3.3V    ; --         ;                 ; --       ; --           ;
; K17      ;            ; 6        ; VCCIO6                                         ; power  ;                       ; 3.3V    ; --         ;                 ; --       ; --           ;
; K18      ; 360        ; 6        ; RESERVED_INPUT_WITH_WEAK_PULLUP                ;        ;                       ;         ; Row I/O    ;                 ; no       ; On           ;
; K19      ; 361        ; 6        ; RESERVED_INPUT_WITH_WEAK_PULLUP                ;        ;                       ;         ; Row I/O    ;                 ; no       ; On           ;
; K20      ; 363        ; 6        ; RESERVED_INPUT_WITH_WEAK_PULLUP                ;        ;                       ;         ; Row I/O    ;                 ; no       ; On           ;
; K21      ; 326        ; 6        ; RESERVED_INPUT_WITH_WEAK_PULLUP                ;        ;                       ;         ; Row I/O    ;                 ; no       ; On           ;
; K22      ; 324        ; 6        ; RESERVED_INPUT_WITH_WEAK_PULLUP                ;        ;                       ;         ; Row I/O    ;                 ; no       ; On           ;
; L1       ; 51         ; 1B       ; RESERVED_INPUT_WITH_WEAK_PULLUP                ;        ;                       ;         ; Row I/O    ;                 ; no       ; On           ;
; L2       ; 39         ; 1B       ; RESERVED_INPUT_WITH_WEAK_PULLUP                ;        ;                       ;         ; Row I/O    ;                 ; no       ; On           ;
; L3       ;            ;          ; DNU                                            ;        ;                       ;         ; --         ;                 ; --       ; --           ;
; L4       ; 36         ; 1B       ; ~ALTERA_TDI~ / RESERVED_INPUT_WITH_WEAK_PULLUP ; input  ; 2.5 V Schmitt Trigger ;         ; Row I/O    ; N               ; no       ; On           ;
; L5       ;            ;          ; GND                                            ; gnd    ;                       ;         ; --         ;                 ; --       ; --           ;
; L6       ;            ; 1A       ; VCCIO1A                                        ; power  ;                       ; 2.5V    ; --         ;                 ; --       ; --           ;
; L7       ;            ; 1B       ; VCCIO1B                                        ; power  ;                       ; 2.5V    ; --         ;                 ; --       ; --           ;
; L8       ; 40         ; 1B       ; RESERVED_INPUT_WITH_WEAK_PULLUP                ;        ;                       ;         ; Row I/O    ;                 ; no       ; On           ;
; L9       ; 42         ; 1B       ; RESERVED_INPUT_WITH_WEAK_PULLUP                ;        ;                       ;         ; Row I/O    ;                 ; no       ; On           ;
; L10      ;            ; --       ; VCC                                            ; power  ;                       ; 1.2V    ; --         ;                 ; --       ; --           ;
; L11      ;            ; --       ; VCC                                            ; power  ;                       ; 1.2V    ; --         ;                 ; --       ; --           ;
; L12      ;            ; --       ; VCC                                            ; power  ;                       ; 1.2V    ; --         ;                 ; --       ; --           ;
; L13      ;            ;          ; GND                                            ; gnd    ;                       ;         ; --         ;                 ; --       ; --           ;
; L14      ; 344        ; 6        ; RESERVED_INPUT_WITH_WEAK_PULLUP                ;        ;                       ;         ; Row I/O    ;                 ; no       ; On           ;
; L15      ; 346        ; 6        ; RESERVED_INPUT_WITH_WEAK_PULLUP                ;        ;                       ;         ; Row I/O    ;                 ; no       ; On           ;
; L16      ;            ; 6        ; VCCIO6                                         ; power  ;                       ; 3.3V    ; --         ;                 ; --       ; --           ;
; L17      ;            ;          ; GND                                            ; gnd    ;                       ;         ; --         ;                 ; --       ; --           ;
; L18      ; 350        ; 6        ; RESERVED_INPUT_WITH_WEAK_PULLUP                ;        ;                       ;         ; Row I/O    ;                 ; no       ; On           ;
; L19      ; 349        ; 6        ; RESERVED_INPUT_WITH_WEAK_PULLUP                ;        ;                       ;         ; Row I/O    ;                 ; no       ; On           ;
; L20      ; 351        ; 6        ; RESERVED_INPUT_WITH_WEAK_PULLUP                ;        ;                       ;         ; Row I/O    ;                 ; no       ; On           ;
; L21      ;            ;          ; GND                                            ; gnd    ;                       ;         ; --         ;                 ; --       ; --           ;
; L22      ; 314        ; 5        ; RESERVED_INPUT_WITH_WEAK_PULLUP                ;        ;                       ;         ; Row I/O    ;                 ; no       ; On           ;
; M1       ; 79         ; 2        ; RESERVED_INPUT_WITH_WEAK_PULLUP                ;        ;                       ;         ; Row I/O    ;                 ; no       ; On           ;
; M2       ; 77         ; 2        ; RESERVED_INPUT_WITH_WEAK_PULLUP                ;        ;                       ;         ; Row I/O    ;                 ; --       ; --           ;
; M3       ; 50         ; 1B       ; RESERVED_INPUT_WITH_WEAK_PULLUP                ;        ;                       ;         ; Row I/O    ;                 ; no       ; On           ;
; M4       ; 48         ; 1B       ; RESERVED_INPUT_WITH_WEAK_PULLUP                ;        ;                       ;         ; Row I/O    ;                 ; no       ; On           ;
; M5       ; 38         ; 1B       ; ~ALTERA_TDO~                                   ; output ; 2.5 V                 ;         ; Row I/O    ; N               ; no       ; Off          ;
; M6       ;            ; 1B       ; VCCIO1B                                        ; power  ;                       ; 2.5V    ; --         ;                 ; --       ; --           ;
; M7       ;            ;          ; GND                                            ; gnd    ;                       ;         ; --         ;                 ; --       ; --           ;
; M8       ; 72         ; 2        ; RESERVED_INPUT_WITH_WEAK_PULLUP                ;        ;                       ;         ; Row I/O    ;                 ; no       ; On           ;
; M9       ; 74         ; 2        ; RESERVED_INPUT_WITH_WEAK_PULLUP                ;        ;                       ;         ; Row I/O    ;                 ; no       ; On           ;
; M10      ;            ;          ; GND                                            ; gnd    ;                       ;         ; --         ;                 ; --       ; --           ;
; M11      ;            ; --       ; VCC                                            ; power  ;                       ; 1.2V    ; --         ;                 ; --       ; --           ;
; M12      ;            ; --       ; VCC                                            ; power  ;                       ; 1.2V    ; --         ;                 ; --       ; --           ;
; M13      ;            ; --       ; VCC                                            ; power  ;                       ; 1.2V    ; --         ;                 ; --       ; --           ;
; M14      ; 334        ; 6        ; RESERVED_INPUT_WITH_WEAK_PULLUP                ;        ;                       ;         ; Row I/O    ;                 ; no       ; On           ;
; M15      ; 332        ; 6        ; RESERVED_INPUT_WITH_WEAK_PULLUP                ;        ;                       ;         ; Row I/O    ;                 ; no       ; On           ;
; M16      ;            ;          ; GND                                            ; gnd    ;                       ;         ; --         ;                 ; --       ; --           ;
; M17      ;            ; 6        ; VCCIO6                                         ; power  ;                       ; 3.3V    ; --         ;                 ; --       ; --           ;
; M18      ; 348        ; 6        ; RESERVED_INPUT_WITH_WEAK_PULLUP                ;        ;                       ;         ; Row I/O    ;                 ; no       ; On           ;
; M19      ;            ;          ; GND                                            ; gnd    ;                       ;         ; --         ;                 ; --       ; --           ;
; M20      ; 337        ; 6        ; RESERVED_INPUT_WITH_WEAK_PULLUP                ;        ;                       ;         ; Row I/O    ;                 ; no       ; On           ;
; M21      ; 312        ; 5        ; RESERVED_INPUT_WITH_WEAK_PULLUP                ;        ;                       ;         ; Row I/O    ;                 ; no       ; On           ;
; M22      ; 315        ; 5        ; RESERVED_INPUT_WITH_WEAK_PULLUP                ;        ;                       ;         ; Row I/O    ;                 ; no       ; On           ;
; N1       ; 87         ; 2        ; RESERVED_INPUT_WITH_WEAK_PULLUP                ;        ;                       ;         ; Row I/O    ;                 ; no       ; On           ;
; N2       ; 75         ; 2        ; RESERVED_INPUT_WITH_WEAK_PULLUP                ;        ;                       ;         ; Row I/O    ;                 ; no       ; On           ;
; N3       ; 73         ; 2        ; RESERVED_INPUT_WITH_WEAK_PULLUP                ;        ;                       ;         ; Row I/O    ;                 ; no       ; On           ;
; N4       ; 56         ; 2        ; RESERVED_INPUT_WITH_WEAK_PULLUP                ;        ;                       ;         ; Row I/O    ;                 ; no       ; On           ;
; N5       ; 58         ; 2        ; RESERVED_INPUT_WITH_WEAK_PULLUP                ;        ;                       ;         ; Row I/O    ;                 ; no       ; On           ;
; N6       ;            ; 2        ; VCCIO2                                         ; power  ;                       ; 2.5V    ; --         ;                 ; --       ; --           ;
; N7       ;            ; 2        ; VCCIO2                                         ; power  ;                       ; 2.5V    ; --         ;                 ; --       ; --           ;
; N8       ; 84         ; 2        ; RESERVED_INPUT_WITH_WEAK_PULLUP                ;        ;                       ;         ; Row I/O    ;                 ; no       ; On           ;
; N9       ; 86         ; 2        ; RESERVED_INPUT_WITH_WEAK_PULLUP                ;        ;                       ;         ; Row I/O    ;                 ; no       ; On           ;
; N10      ;            ; --       ; VCC                                            ; power  ;                       ; 1.2V    ; --         ;                 ; --       ; --           ;
; N11      ;            ;          ; GND                                            ; gnd    ;                       ;         ; --         ;                 ; --       ; --           ;
; N12      ;            ; --       ; VCC                                            ; power  ;                       ; 1.2V    ; --         ;                 ; --       ; --           ;
; N13      ;            ;          ; GND                                            ; gnd    ;                       ;         ; --         ;                 ; --       ; --           ;
; N14      ; 320        ; 6        ; RESERVED_INPUT_WITH_WEAK_PULLUP                ;        ;                       ;         ; Row I/O    ;                 ; no       ; On           ;
; N15      ; 322        ; 6        ; RESERVED_INPUT_WITH_WEAK_PULLUP                ;        ;                       ;         ; Row I/O    ;                 ; no       ; On           ;
; N16      ;            ; 5        ; VCCIO5                                         ; power  ;                       ; 2.5V    ; --         ;                 ; --       ; --           ;
; N17      ;            ; 6        ; VCCIO6                                         ; power  ;                       ; 3.3V    ; --         ;                 ; --       ; --           ;
; N18      ; 336        ; 6        ; RESERVED_INPUT_WITH_WEAK_PULLUP                ;        ;                       ;         ; Row I/O    ;                 ; no       ; On           ;
; N19      ; 338        ; 6        ; RESERVED_INPUT_WITH_WEAK_PULLUP                ;        ;                       ;         ; Row I/O    ;                 ; no       ; On           ;
; N20      ; 339        ; 6        ; RESERVED_INPUT_WITH_WEAK_PULLUP                ;        ;                       ;         ; Row I/O    ;                 ; no       ; On           ;
; N21      ; 313        ; 5        ; RESERVED_INPUT_WITH_WEAK_PULLUP                ;        ;                       ;         ; Row I/O    ;                 ; no       ; On           ;
; N22      ; 307        ; 5        ; RESERVED_INPUT_WITH_WEAK_PULLUP                ;        ;                       ;         ; Row I/O    ;                 ; no       ; On           ;
; P1       ; 85         ; 2        ; RESERVED_INPUT_WITH_WEAK_PULLUP                ;        ;                       ;         ; Row I/O    ;                 ; no       ; On           ;
; P2       ;            ;          ; GND                                            ; gnd    ;                       ;         ; --         ;                 ; --       ; --           ;
; P3       ; 76         ; 2        ; RESERVED_INPUT_WITH_WEAK_PULLUP                ;        ;                       ;         ; Row I/O    ;                 ; no       ; On           ;
; P4       ; 57         ; 2        ; RESERVED_INPUT_WITH_WEAK_PULLUP                ;        ;                       ;         ; Row I/O    ;                 ; no       ; On           ;
; P5       ; 59         ; 2        ; RESERVED_INPUT_WITH_WEAK_PULLUP                ;        ;                       ;         ; Row I/O    ;                 ; no       ; On           ;
; P6       ;            ;          ; GND                                            ; gnd    ;                       ;         ; --         ;                 ; --       ; --           ;
; P7       ;            ; 2        ; VCCIO2                                         ; power  ;                       ; 2.5V    ; --         ;                 ; --       ; --           ;
; P8       ; 96         ; 2        ; RESERVED_INPUT_WITH_WEAK_PULLUP                ;        ;                       ;         ; Row I/O    ;                 ; no       ; On           ;
; P9       ; 142        ; 3        ; RESERVED_INPUT_WITH_WEAK_PULLUP                ;        ;                       ;         ; Column I/O ;                 ; no       ; On           ;
; P10      ; 154        ; 3        ; RESERVED_INPUT_WITH_WEAK_PULLUP                ;        ;                       ;         ; Column I/O ;                 ; no       ; On           ;
; P11      ; 166        ; 3        ; CLK                                            ; input  ; 3.3-V LVTTL           ;         ; Column I/O ; Y               ; no       ; Off          ;
; P12      ; 178        ; 4        ; RESERVED_INPUT_WITH_WEAK_PULLUP                ;        ;                       ;         ; Column I/O ;                 ; no       ; On           ;
; P13      ; 198        ; 4        ; RESERVED_INPUT_WITH_WEAK_PULLUP                ;        ;                       ;         ; Column I/O ;                 ; no       ; On           ;
; P14      ; 306        ; 5        ; RESERVED_INPUT_WITH_WEAK_PULLUP                ;        ;                       ;         ; Row I/O    ;                 ; no       ; On           ;
; P15      ; 304        ; 5        ; RESERVED_INPUT_WITH_WEAK_PULLUP                ;        ;                       ;         ; Row I/O    ;                 ; no       ; On           ;
; P16      ;            ; 5        ; VCCIO5                                         ; power  ;                       ; 2.5V    ; --         ;                 ; --       ; --           ;
; P17      ;            ;          ; GND                                            ; gnd    ;                       ;         ; --         ;                 ; --       ; --           ;
; P18      ; 310        ; 5        ; RESERVED_INPUT_WITH_WEAK_PULLUP                ;        ;                       ;         ; Row I/O    ;                 ; no       ; On           ;
; P19      ; 309        ; 5        ; RESERVED_INPUT_WITH_WEAK_PULLUP                ;        ;                       ;         ; Row I/O    ;                 ; no       ; On           ;
; P20      ; 311        ; 5        ; RESERVED_INPUT_WITH_WEAK_PULLUP                ;        ;                       ;         ; Row I/O    ;                 ; no       ; On           ;
; P21      ; 305        ; 5        ; RESERVED_INPUT_WITH_WEAK_PULLUP                ;        ;                       ;         ; Row I/O    ;                 ; no       ; On           ;
; P22      ; 303        ; 5        ; RESERVED_INPUT_WITH_WEAK_PULLUP                ;        ;                       ;         ; Row I/O    ;                 ; --       ; --           ;
; R1       ; 121        ; 2        ; RESERVED_INPUT_WITH_WEAK_PULLUP                ;        ;                       ;         ; Row I/O    ;                 ; no       ; On           ;
; R2       ; 123        ; 2        ; RESERVED_INPUT_WITH_WEAK_PULLUP                ;        ;                       ;         ; Row I/O    ;                 ; no       ; On           ;
; R3       ; 78         ; 2        ; RESERVED_INPUT_WITH_WEAK_PULLUP                ;        ;                       ;         ; Row I/O    ;                 ; no       ; On           ;
; R4       ; 80         ; 2        ; RESERVED_INPUT_WITH_WEAK_PULLUP                ;        ;                       ;         ; Row I/O    ;                 ; no       ; On           ;
; R5       ; 82         ; 2        ; RESERVED_INPUT_WITH_WEAK_PULLUP                ;        ;                       ;         ; Row I/O    ;                 ; no       ; On           ;
; R6       ;            ; 2        ; VCCIO2                                         ; power  ;                       ; 2.5V    ; --         ;                 ; --       ; --           ;
; R7       ; 98         ; 2        ; RESERVED_INPUT_WITH_WEAK_PULLUP                ;        ;                       ;         ; Row I/O    ;                 ; no       ; On           ;
; R8       ;            ; --       ; VCCA1                                          ; power  ;                       ; 2.5V    ; --         ;                 ; --       ; --           ;
; R9       ; 140        ; 3        ; RESERVED_INPUT_WITH_WEAK_PULLUP                ;        ;                       ;         ; Column I/O ;                 ; no       ; On           ;
; R10      ; 152        ; 3        ; RESERVED_INPUT_WITH_WEAK_PULLUP                ;        ;                       ;         ; Column I/O ;                 ; no       ; On           ;
; R11      ; 164        ; 3        ; RESERVED_INPUT_WITH_WEAK_PULLUP                ;        ;                       ;         ; Column I/O ;                 ; no       ; On           ;
; R12      ; 176        ; 4        ; RESERVED_INPUT_WITH_WEAK_PULLUP                ;        ;                       ;         ; Column I/O ;                 ; no       ; On           ;
; R13      ; 196        ; 4        ; RESERVED_INPUT_WITH_WEAK_PULLUP                ;        ;                       ;         ; Column I/O ;                 ; no       ; On           ;
; R14      ; 294        ; 5        ; RESERVED_INPUT_WITH_WEAK_PULLUP                ;        ;                       ;         ; Row I/O    ;                 ; no       ; On           ;
; R15      ; 292        ; 5        ; RESERVED_INPUT_WITH_WEAK_PULLUP                ;        ;                       ;         ; Row I/O    ;                 ; no       ; On           ;
; R16      ;            ; 5        ; VCCIO5                                         ; power  ;                       ; 2.5V    ; --         ;                 ; --       ; --           ;
; R17      ;            ; 5        ; VCCIO5                                         ; power  ;                       ; 2.5V    ; --         ;                 ; --       ; --           ;
; R18      ; 308        ; 5        ; RESERVED_INPUT_WITH_WEAK_PULLUP                ;        ;                       ;         ; Row I/O    ;                 ; no       ; On           ;
; R19      ;            ;          ; GND                                            ; gnd    ;                       ;         ; --         ;                 ; --       ; --           ;
; R20      ; 299        ; 5        ; RESERVED_INPUT_WITH_WEAK_PULLUP                ;        ;                       ;         ; Row I/O    ;                 ; no       ; On           ;
; R21      ;            ;          ; GND                                            ; gnd    ;                       ;         ; --         ;                 ; --       ; --           ;
; R22      ; 301        ; 5        ; RESERVED_INPUT_WITH_WEAK_PULLUP                ;        ;                       ;         ; Row I/O    ;                 ; no       ; On           ;
; T1       ; 81         ; 2        ; RESERVED_INPUT_WITH_WEAK_PULLUP                ;        ;                       ;         ; Row I/O    ;                 ; no       ; On           ;
; T2       ; 83         ; 2        ; RESERVED_INPUT_WITH_WEAK_PULLUP                ;        ;                       ;         ; Row I/O    ;                 ; no       ; On           ;
; T3       ; 88         ; 2        ; RESERVED_INPUT_WITH_WEAK_PULLUP                ;        ;                       ;         ; Row I/O    ;                 ; no       ; On           ;
; T4       ;            ;          ; GND                                            ; gnd    ;                       ;         ; --         ;                 ; --       ; --           ;
; T5       ; 120        ; 2        ; RESERVED_INPUT_WITH_WEAK_PULLUP                ;        ;                       ;         ; Row I/O    ;                 ; no       ; On           ;
; T6       ; 122        ; 2        ; RESERVED_INPUT_WITH_WEAK_PULLUP                ;        ;                       ;         ; Row I/O    ;                 ; no       ; On           ;
; T7       ;            ;          ; VCCD_PLL1                                      ; power  ;                       ; 1.2V    ; --         ;                 ; --       ; --           ;
; T8       ;            ;          ; GND                                            ; gnd    ;                       ;         ; --         ;                 ; --       ; --           ;
; T9       ;            ; 3        ; VCCIO3                                         ; power  ;                       ; 3.3V    ; --         ;                 ; --       ; --           ;
; T10      ;            ; 3        ; VCCIO3                                         ; power  ;                       ; 3.3V    ; --         ;                 ; --       ; --           ;
; T11      ;            ; 3        ; VCCIO3                                         ; power  ;                       ; 3.3V    ; --         ;                 ; --       ; --           ;
; T12      ;            ; 4        ; VCCIO4                                         ; power  ;                       ; 2.5V    ; --         ;                 ; --       ; --           ;
; T13      ;            ; 4        ; VCCIO4                                         ; power  ;                       ; 2.5V    ; --         ;                 ; --       ; --           ;
; T14      ;            ;          ; GND                                            ; gnd    ;                       ;         ; --         ;                 ; --       ; --           ;
; T15      ;            ; --       ; VCCA4                                          ; power  ;                       ; 2.5V    ; --         ;                 ; --       ; --           ;
; T16      ;            ;          ; GND                                            ; gnd    ;                       ;         ; --         ;                 ; --       ; --           ;
; T17      ;            ; 5        ; VCCIO5                                         ; power  ;                       ; 2.5V    ; --         ;                 ; --       ; --           ;
; T18      ; 298        ; 5        ; RESERVED_INPUT_WITH_WEAK_PULLUP                ;        ;                       ;         ; Row I/O    ;                 ; no       ; On           ;
; T19      ; 296        ; 5        ; RESERVED_INPUT_WITH_WEAK_PULLUP                ;        ;                       ;         ; Row I/O    ;                 ; no       ; On           ;
; T20      ; 297        ; 5        ; RESERVED_INPUT_WITH_WEAK_PULLUP                ;        ;                       ;         ; Row I/O    ;                 ; no       ; On           ;
; T21      ; 293        ; 5        ; RESERVED_INPUT_WITH_WEAK_PULLUP                ;        ;                       ;         ; Row I/O    ;                 ; no       ; On           ;
; T22      ; 295        ; 5        ; RESERVED_INPUT_WITH_WEAK_PULLUP                ;        ;                       ;         ; Row I/O    ;                 ; no       ; On           ;
; U1       ; 89         ; 2        ; RESERVED_INPUT_WITH_WEAK_PULLUP                ;        ;                       ;         ; Row I/O    ;                 ; no       ; On           ;
; U2       ; 90         ; 2        ; RESERVED_INPUT_WITH_WEAK_PULLUP                ;        ;                       ;         ; Row I/O    ;                 ; no       ; On           ;
; U3       ; 93         ; 2        ; RESERVED_INPUT_WITH_WEAK_PULLUP                ;        ;                       ;         ; Row I/O    ;                 ; no       ; On           ;
; U4       ; 92         ; 2        ; RESERVED_INPUT_WITH_WEAK_PULLUP                ;        ;                       ;         ; Row I/O    ;                 ; no       ; On           ;
; U5       ; 94         ; 2        ; RESERVED_INPUT_WITH_WEAK_PULLUP                ;        ;                       ;         ; Row I/O    ;                 ; no       ; On           ;
; U6       ; 128        ; 3        ; RESERVED_INPUT_WITH_WEAK_PULLUP                ;        ;                       ;         ; Column I/O ;                 ; no       ; On           ;
; U7       ; 130        ; 3        ; RESERVED_INPUT_WITH_WEAK_PULLUP                ;        ;                       ;         ; Column I/O ;                 ; no       ; On           ;
; U8       ;            ; 3        ; VCCIO3                                         ; power  ;                       ; 3.3V    ; --         ;                 ; --       ; --           ;
; U9       ;            ; 3        ; VCCIO3                                         ; power  ;                       ; 3.3V    ; --         ;                 ; --       ; --           ;
; U10      ;            ;          ; GND                                            ; gnd    ;                       ;         ; --         ;                 ; --       ; --           ;
; U11      ;            ; 4        ; VCCIO4                                         ; power  ;                       ; 2.5V    ; --         ;                 ; --       ; --           ;
; U12      ;            ; 4        ; VCCIO4                                         ; power  ;                       ; 2.5V    ; --         ;                 ; --       ; --           ;
; U13      ;            ;          ; GND                                            ; gnd    ;                       ;         ; --         ;                 ; --       ; --           ;
; U14      ;            ; 4        ; VCCIO4                                         ; power  ;                       ; 2.5V    ; --         ;                 ; --       ; --           ;
; U15      ; 208        ; 4        ; RESERVED_INPUT_WITH_WEAK_PULLUP                ;        ;                       ;         ; Column I/O ;                 ; no       ; On           ;
; U16      ;            ;          ; VCCD_PLL4                                      ; power  ;                       ; 1.2V    ; --         ;                 ; --       ; --           ;
; U17      ; 246        ; 5        ; RESERVED_INPUT_WITH_WEAK_PULLUP                ;        ;                       ;         ; Row I/O    ;                 ; no       ; On           ;
; U18      ; 244        ; 5        ; RESERVED_INPUT_WITH_WEAK_PULLUP                ;        ;                       ;         ; Row I/O    ;                 ; no       ; On           ;
; U19      ; 282        ; 5        ; RESERVED_INPUT_WITH_WEAK_PULLUP                ;        ;                       ;         ; Row I/O    ;                 ; no       ; On           ;
; U20      ; 290        ; 5        ; RESERVED_INPUT_WITH_WEAK_PULLUP                ;        ;                       ;         ; Row I/O    ;                 ; no       ; On           ;
; U21      ; 300        ; 5        ; RESERVED_INPUT_WITH_WEAK_PULLUP                ;        ;                       ;         ; Row I/O    ;                 ; no       ; On           ;
; U22      ; 302        ; 5        ; RESERVED_INPUT_WITH_WEAK_PULLUP                ;        ;                       ;         ; Row I/O    ;                 ; no       ; On           ;
; V1       ; 91         ; 2        ; RESERVED_INPUT_WITH_WEAK_PULLUP                ;        ;                       ;         ; Row I/O    ;                 ; no       ; On           ;
; V2       ;            ;          ; GND                                            ; gnd    ;                       ;         ; --         ;                 ; --       ; --           ;
; V3       ; 95         ; 2        ; RESERVED_INPUT_WITH_WEAK_PULLUP                ;        ;                       ;         ; Row I/O    ;                 ; no       ; On           ;
; V4       ; 125        ; 3        ; RESERVED_INPUT_WITH_WEAK_PULLUP                ;        ;                       ;         ; Column I/O ;                 ; no       ; On           ;
; V5       ; 127        ; 3        ; RESERVED_INPUT_WITH_WEAK_PULLUP                ;        ;                       ;         ; Column I/O ;                 ; no       ; On           ;
; V6       ;            ;          ; GND                                            ; gnd    ;                       ;         ; --         ;                 ; --       ; --           ;
; V7       ; 136        ; 3        ; RESERVED_INPUT_WITH_WEAK_PULLUP                ;        ;                       ;         ; Column I/O ;                 ; no       ; On           ;
; V8       ; 138        ; 3        ; RESERVED_INPUT_WITH_WEAK_PULLUP                ;        ;                       ;         ; Column I/O ;                 ; no       ; On           ;
; V9       ; 160        ; 3        ; RESERVED_INPUT_WITH_WEAK_PULLUP                ;        ;                       ;         ; Column I/O ;                 ; no       ; On           ;
; V10      ; 162        ; 3        ; RESERVED_INPUT_WITH_WEAK_PULLUP                ;        ;                       ;         ; Column I/O ;                 ; no       ; On           ;
; V11      ; 172        ; 4        ; RESERVED_INPUT_WITH_WEAK_PULLUP                ;        ;                       ;         ; Column I/O ;                 ; no       ; On           ;
; V12      ; 174        ; 4        ; RESERVED_INPUT_WITH_WEAK_PULLUP                ;        ;                       ;         ; Column I/O ;                 ; no       ; On           ;
; V13      ; 192        ; 4        ; RESERVED_INPUT_WITH_WEAK_PULLUP                ;        ;                       ;         ; Column I/O ;                 ; no       ; On           ;
; V14      ; 204        ; 4        ; RESERVED_INPUT_WITH_WEAK_PULLUP                ;        ;                       ;         ; Column I/O ;                 ; no       ; On           ;
; V15      ; 216        ; 4        ; RESERVED_INPUT_WITH_WEAK_PULLUP                ;        ;                       ;         ; Column I/O ;                 ; no       ; On           ;
; V16      ; 210        ; 4        ; RESERVED_INPUT_WITH_WEAK_PULLUP                ;        ;                       ;         ; Column I/O ;                 ; no       ; On           ;
; V17      ; 242        ; 4        ; RESERVED_INPUT_WITH_WEAK_PULLUP                ;        ;                       ;         ; Column I/O ;                 ; no       ; On           ;
; V18      ; 280        ; 5        ; RESERVED_INPUT_WITH_WEAK_PULLUP                ;        ;                       ;         ; Row I/O    ;                 ; no       ; On           ;
; V19      ;            ;          ; GND                                            ; gnd    ;                       ;         ; --         ;                 ; --       ; --           ;
; V20      ; 288        ; 5        ; RESERVED_INPUT_WITH_WEAK_PULLUP                ;        ;                       ;         ; Row I/O    ;                 ; no       ; On           ;
; V21      ; 289        ; 5        ; RESERVED_INPUT_WITH_WEAK_PULLUP                ;        ;                       ;         ; Row I/O    ;                 ; no       ; On           ;
; V22      ; 291        ; 5        ; RESERVED_INPUT_WITH_WEAK_PULLUP                ;        ;                       ;         ; Row I/O    ;                 ; no       ; On           ;
; W1       ; 97         ; 2        ; RESERVED_INPUT_WITH_WEAK_PULLUP                ;        ;                       ;         ; Row I/O    ;                 ; no       ; On           ;
; W2       ; 99         ; 2        ; RESERVED_INPUT_WITH_WEAK_PULLUP                ;        ;                       ;         ; Row I/O    ;                 ; no       ; On           ;
; W3       ; 134        ; 3        ; RESERVED_INPUT_WITH_WEAK_PULLUP                ;        ;                       ;         ; Column I/O ;                 ; no       ; On           ;
; W4       ; 132        ; 3        ; RESERVED_INPUT_WITH_WEAK_PULLUP                ;        ;                       ;         ; Column I/O ;                 ; no       ; On           ;
; W5       ; 124        ; 3        ; RESERVED_INPUT_WITH_WEAK_PULLUP                ;        ;                       ;         ; Column I/O ;                 ; no       ; On           ;
; W6       ; 126        ; 3        ; RESERVED_INPUT_WITH_WEAK_PULLUP                ;        ;                       ;         ; Column I/O ;                 ; no       ; On           ;
; W7       ; 148        ; 3        ; RESERVED_INPUT_WITH_WEAK_PULLUP                ;        ;                       ;         ; Column I/O ;                 ; no       ; On           ;
; W8       ; 150        ; 3        ; RESERVED_INPUT_WITH_WEAK_PULLUP                ;        ;                       ;         ; Column I/O ;                 ; no       ; On           ;
; W9       ; 144        ; 3        ; RESERVED_INPUT_WITH_WEAK_PULLUP                ;        ;                       ;         ; Column I/O ;                 ; no       ; On           ;
; W10      ; 146        ; 3        ; RESERVED_INPUT_WITH_WEAK_PULLUP                ;        ;                       ;         ; Column I/O ;                 ; no       ; On           ;
; W11      ; 173        ; 4        ; RESERVED_INPUT_WITH_WEAK_PULLUP                ;        ;                       ;         ; Column I/O ;                 ; no       ; On           ;
; W12      ; 193        ; 4        ; RESERVED_INPUT_WITH_WEAK_PULLUP                ;        ;                       ;         ; Column I/O ;                 ; no       ; On           ;
; W13      ; 195        ; 4        ; RESERVED_INPUT_WITH_WEAK_PULLUP                ;        ;                       ;         ; Column I/O ;                 ; no       ; On           ;
; W14      ; 194        ; 4        ; RESERVED_INPUT_WITH_WEAK_PULLUP                ;        ;                       ;         ; Column I/O ;                 ; no       ; On           ;
; W15      ; 206        ; 4        ; RESERVED_INPUT_WITH_WEAK_PULLUP                ;        ;                       ;         ; Column I/O ;                 ; no       ; On           ;
; W16      ; 218        ; 4        ; RESERVED_INPUT_WITH_WEAK_PULLUP                ;        ;                       ;         ; Column I/O ;                 ; no       ; On           ;
; W17      ; 240        ; 4        ; RESERVED_INPUT_WITH_WEAK_PULLUP                ;        ;                       ;         ; Column I/O ;                 ; no       ; On           ;
; W18      ; 226        ; 4        ; RESERVED_INPUT_WITH_WEAK_PULLUP                ;        ;                       ;         ; Column I/O ;                 ; no       ; On           ;
; W19      ; 284        ; 5        ; RESERVED_INPUT_WITH_WEAK_PULLUP                ;        ;                       ;         ; Row I/O    ;                 ; no       ; On           ;
; W20      ; 286        ; 5        ; RESERVED_INPUT_WITH_WEAK_PULLUP                ;        ;                       ;         ; Row I/O    ;                 ; no       ; On           ;
; W21      ;            ;          ; GND                                            ; gnd    ;                       ;         ; --         ;                 ; --       ; --           ;
; W22      ; 283        ; 5        ; RESERVED_INPUT_WITH_WEAK_PULLUP                ;        ;                       ;         ; Row I/O    ;                 ; no       ; On           ;
; Y1       ; 129        ; 3        ; RESERVED_INPUT_WITH_WEAK_PULLUP                ;        ;                       ;         ; Column I/O ;                 ; no       ; On           ;
; Y2       ; 131        ; 3        ; RESERVED_INPUT_WITH_WEAK_PULLUP                ;        ;                       ;         ; Column I/O ;                 ; no       ; On           ;
; Y3       ; 149        ; 3        ; RESERVED_INPUT_WITH_WEAK_PULLUP                ;        ;                       ;         ; Column I/O ;                 ; no       ; On           ;
; Y4       ; 151        ; 3        ; RESERVED_INPUT_WITH_WEAK_PULLUP                ;        ;                       ;         ; Column I/O ;                 ; no       ; On           ;
; Y5       ; 137        ; 3        ; RESERVED_INPUT_WITH_WEAK_PULLUP                ;        ;                       ;         ; Column I/O ;                 ; no       ; On           ;
; Y6       ; 139        ; 3        ; RESERVED_INPUT_WITH_WEAK_PULLUP                ;        ;                       ;         ; Column I/O ;                 ; no       ; On           ;
; Y7       ; 141        ; 3        ; RESERVED_INPUT_WITH_WEAK_PULLUP                ;        ;                       ;         ; Column I/O ;                 ; no       ; On           ;
; Y8       ; 143        ; 3        ; RESERVED_INPUT_WITH_WEAK_PULLUP                ;        ;                       ;         ; Column I/O ;                 ; no       ; On           ;
; Y9       ;            ;          ; GND                                            ; gnd    ;                       ;         ; --         ;                 ; --       ; --           ;
; Y10      ; 168        ; 3        ; RESERVED_INPUT_WITH_WEAK_PULLUP                ;        ;                       ;         ; Column I/O ;                 ; no       ; On           ;
; Y11      ; 175        ; 4        ; RESERVED_INPUT_WITH_WEAK_PULLUP                ;        ;                       ;         ; Column I/O ;                 ; no       ; On           ;
; Y12      ;            ;          ; GND                                            ; gnd    ;                       ;         ; --         ;                 ; --       ; --           ;
; Y13      ; 200        ; 4        ; RESERVED_INPUT_WITH_WEAK_PULLUP                ;        ;                       ;         ; Column I/O ;                 ; no       ; On           ;
; Y14      ; 202        ; 4        ; RESERVED_INPUT_WITH_WEAK_PULLUP                ;        ;                       ;         ; Column I/O ;                 ; no       ; On           ;
; Y15      ;            ;          ; GND                                            ; gnd    ;                       ;         ; --         ;                 ; --       ; --           ;
; Y16      ; 207        ; 4        ; RESERVED_INPUT_WITH_WEAK_PULLUP                ;        ;                       ;         ; Column I/O ;                 ; no       ; On           ;
; Y17      ; 214        ; 4        ; RESERVED_INPUT_WITH_WEAK_PULLUP                ;        ;                       ;         ; Column I/O ;                 ; no       ; On           ;
; Y18      ; 219        ; 4        ; RESERVED_INPUT_WITH_WEAK_PULLUP                ;        ;                       ;         ; Column I/O ;                 ; no       ; On           ;
; Y19      ; 224        ; 4        ; RESERVED_INPUT_WITH_WEAK_PULLUP                ;        ;                       ;         ; Column I/O ;                 ; no       ; On           ;
; Y20      ; 285        ; 5        ; RESERVED_INPUT_WITH_WEAK_PULLUP                ;        ;                       ;         ; Row I/O    ;                 ; no       ; On           ;
; Y21      ; 287        ; 5        ; RESERVED_INPUT_WITH_WEAK_PULLUP                ;        ;                       ;         ; Row I/O    ;                 ; no       ; On           ;
; Y22      ; 281        ; 5        ; RESERVED_INPUT_WITH_WEAK_PULLUP                ;        ;                       ;         ; Row I/O    ;                 ; no       ; On           ;
+----------+------------+----------+------------------------------------------------+--------+-----------------------+---------+------------+-----------------+----------+--------------+
Note: Pin directions (input, output or bidir) are based on device operating in user mode.


+-----------------------------------+
; I/O Assignment Warnings           ;
+----------+------------------------+
; Pin Name ; Reason                 ;
+----------+------------------------+
; HEX0[6]  ; Missing drive strength ;
; HEX0[5]  ; Missing drive strength ;
; HEX0[4]  ; Missing drive strength ;
; HEX0[3]  ; Missing drive strength ;
; HEX0[2]  ; Missing drive strength ;
; HEX0[1]  ; Missing drive strength ;
; HEX0[0]  ; Missing drive strength ;
; HEX1[6]  ; Missing drive strength ;
; HEX1[5]  ; Missing drive strength ;
; HEX1[4]  ; Missing drive strength ;
; HEX1[3]  ; Missing drive strength ;
; HEX1[2]  ; Missing drive strength ;
; HEX1[1]  ; Missing drive strength ;
; HEX1[0]  ; Missing drive strength ;
; HEX2[6]  ; Missing drive strength ;
; HEX2[5]  ; Missing drive strength ;
; HEX2[4]  ; Missing drive strength ;
; HEX2[3]  ; Missing drive strength ;
; HEX2[2]  ; Missing drive strength ;
; HEX2[1]  ; Missing drive strength ;
; HEX2[0]  ; Missing drive strength ;
; HEX3[6]  ; Missing drive strength ;
; HEX3[5]  ; Missing drive strength ;
; HEX3[4]  ; Missing drive strength ;
; HEX3[3]  ; Missing drive strength ;
; HEX3[2]  ; Missing drive strength ;
; HEX3[1]  ; Missing drive strength ;
; HEX3[0]  ; Missing drive strength ;
+----------+------------------------+


+------------------------------------------------------------------------------------------------------------------------------------------------------------------------------------------------------------------------------------------------------------------------------------------------------------------------------------------------------------------------------------------------------------------------------------------------+
; Fitter Resource Utilization by Entity                                                                                                                                                                                                                                                                                                                                                                                                          ;
+----------------------------------------------------------+-------------+---------------------------+---------------+-------------+------+------------+--------------+---------+-----------+------+--------------+--------------+-------------------+------------------+------------+-----------------------------------------------------------------------------------------------------------------+--------------------------+--------------+
; Compilation Hierarchy Node                               ; Logic Cells ; Dedicated Logic Registers ; I/O Registers ; Memory Bits ; M9Ks ; UFM Blocks ; DSP Elements ; DSP 9x9 ; DSP 18x18 ; Pins ; Virtual Pins ; LUT-Only LCs ; Register-Only LCs ; LUT/Register LCs ; ADC blocks ; Full Hierarchy Name                                                                                             ; Entity Name              ; Library Name ;
+----------------------------------------------------------+-------------+---------------------------+---------------+-------------+------+------------+--------------+---------+-----------+------+--------------+--------------+-------------------+------------------+------------+-----------------------------------------------------------------------------------------------------------------+--------------------------+--------------+
; |proc_mono_cycle                                         ; 3158 (3)    ; 2327 (1)                  ; 0 (0)         ; 0           ; 0    ; 1          ; 0            ; 0       ; 0         ; 31   ; 0            ; 831 (2)      ; 1087 (0)          ; 1240 (1)         ; 0          ; |proc_mono_cycle                                                                                                ; proc_mono_cycle          ; work         ;
;    |DECODEUR:Inst_DECODEUR|                              ; 18 (18)     ; 0 (0)                     ; 0 (0)         ; 0           ; 0    ; 0          ; 0            ; 0       ; 0         ; 0    ; 0            ; 18 (18)      ; 0 (0)             ; 0 (0)            ; 0          ; |proc_mono_cycle|DECODEUR:Inst_DECODEUR                                                                         ; DECODEUR                 ; work         ;
;    |DataPath:Inst_DATA_PATH|                             ; 3044 (16)   ; 2320 (16)                 ; 0 (0)         ; 0           ; 0    ; 0          ; 0            ; 0       ; 0         ; 0    ; 0            ; 724 (0)      ; 1087 (13)         ; 1233 (3)         ; 0          ; |proc_mono_cycle|DataPath:Inst_DATA_PATH                                                                        ; DataPath                 ; work         ;
;       |ALU:Inst_ALU|                                     ; 83 (83)     ; 0 (0)                     ; 0 (0)         ; 0           ; 0    ; 0          ; 0            ; 0       ; 0         ; 0    ; 0            ; 80 (80)      ; 0 (0)             ; 3 (3)            ; 0          ; |proc_mono_cycle|DataPath:Inst_DATA_PATH|ALU:Inst_ALU                                                           ; ALU                      ; work         ;
;       |BANC_REGISTRE:Inst_BANC_REG|                      ; 397 (397)   ; 256 (256)                 ; 0 (0)         ; 0           ; 0    ; 0          ; 0            ; 0       ; 0         ; 0    ; 0            ; 121 (121)    ; 33 (33)           ; 243 (243)        ; 0          ; |proc_mono_cycle|DataPath:Inst_DATA_PATH|BANC_REGISTRE:Inst_BANC_REG                                            ; BANC_REGISTRE            ; work         ;
;       |DATA_MEMORY:Inst_MEM|                             ; 2120 (2120) ; 2048 (2048)               ; 0 (0)         ; 0           ; 0    ; 0          ; 0            ; 0       ; 0         ; 0    ; 0            ; 72 (72)      ; 1041 (1041)       ; 1007 (1007)      ; 0          ; |proc_mono_cycle|DataPath:Inst_DATA_PATH|DATA_MEMORY:Inst_MEM                                                   ; DATA_MEMORY              ; work         ;
;       |MUL_2_TO_1:Inst_MUL_2_TO_1_1|                     ; 1402 (1402) ; 0 (0)                     ; 0 (0)         ; 0           ; 0    ; 0          ; 0            ; 0       ; 0         ; 0    ; 0            ; 424 (424)    ; 0 (0)             ; 978 (978)        ; 0          ; |proc_mono_cycle|DataPath:Inst_DATA_PATH|MUL_2_TO_1:Inst_MUL_2_TO_1_1                                           ; MUL_2_TO_1               ; work         ;
;       |MUL_2_TO_1:Inst_MUL_2_TO_1_2|                     ; 29 (29)     ; 0 (0)                     ; 0 (0)         ; 0           ; 0    ; 0          ; 0            ; 0       ; 0         ; 0    ; 0            ; 27 (27)      ; 0 (0)             ; 2 (2)            ; 0          ; |proc_mono_cycle|DataPath:Inst_DATA_PATH|MUL_2_TO_1:Inst_MUL_2_TO_1_2                                           ; MUL_2_TO_1               ; work         ;
;    |MUL_2_TO_1:Inst_MUL_2_TO_1_REGB|                     ; 4 (4)       ; 0 (0)                     ; 0 (0)         ; 0           ; 0    ; 0          ; 0            ; 0       ; 0         ; 0    ; 0            ; 3 (3)        ; 0 (0)             ; 1 (1)            ; 0          ; |proc_mono_cycle|MUL_2_TO_1:Inst_MUL_2_TO_1_REGB                                                                ; MUL_2_TO_1               ; work         ;
;    |SEVEN_SEG:Inst_HEX0|                                 ; 14 (14)     ; 0 (0)                     ; 0 (0)         ; 0           ; 0    ; 0          ; 0            ; 0       ; 0         ; 0    ; 0            ; 14 (14)      ; 0 (0)             ; 0 (0)            ; 0          ; |proc_mono_cycle|SEVEN_SEG:Inst_HEX0                                                                            ; SEVEN_SEG                ; work         ;
;    |SEVEN_SEG:Inst_HEX1|                                 ; 14 (14)     ; 0 (0)                     ; 0 (0)         ; 0           ; 0    ; 0          ; 0            ; 0       ; 0         ; 0    ; 0            ; 14 (14)      ; 0 (0)             ; 0 (0)            ; 0          ; |proc_mono_cycle|SEVEN_SEG:Inst_HEX1                                                                            ; SEVEN_SEG                ; work         ;
;    |SEVEN_SEG:Inst_HEX2|                                 ; 14 (14)     ; 0 (0)                     ; 0 (0)         ; 0           ; 0    ; 0          ; 0            ; 0       ; 0         ; 0    ; 0            ; 14 (14)      ; 0 (0)             ; 0 (0)            ; 0          ; |proc_mono_cycle|SEVEN_SEG:Inst_HEX2                                                                            ; SEVEN_SEG                ; work         ;
;    |SEVEN_SEG:Inst_HEX3|                                 ; 14 (14)     ; 0 (0)                     ; 0 (0)         ; 0           ; 0    ; 0          ; 0            ; 0       ; 0         ; 0    ; 0            ; 11 (11)      ; 0 (0)             ; 3 (3)            ; 0          ; |proc_mono_cycle|SEVEN_SEG:Inst_HEX3                                                                            ; SEVEN_SEG                ; work         ;
;    |UNIT_GESTION_INSTRUCTION:Inst_UNIT_GEST_INSTRUCTION| ; 41 (15)     ; 6 (6)                     ; 0 (0)         ; 0           ; 0    ; 0          ; 0            ; 0       ; 0         ; 0    ; 0            ; 31 (9)       ; 0 (0)             ; 10 (6)           ; 0          ; |proc_mono_cycle|UNIT_GESTION_INSTRUCTION:Inst_UNIT_GEST_INSTRUCTION                                            ; UNIT_GESTION_INSTRUCTION ; work         ;
;       |instruction_memory:Inst_INSTRUCTION_MEMORY|       ; 26 (26)     ; 0 (0)                     ; 0 (0)         ; 0           ; 0    ; 0          ; 0            ; 0       ; 0         ; 0    ; 0            ; 22 (22)      ; 0 (0)             ; 4 (4)            ; 0          ; |proc_mono_cycle|UNIT_GESTION_INSTRUCTION:Inst_UNIT_GEST_INSTRUCTION|instruction_memory:Inst_INSTRUCTION_MEMORY ; instruction_memory       ; work         ;
+----------------------------------------------------------+-------------+---------------------------+---------------+-------------+------+------------+--------------+---------+-----------+------+--------------+--------------+-------------------+------------------+------------+-----------------------------------------------------------------------------------------------------------------+--------------------------+--------------+
Note: For table entries with two numbers listed, the numbers in parentheses indicate the number of resources of the given type used by the specific entity alone. The numbers listed outside of parentheses indicate the total resources of the given type used by the specific entity and all of its sub-entities in the hierarchy.


+-----------------------------------------------------------------------------------------+
; Delay Chain Summary                                                                     ;
+---------+----------+---------------+---------------+-----------------------+-----+------+
; Name    ; Pin Type ; Pad to Core 0 ; Pad to Core 1 ; Pad to Input Register ; TCO ; TCOE ;
+---------+----------+---------------+---------------+-----------------------+-----+------+
; HEX0[6] ; Output   ; --            ; --            ; --                    ; --  ; --   ;
; HEX0[5] ; Output   ; --            ; --            ; --                    ; --  ; --   ;
; HEX0[4] ; Output   ; --            ; --            ; --                    ; --  ; --   ;
; HEX0[3] ; Output   ; --            ; --            ; --                    ; --  ; --   ;
; HEX0[2] ; Output   ; --            ; --            ; --                    ; --  ; --   ;
; HEX0[1] ; Output   ; --            ; --            ; --                    ; --  ; --   ;
; HEX0[0] ; Output   ; --            ; --            ; --                    ; --  ; --   ;
; HEX1[6] ; Output   ; --            ; --            ; --                    ; --  ; --   ;
; HEX1[5] ; Output   ; --            ; --            ; --                    ; --  ; --   ;
; HEX1[4] ; Output   ; --            ; --            ; --                    ; --  ; --   ;
; HEX1[3] ; Output   ; --            ; --            ; --                    ; --  ; --   ;
; HEX1[2] ; Output   ; --            ; --            ; --                    ; --  ; --   ;
; HEX1[1] ; Output   ; --            ; --            ; --                    ; --  ; --   ;
; HEX1[0] ; Output   ; --            ; --            ; --                    ; --  ; --   ;
; HEX2[6] ; Output   ; --            ; --            ; --                    ; --  ; --   ;
; HEX2[5] ; Output   ; --            ; --            ; --                    ; --  ; --   ;
; HEX2[4] ; Output   ; --            ; --            ; --                    ; --  ; --   ;
; HEX2[3] ; Output   ; --            ; --            ; --                    ; --  ; --   ;
; HEX2[2] ; Output   ; --            ; --            ; --                    ; --  ; --   ;
; HEX2[1] ; Output   ; --            ; --            ; --                    ; --  ; --   ;
; HEX2[0] ; Output   ; --            ; --            ; --                    ; --  ; --   ;
; HEX3[6] ; Output   ; --            ; --            ; --                    ; --  ; --   ;
; HEX3[5] ; Output   ; --            ; --            ; --                    ; --  ; --   ;
; HEX3[4] ; Output   ; --            ; --            ; --                    ; --  ; --   ;
; HEX3[3] ; Output   ; --            ; --            ; --                    ; --  ; --   ;
; HEX3[2] ; Output   ; --            ; --            ; --                    ; --  ; --   ;
; HEX3[1] ; Output   ; --            ; --            ; --                    ; --  ; --   ;
; HEX3[0] ; Output   ; --            ; --            ; --                    ; --  ; --   ;
; Pol_HEX ; Input    ; (6) 868 ps    ; --            ; --                    ; --  ; --   ;
; CLK     ; Input    ; (0) 0 ps      ; --            ; --                    ; --  ; --   ;
; RST     ; Input    ; (6) 868 ps    ; --            ; --                    ; --  ; --   ;
+---------+----------+---------------+---------------+-----------------------+-----+------+


+-------------------------------------------------------------------------------------------------------+
; Pad To Core Delay Chain Fanout                                                                        ;
+-------------------------------------------------------------------------+-------------------+---------+
; Source Pin / Fanout                                                     ; Pad To Core Index ; Setting ;
+-------------------------------------------------------------------------+-------------------+---------+
; Pol_HEX                                                                 ;                   ;         ;
;      - SEVEN_SEG:Inst_HEX0|Segout[6]~0                                  ; 0                 ; 6       ;
;      - SEVEN_SEG:Inst_HEX0|Segout[5]~1                                  ; 0                 ; 6       ;
;      - SEVEN_SEG:Inst_HEX0|Segout[4]~2                                  ; 0                 ; 6       ;
;      - SEVEN_SEG:Inst_HEX0|Segout[3]~3                                  ; 0                 ; 6       ;
;      - SEVEN_SEG:Inst_HEX0|Segout[2]~4                                  ; 0                 ; 6       ;
;      - SEVEN_SEG:Inst_HEX0|Segout[1]~5                                  ; 0                 ; 6       ;
;      - SEVEN_SEG:Inst_HEX0|Segout[0]~6                                  ; 0                 ; 6       ;
;      - SEVEN_SEG:Inst_HEX1|Segout[6]~0                                  ; 0                 ; 6       ;
;      - SEVEN_SEG:Inst_HEX1|Segout[5]~1                                  ; 0                 ; 6       ;
;      - SEVEN_SEG:Inst_HEX1|Segout[4]~2                                  ; 0                 ; 6       ;
;      - SEVEN_SEG:Inst_HEX1|Segout[3]~3                                  ; 0                 ; 6       ;
;      - SEVEN_SEG:Inst_HEX1|Segout[2]~4                                  ; 0                 ; 6       ;
;      - SEVEN_SEG:Inst_HEX1|Segout[1]~5                                  ; 0                 ; 6       ;
;      - SEVEN_SEG:Inst_HEX1|Segout[0]~6                                  ; 0                 ; 6       ;
;      - SEVEN_SEG:Inst_HEX2|Segout[6]~0                                  ; 0                 ; 6       ;
;      - SEVEN_SEG:Inst_HEX2|Segout[5]~1                                  ; 0                 ; 6       ;
;      - SEVEN_SEG:Inst_HEX2|Segout[4]~2                                  ; 0                 ; 6       ;
;      - SEVEN_SEG:Inst_HEX2|Segout[3]~3                                  ; 0                 ; 6       ;
;      - SEVEN_SEG:Inst_HEX2|Segout[2]~4                                  ; 0                 ; 6       ;
;      - SEVEN_SEG:Inst_HEX2|Segout[1]~5                                  ; 0                 ; 6       ;
;      - SEVEN_SEG:Inst_HEX2|Segout[0]~6                                  ; 0                 ; 6       ;
;      - SEVEN_SEG:Inst_HEX3|Segout[6]~0                                  ; 0                 ; 6       ;
;      - SEVEN_SEG:Inst_HEX3|Segout[5]~1                                  ; 0                 ; 6       ;
;      - SEVEN_SEG:Inst_HEX3|Segout[4]~2                                  ; 0                 ; 6       ;
;      - SEVEN_SEG:Inst_HEX3|Segout[3]~3                                  ; 0                 ; 6       ;
;      - SEVEN_SEG:Inst_HEX3|Segout[2]~4                                  ; 0                 ; 6       ;
;      - SEVEN_SEG:Inst_HEX3|Segout[1]~5                                  ; 0                 ; 6       ;
;      - SEVEN_SEG:Inst_HEX3|Segout[0]~6                                  ; 0                 ; 6       ;
; CLK                                                                     ;                   ;         ;
; RST                                                                     ;                   ;         ;
;      - DataPath:Inst_DATA_PATH|RegAff_reg[0]                            ; 0                 ; 6       ;
;      - DataPath:Inst_DATA_PATH|RegAff_reg[1]                            ; 0                 ; 6       ;
;      - DataPath:Inst_DATA_PATH|RegAff_reg[2]                            ; 0                 ; 6       ;
;      - DataPath:Inst_DATA_PATH|RegAff_reg[3]                            ; 0                 ; 6       ;
;      - DataPath:Inst_DATA_PATH|RegAff_reg[4]                            ; 0                 ; 6       ;
;      - DataPath:Inst_DATA_PATH|RegAff_reg[5]                            ; 0                 ; 6       ;
;      - DataPath:Inst_DATA_PATH|RegAff_reg[6]                            ; 0                 ; 6       ;
;      - DataPath:Inst_DATA_PATH|RegAff_reg[7]                            ; 0                 ; 6       ;
;      - DataPath:Inst_DATA_PATH|RegAff_reg[8]                            ; 0                 ; 6       ;
;      - DataPath:Inst_DATA_PATH|RegAff_reg[9]                            ; 0                 ; 6       ;
;      - DataPath:Inst_DATA_PATH|RegAff_reg[10]                           ; 0                 ; 6       ;
;      - DataPath:Inst_DATA_PATH|RegAff_reg[11]                           ; 0                 ; 6       ;
;      - DataPath:Inst_DATA_PATH|RegAff_reg[12]                           ; 0                 ; 6       ;
;      - DataPath:Inst_DATA_PATH|RegAff_reg[13]                           ; 0                 ; 6       ;
;      - DataPath:Inst_DATA_PATH|RegAff_reg[14]                           ; 0                 ; 6       ;
;      - DataPath:Inst_DATA_PATH|RegAff_reg[15]                           ; 0                 ; 6       ;
;      - DataPath:Inst_DATA_PATH|BANC_REGISTRE:Inst_BANC_REG|Banc[0][0]   ; 0                 ; 6       ;
;      - DataPath:Inst_DATA_PATH|BANC_REGISTRE:Inst_BANC_REG|Banc[1][0]   ; 0                 ; 6       ;
;      - DataPath:Inst_DATA_PATH|BANC_REGISTRE:Inst_BANC_REG|Banc[2][0]   ; 0                 ; 6       ;
;      - DataPath:Inst_DATA_PATH|BANC_REGISTRE:Inst_BANC_REG|Banc[3][0]   ; 0                 ; 6       ;
;      - DataPath:Inst_DATA_PATH|BANC_REGISTRE:Inst_BANC_REG|Banc[12][0]  ; 0                 ; 6       ;
;      - DataPath:Inst_DATA_PATH|BANC_REGISTRE:Inst_BANC_REG|Banc[13][0]  ; 0                 ; 6       ;
;      - DataPath:Inst_DATA_PATH|BANC_REGISTRE:Inst_BANC_REG|Banc[14][0]  ; 0                 ; 6       ;
;      - DataPath:Inst_DATA_PATH|BANC_REGISTRE:Inst_BANC_REG|Banc[15][0]  ; 0                 ; 6       ;
;      - UNIT_GESTION_INSTRUCTION:Inst_UNIT_GEST_INSTRUCTION|PC_reg[0]    ; 0                 ; 6       ;
;      - UNIT_GESTION_INSTRUCTION:Inst_UNIT_GEST_INSTRUCTION|PC_reg[1]    ; 0                 ; 6       ;
;      - UNIT_GESTION_INSTRUCTION:Inst_UNIT_GEST_INSTRUCTION|PC_reg[2]    ; 0                 ; 6       ;
;      - UNIT_GESTION_INSTRUCTION:Inst_UNIT_GEST_INSTRUCTION|PC_reg[3]    ; 0                 ; 6       ;
;      - UNIT_GESTION_INSTRUCTION:Inst_UNIT_GEST_INSTRUCTION|PC_reg[4]    ; 0                 ; 6       ;
;      - UNIT_GESTION_INSTRUCTION:Inst_UNIT_GEST_INSTRUCTION|PC_reg[5]    ; 0                 ; 6       ;
;      - DataPath:Inst_DATA_PATH|BANC_REGISTRE:Inst_BANC_REG|Banc[13][1]  ; 0                 ; 6       ;
;      - DataPath:Inst_DATA_PATH|BANC_REGISTRE:Inst_BANC_REG|Banc[14][1]  ; 0                 ; 6       ;
;      - DataPath:Inst_DATA_PATH|BANC_REGISTRE:Inst_BANC_REG|Banc[12][1]  ; 0                 ; 6       ;
;      - DataPath:Inst_DATA_PATH|BANC_REGISTRE:Inst_BANC_REG|Banc[15][1]  ; 0                 ; 6       ;
;      - DataPath:Inst_DATA_PATH|BANC_REGISTRE:Inst_BANC_REG|Banc[2][1]   ; 0                 ; 6       ;
;      - DataPath:Inst_DATA_PATH|BANC_REGISTRE:Inst_BANC_REG|Banc[1][1]   ; 0                 ; 6       ;
;      - DataPath:Inst_DATA_PATH|BANC_REGISTRE:Inst_BANC_REG|Banc[0][1]   ; 0                 ; 6       ;
;      - DataPath:Inst_DATA_PATH|BANC_REGISTRE:Inst_BANC_REG|Banc[3][1]   ; 0                 ; 6       ;
;      - DataPath:Inst_DATA_PATH|BANC_REGISTRE:Inst_BANC_REG|Banc[13][2]  ; 0                 ; 6       ;
;      - DataPath:Inst_DATA_PATH|BANC_REGISTRE:Inst_BANC_REG|Banc[14][2]  ; 0                 ; 6       ;
;      - DataPath:Inst_DATA_PATH|BANC_REGISTRE:Inst_BANC_REG|Banc[12][2]  ; 0                 ; 6       ;
;      - DataPath:Inst_DATA_PATH|BANC_REGISTRE:Inst_BANC_REG|Banc[15][2]  ; 0                 ; 6       ;
;      - DataPath:Inst_DATA_PATH|BANC_REGISTRE:Inst_BANC_REG|Banc[2][2]   ; 0                 ; 6       ;
;      - DataPath:Inst_DATA_PATH|BANC_REGISTRE:Inst_BANC_REG|Banc[0][2]   ; 0                 ; 6       ;
;      - DataPath:Inst_DATA_PATH|BANC_REGISTRE:Inst_BANC_REG|Banc[3][2]   ; 0                 ; 6       ;
;      - DataPath:Inst_DATA_PATH|BANC_REGISTRE:Inst_BANC_REG|Banc[1][2]   ; 0                 ; 6       ;
;      - DataPath:Inst_DATA_PATH|BANC_REGISTRE:Inst_BANC_REG|Banc[13][3]  ; 0                 ; 6       ;
;      - DataPath:Inst_DATA_PATH|BANC_REGISTRE:Inst_BANC_REG|Banc[14][3]  ; 0                 ; 6       ;
;      - DataPath:Inst_DATA_PATH|BANC_REGISTRE:Inst_BANC_REG|Banc[12][3]  ; 0                 ; 6       ;
;      - DataPath:Inst_DATA_PATH|BANC_REGISTRE:Inst_BANC_REG|Banc[15][3]  ; 0                 ; 6       ;
;      - DataPath:Inst_DATA_PATH|BANC_REGISTRE:Inst_BANC_REG|Banc[2][3]   ; 0                 ; 6       ;
;      - DataPath:Inst_DATA_PATH|BANC_REGISTRE:Inst_BANC_REG|Banc[1][3]   ; 0                 ; 6       ;
;      - DataPath:Inst_DATA_PATH|BANC_REGISTRE:Inst_BANC_REG|Banc[0][3]   ; 0                 ; 6       ;
;      - DataPath:Inst_DATA_PATH|BANC_REGISTRE:Inst_BANC_REG|Banc[3][3]   ; 0                 ; 6       ;
;      - DataPath:Inst_DATA_PATH|BANC_REGISTRE:Inst_BANC_REG|Banc[13][4]  ; 0                 ; 6       ;
;      - DataPath:Inst_DATA_PATH|BANC_REGISTRE:Inst_BANC_REG|Banc[14][4]  ; 0                 ; 6       ;
;      - DataPath:Inst_DATA_PATH|BANC_REGISTRE:Inst_BANC_REG|Banc[12][4]  ; 0                 ; 6       ;
;      - DataPath:Inst_DATA_PATH|BANC_REGISTRE:Inst_BANC_REG|Banc[15][4]  ; 0                 ; 6       ;
;      - DataPath:Inst_DATA_PATH|BANC_REGISTRE:Inst_BANC_REG|Banc[2][4]   ; 0                 ; 6       ;
;      - DataPath:Inst_DATA_PATH|BANC_REGISTRE:Inst_BANC_REG|Banc[0][4]   ; 0                 ; 6       ;
;      - DataPath:Inst_DATA_PATH|BANC_REGISTRE:Inst_BANC_REG|Banc[3][4]   ; 0                 ; 6       ;
;      - DataPath:Inst_DATA_PATH|BANC_REGISTRE:Inst_BANC_REG|Banc[1][4]   ; 0                 ; 6       ;
;      - DataPath:Inst_DATA_PATH|BANC_REGISTRE:Inst_BANC_REG|Banc[13][5]  ; 0                 ; 6       ;
;      - DataPath:Inst_DATA_PATH|BANC_REGISTRE:Inst_BANC_REG|Banc[14][5]  ; 0                 ; 6       ;
;      - DataPath:Inst_DATA_PATH|BANC_REGISTRE:Inst_BANC_REG|Banc[12][5]  ; 0                 ; 6       ;
;      - DataPath:Inst_DATA_PATH|BANC_REGISTRE:Inst_BANC_REG|Banc[15][5]  ; 0                 ; 6       ;
;      - DataPath:Inst_DATA_PATH|BANC_REGISTRE:Inst_BANC_REG|Banc[2][5]   ; 0                 ; 6       ;
;      - DataPath:Inst_DATA_PATH|BANC_REGISTRE:Inst_BANC_REG|Banc[0][5]   ; 0                 ; 6       ;
;      - DataPath:Inst_DATA_PATH|BANC_REGISTRE:Inst_BANC_REG|Banc[3][5]   ; 0                 ; 6       ;
;      - DataPath:Inst_DATA_PATH|BANC_REGISTRE:Inst_BANC_REG|Banc[1][5]   ; 0                 ; 6       ;
;      - DataPath:Inst_DATA_PATH|BANC_REGISTRE:Inst_BANC_REG|Banc[13][6]  ; 0                 ; 6       ;
;      - DataPath:Inst_DATA_PATH|BANC_REGISTRE:Inst_BANC_REG|Banc[14][6]  ; 0                 ; 6       ;
;      - DataPath:Inst_DATA_PATH|BANC_REGISTRE:Inst_BANC_REG|Banc[12][6]  ; 0                 ; 6       ;
;      - DataPath:Inst_DATA_PATH|BANC_REGISTRE:Inst_BANC_REG|Banc[15][6]  ; 0                 ; 6       ;
;      - DataPath:Inst_DATA_PATH|BANC_REGISTRE:Inst_BANC_REG|Banc[2][6]   ; 0                 ; 6       ;
;      - DataPath:Inst_DATA_PATH|BANC_REGISTRE:Inst_BANC_REG|Banc[0][6]   ; 0                 ; 6       ;
;      - DataPath:Inst_DATA_PATH|BANC_REGISTRE:Inst_BANC_REG|Banc[3][6]   ; 0                 ; 6       ;
;      - DataPath:Inst_DATA_PATH|BANC_REGISTRE:Inst_BANC_REG|Banc[1][6]   ; 0                 ; 6       ;
;      - DataPath:Inst_DATA_PATH|BANC_REGISTRE:Inst_BANC_REG|Banc[13][7]  ; 0                 ; 6       ;
;      - DataPath:Inst_DATA_PATH|BANC_REGISTRE:Inst_BANC_REG|Banc[14][7]  ; 0                 ; 6       ;
;      - DataPath:Inst_DATA_PATH|BANC_REGISTRE:Inst_BANC_REG|Banc[12][7]  ; 0                 ; 6       ;
;      - DataPath:Inst_DATA_PATH|BANC_REGISTRE:Inst_BANC_REG|Banc[15][7]  ; 0                 ; 6       ;
;      - DataPath:Inst_DATA_PATH|BANC_REGISTRE:Inst_BANC_REG|Banc[2][7]   ; 0                 ; 6       ;
;      - DataPath:Inst_DATA_PATH|BANC_REGISTRE:Inst_BANC_REG|Banc[0][7]   ; 0                 ; 6       ;
;      - DataPath:Inst_DATA_PATH|BANC_REGISTRE:Inst_BANC_REG|Banc[3][7]   ; 0                 ; 6       ;
;      - DataPath:Inst_DATA_PATH|BANC_REGISTRE:Inst_BANC_REG|Banc[1][7]   ; 0                 ; 6       ;
;      - DataPath:Inst_DATA_PATH|BANC_REGISTRE:Inst_BANC_REG|Banc[13][8]  ; 0                 ; 6       ;
;      - DataPath:Inst_DATA_PATH|BANC_REGISTRE:Inst_BANC_REG|Banc[14][8]  ; 0                 ; 6       ;
;      - DataPath:Inst_DATA_PATH|BANC_REGISTRE:Inst_BANC_REG|Banc[12][8]  ; 0                 ; 6       ;
;      - DataPath:Inst_DATA_PATH|BANC_REGISTRE:Inst_BANC_REG|Banc[15][8]  ; 0                 ; 6       ;
;      - DataPath:Inst_DATA_PATH|BANC_REGISTRE:Inst_BANC_REG|Banc[2][8]   ; 0                 ; 6       ;
;      - DataPath:Inst_DATA_PATH|BANC_REGISTRE:Inst_BANC_REG|Banc[1][8]   ; 0                 ; 6       ;
;      - DataPath:Inst_DATA_PATH|BANC_REGISTRE:Inst_BANC_REG|Banc[0][8]   ; 0                 ; 6       ;
;      - DataPath:Inst_DATA_PATH|BANC_REGISTRE:Inst_BANC_REG|Banc[3][8]   ; 0                 ; 6       ;
;      - DataPath:Inst_DATA_PATH|BANC_REGISTRE:Inst_BANC_REG|Banc[13][9]  ; 0                 ; 6       ;
;      - DataPath:Inst_DATA_PATH|BANC_REGISTRE:Inst_BANC_REG|Banc[14][9]  ; 0                 ; 6       ;
;      - DataPath:Inst_DATA_PATH|BANC_REGISTRE:Inst_BANC_REG|Banc[12][9]  ; 0                 ; 6       ;
;      - DataPath:Inst_DATA_PATH|BANC_REGISTRE:Inst_BANC_REG|Banc[15][9]  ; 0                 ; 6       ;
;      - DataPath:Inst_DATA_PATH|BANC_REGISTRE:Inst_BANC_REG|Banc[2][9]   ; 0                 ; 6       ;
;      - DataPath:Inst_DATA_PATH|BANC_REGISTRE:Inst_BANC_REG|Banc[0][9]   ; 0                 ; 6       ;
;      - DataPath:Inst_DATA_PATH|BANC_REGISTRE:Inst_BANC_REG|Banc[3][9]   ; 0                 ; 6       ;
;      - DataPath:Inst_DATA_PATH|BANC_REGISTRE:Inst_BANC_REG|Banc[1][9]   ; 0                 ; 6       ;
;      - DataPath:Inst_DATA_PATH|BANC_REGISTRE:Inst_BANC_REG|Banc[13][10] ; 0                 ; 6       ;
;      - DataPath:Inst_DATA_PATH|BANC_REGISTRE:Inst_BANC_REG|Banc[14][10] ; 0                 ; 6       ;
;      - DataPath:Inst_DATA_PATH|BANC_REGISTRE:Inst_BANC_REG|Banc[12][10] ; 0                 ; 6       ;
;      - DataPath:Inst_DATA_PATH|BANC_REGISTRE:Inst_BANC_REG|Banc[15][10] ; 0                 ; 6       ;
;      - DataPath:Inst_DATA_PATH|BANC_REGISTRE:Inst_BANC_REG|Banc[2][10]  ; 0                 ; 6       ;
;      - DataPath:Inst_DATA_PATH|BANC_REGISTRE:Inst_BANC_REG|Banc[0][10]  ; 0                 ; 6       ;
;      - DataPath:Inst_DATA_PATH|BANC_REGISTRE:Inst_BANC_REG|Banc[3][10]  ; 0                 ; 6       ;
;      - DataPath:Inst_DATA_PATH|BANC_REGISTRE:Inst_BANC_REG|Banc[1][10]  ; 0                 ; 6       ;
;      - DataPath:Inst_DATA_PATH|BANC_REGISTRE:Inst_BANC_REG|Banc[13][11] ; 0                 ; 6       ;
;      - DataPath:Inst_DATA_PATH|BANC_REGISTRE:Inst_BANC_REG|Banc[14][11] ; 0                 ; 6       ;
;      - DataPath:Inst_DATA_PATH|BANC_REGISTRE:Inst_BANC_REG|Banc[12][11] ; 0                 ; 6       ;
;      - DataPath:Inst_DATA_PATH|BANC_REGISTRE:Inst_BANC_REG|Banc[15][11] ; 0                 ; 6       ;
;      - DataPath:Inst_DATA_PATH|BANC_REGISTRE:Inst_BANC_REG|Banc[2][11]  ; 0                 ; 6       ;
;      - DataPath:Inst_DATA_PATH|BANC_REGISTRE:Inst_BANC_REG|Banc[1][11]  ; 0                 ; 6       ;
;      - DataPath:Inst_DATA_PATH|BANC_REGISTRE:Inst_BANC_REG|Banc[0][11]  ; 0                 ; 6       ;
;      - DataPath:Inst_DATA_PATH|BANC_REGISTRE:Inst_BANC_REG|Banc[3][11]  ; 0                 ; 6       ;
;      - DataPath:Inst_DATA_PATH|BANC_REGISTRE:Inst_BANC_REG|Banc[13][12] ; 0                 ; 6       ;
;      - DataPath:Inst_DATA_PATH|BANC_REGISTRE:Inst_BANC_REG|Banc[14][12] ; 0                 ; 6       ;
;      - DataPath:Inst_DATA_PATH|BANC_REGISTRE:Inst_BANC_REG|Banc[12][12] ; 0                 ; 6       ;
;      - DataPath:Inst_DATA_PATH|BANC_REGISTRE:Inst_BANC_REG|Banc[15][12] ; 0                 ; 6       ;
;      - DataPath:Inst_DATA_PATH|BANC_REGISTRE:Inst_BANC_REG|Banc[2][12]  ; 0                 ; 6       ;
;      - DataPath:Inst_DATA_PATH|BANC_REGISTRE:Inst_BANC_REG|Banc[1][12]  ; 0                 ; 6       ;
;      - DataPath:Inst_DATA_PATH|BANC_REGISTRE:Inst_BANC_REG|Banc[0][12]  ; 0                 ; 6       ;
;      - DataPath:Inst_DATA_PATH|BANC_REGISTRE:Inst_BANC_REG|Banc[3][12]  ; 0                 ; 6       ;
;      - DataPath:Inst_DATA_PATH|BANC_REGISTRE:Inst_BANC_REG|Banc[13][13] ; 0                 ; 6       ;
;      - DataPath:Inst_DATA_PATH|BANC_REGISTRE:Inst_BANC_REG|Banc[14][13] ; 0                 ; 6       ;
;      - DataPath:Inst_DATA_PATH|BANC_REGISTRE:Inst_BANC_REG|Banc[12][13] ; 0                 ; 6       ;
;      - DataPath:Inst_DATA_PATH|BANC_REGISTRE:Inst_BANC_REG|Banc[15][13] ; 0                 ; 6       ;
;      - DataPath:Inst_DATA_PATH|BANC_REGISTRE:Inst_BANC_REG|Banc[2][13]  ; 0                 ; 6       ;
;      - DataPath:Inst_DATA_PATH|BANC_REGISTRE:Inst_BANC_REG|Banc[1][13]  ; 0                 ; 6       ;
;      - DataPath:Inst_DATA_PATH|BANC_REGISTRE:Inst_BANC_REG|Banc[0][13]  ; 0                 ; 6       ;
;      - DataPath:Inst_DATA_PATH|BANC_REGISTRE:Inst_BANC_REG|Banc[3][13]  ; 0                 ; 6       ;
;      - DataPath:Inst_DATA_PATH|BANC_REGISTRE:Inst_BANC_REG|Banc[13][14] ; 0                 ; 6       ;
;      - DataPath:Inst_DATA_PATH|BANC_REGISTRE:Inst_BANC_REG|Banc[14][14] ; 0                 ; 6       ;
;      - DataPath:Inst_DATA_PATH|BANC_REGISTRE:Inst_BANC_REG|Banc[12][14] ; 0                 ; 6       ;
;      - DataPath:Inst_DATA_PATH|BANC_REGISTRE:Inst_BANC_REG|Banc[15][14] ; 0                 ; 6       ;
;      - DataPath:Inst_DATA_PATH|BANC_REGISTRE:Inst_BANC_REG|Banc[2][14]  ; 0                 ; 6       ;
;      - DataPath:Inst_DATA_PATH|BANC_REGISTRE:Inst_BANC_REG|Banc[1][14]  ; 0                 ; 6       ;
;      - DataPath:Inst_DATA_PATH|BANC_REGISTRE:Inst_BANC_REG|Banc[0][14]  ; 0                 ; 6       ;
;      - DataPath:Inst_DATA_PATH|BANC_REGISTRE:Inst_BANC_REG|Banc[3][14]  ; 0                 ; 6       ;
;      - DataPath:Inst_DATA_PATH|BANC_REGISTRE:Inst_BANC_REG|Banc[13][15] ; 0                 ; 6       ;
;      - DataPath:Inst_DATA_PATH|BANC_REGISTRE:Inst_BANC_REG|Banc[14][15] ; 0                 ; 6       ;
;      - DataPath:Inst_DATA_PATH|BANC_REGISTRE:Inst_BANC_REG|Banc[12][15] ; 0                 ; 6       ;
;      - DataPath:Inst_DATA_PATH|BANC_REGISTRE:Inst_BANC_REG|Banc[15][15] ; 0                 ; 6       ;
;      - DataPath:Inst_DATA_PATH|BANC_REGISTRE:Inst_BANC_REG|Banc[2][15]  ; 0                 ; 6       ;
;      - DataPath:Inst_DATA_PATH|BANC_REGISTRE:Inst_BANC_REG|Banc[1][15]  ; 0                 ; 6       ;
;      - DataPath:Inst_DATA_PATH|BANC_REGISTRE:Inst_BANC_REG|Banc[0][15]  ; 0                 ; 6       ;
;      - DataPath:Inst_DATA_PATH|BANC_REGISTRE:Inst_BANC_REG|Banc[3][15]  ; 0                 ; 6       ;
;      - DataPath:Inst_DATA_PATH|DATA_MEMORY:Inst_MEM|MEM[44][0]          ; 0                 ; 6       ;
;      - DataPath:Inst_DATA_PATH|DATA_MEMORY:Inst_MEM|MEM[38][0]          ; 0                 ; 6       ;
;      - DataPath:Inst_DATA_PATH|DATA_MEMORY:Inst_MEM|MEM[36][0]          ; 0                 ; 6       ;
;      - DataPath:Inst_DATA_PATH|DATA_MEMORY:Inst_MEM|MEM[46][0]          ; 0                 ; 6       ;
;      - DataPath:Inst_DATA_PATH|DATA_MEMORY:Inst_MEM|MEM[41][0]          ; 0                 ; 6       ;
;      - DataPath:Inst_DATA_PATH|DATA_MEMORY:Inst_MEM|MEM[35][0]          ; 0                 ; 6       ;
;      - DataPath:Inst_DATA_PATH|DATA_MEMORY:Inst_MEM|MEM[33][0]          ; 0                 ; 6       ;
;      - DataPath:Inst_DATA_PATH|DATA_MEMORY:Inst_MEM|MEM[43][0]          ; 0                 ; 6       ;
;      - DataPath:Inst_DATA_PATH|DATA_MEMORY:Inst_MEM|MEM[40][0]          ; 0                 ; 6       ;
;      - DataPath:Inst_DATA_PATH|DATA_MEMORY:Inst_MEM|MEM[34][0]          ; 0                 ; 6       ;
;      - DataPath:Inst_DATA_PATH|DATA_MEMORY:Inst_MEM|MEM[32][0]          ; 0                 ; 6       ;
;      - DataPath:Inst_DATA_PATH|DATA_MEMORY:Inst_MEM|MEM[42][0]          ; 0                 ; 6       ;
;      - DataPath:Inst_DATA_PATH|DATA_MEMORY:Inst_MEM|MEM[45][0]          ; 0                 ; 6       ;
;      - DataPath:Inst_DATA_PATH|DATA_MEMORY:Inst_MEM|MEM[39][0]          ; 0                 ; 6       ;
;      - DataPath:Inst_DATA_PATH|DATA_MEMORY:Inst_MEM|MEM[37][0]          ; 0                 ; 6       ;
;      - DataPath:Inst_DATA_PATH|DATA_MEMORY:Inst_MEM|MEM[47][0]          ; 0                 ; 6       ;
;      - DataPath:Inst_DATA_PATH|DATA_MEMORY:Inst_MEM|MEM[26][0]          ; 0                 ; 6       ;
;      - DataPath:Inst_DATA_PATH|DATA_MEMORY:Inst_MEM|MEM[19][0]          ; 0                 ; 6       ;
;      - DataPath:Inst_DATA_PATH|DATA_MEMORY:Inst_MEM|MEM[18][0]          ; 0                 ; 6       ;
;      - DataPath:Inst_DATA_PATH|DATA_MEMORY:Inst_MEM|MEM[27][0]          ; 0                 ; 6       ;
;      - DataPath:Inst_DATA_PATH|DATA_MEMORY:Inst_MEM|MEM[28][0]          ; 0                 ; 6       ;
;      - DataPath:Inst_DATA_PATH|DATA_MEMORY:Inst_MEM|MEM[21][0]          ; 0                 ; 6       ;
;      - DataPath:Inst_DATA_PATH|DATA_MEMORY:Inst_MEM|MEM[20][0]          ; 0                 ; 6       ;
;      - DataPath:Inst_DATA_PATH|DATA_MEMORY:Inst_MEM|MEM[29][0]          ; 0                 ; 6       ;
;      - DataPath:Inst_DATA_PATH|DATA_MEMORY:Inst_MEM|MEM[24][0]          ; 0                 ; 6       ;
;      - DataPath:Inst_DATA_PATH|DATA_MEMORY:Inst_MEM|MEM[17][0]          ; 0                 ; 6       ;
;      - DataPath:Inst_DATA_PATH|DATA_MEMORY:Inst_MEM|MEM[16][0]          ; 0                 ; 6       ;
;      - DataPath:Inst_DATA_PATH|DATA_MEMORY:Inst_MEM|MEM[25][0]          ; 0                 ; 6       ;
;      - DataPath:Inst_DATA_PATH|DATA_MEMORY:Inst_MEM|MEM[30][0]          ; 0                 ; 6       ;
;      - DataPath:Inst_DATA_PATH|DATA_MEMORY:Inst_MEM|MEM[23][0]          ; 0                 ; 6       ;
;      - DataPath:Inst_DATA_PATH|DATA_MEMORY:Inst_MEM|MEM[22][0]          ; 0                 ; 6       ;
;      - DataPath:Inst_DATA_PATH|DATA_MEMORY:Inst_MEM|MEM[31][0]          ; 0                 ; 6       ;
;      - DataPath:Inst_DATA_PATH|DATA_MEMORY:Inst_MEM|MEM[9][0]           ; 0                 ; 6       ;
;      - DataPath:Inst_DATA_PATH|DATA_MEMORY:Inst_MEM|MEM[5][0]           ; 0                 ; 6       ;
;      - DataPath:Inst_DATA_PATH|DATA_MEMORY:Inst_MEM|MEM[1][0]           ; 0                 ; 6       ;
;      - DataPath:Inst_DATA_PATH|DATA_MEMORY:Inst_MEM|MEM[13][0]          ; 0                 ; 6       ;
;      - DataPath:Inst_DATA_PATH|DATA_MEMORY:Inst_MEM|MEM[10][0]          ; 0                 ; 6       ;
;      - DataPath:Inst_DATA_PATH|DATA_MEMORY:Inst_MEM|MEM[6][0]           ; 0                 ; 6       ;
;      - DataPath:Inst_DATA_PATH|DATA_MEMORY:Inst_MEM|MEM[2][0]           ; 0                 ; 6       ;
;      - DataPath:Inst_DATA_PATH|DATA_MEMORY:Inst_MEM|MEM[14][0]          ; 0                 ; 6       ;
;      - DataPath:Inst_DATA_PATH|DATA_MEMORY:Inst_MEM|MEM[8][0]           ; 0                 ; 6       ;
;      - DataPath:Inst_DATA_PATH|DATA_MEMORY:Inst_MEM|MEM[4][0]           ; 0                 ; 6       ;
;      - DataPath:Inst_DATA_PATH|DATA_MEMORY:Inst_MEM|MEM[0][0]           ; 0                 ; 6       ;
;      - DataPath:Inst_DATA_PATH|DATA_MEMORY:Inst_MEM|MEM[12][0]          ; 0                 ; 6       ;
;      - DataPath:Inst_DATA_PATH|DATA_MEMORY:Inst_MEM|MEM[11][0]          ; 0                 ; 6       ;
;      - DataPath:Inst_DATA_PATH|DATA_MEMORY:Inst_MEM|MEM[7][0]           ; 0                 ; 6       ;
;      - DataPath:Inst_DATA_PATH|DATA_MEMORY:Inst_MEM|MEM[3][0]           ; 0                 ; 6       ;
;      - DataPath:Inst_DATA_PATH|DATA_MEMORY:Inst_MEM|MEM[15][0]          ; 0                 ; 6       ;
;      - DataPath:Inst_DATA_PATH|DATA_MEMORY:Inst_MEM|MEM[57][0]          ; 0                 ; 6       ;
;      - DataPath:Inst_DATA_PATH|DATA_MEMORY:Inst_MEM|MEM[53][0]          ; 0                 ; 6       ;
;      - DataPath:Inst_DATA_PATH|DATA_MEMORY:Inst_MEM|MEM[49][0]          ; 0                 ; 6       ;
;      - DataPath:Inst_DATA_PATH|DATA_MEMORY:Inst_MEM|MEM[61][0]          ; 0                 ; 6       ;
;      - DataPath:Inst_DATA_PATH|DATA_MEMORY:Inst_MEM|MEM[58][0]          ; 0                 ; 6       ;
;      - DataPath:Inst_DATA_PATH|DATA_MEMORY:Inst_MEM|MEM[54][0]          ; 0                 ; 6       ;
;      - DataPath:Inst_DATA_PATH|DATA_MEMORY:Inst_MEM|MEM[50][0]          ; 0                 ; 6       ;
;      - DataPath:Inst_DATA_PATH|DATA_MEMORY:Inst_MEM|MEM[62][0]          ; 0                 ; 6       ;
;      - DataPath:Inst_DATA_PATH|DATA_MEMORY:Inst_MEM|MEM[56][0]          ; 0                 ; 6       ;
;      - DataPath:Inst_DATA_PATH|DATA_MEMORY:Inst_MEM|MEM[52][0]          ; 0                 ; 6       ;
;      - DataPath:Inst_DATA_PATH|DATA_MEMORY:Inst_MEM|MEM[48][0]          ; 0                 ; 6       ;
;      - DataPath:Inst_DATA_PATH|DATA_MEMORY:Inst_MEM|MEM[60][0]          ; 0                 ; 6       ;
;      - DataPath:Inst_DATA_PATH|DATA_MEMORY:Inst_MEM|MEM[59][0]          ; 0                 ; 6       ;
;      - DataPath:Inst_DATA_PATH|DATA_MEMORY:Inst_MEM|MEM[55][0]          ; 0                 ; 6       ;
;      - DataPath:Inst_DATA_PATH|DATA_MEMORY:Inst_MEM|MEM[51][0]          ; 0                 ; 6       ;
;      - DataPath:Inst_DATA_PATH|DATA_MEMORY:Inst_MEM|MEM[63][0]          ; 0                 ; 6       ;
;      - s_N_flag                                                         ; 0                 ; 6       ;
;      - DataPath:Inst_DATA_PATH|DATA_MEMORY:Inst_MEM|MEM[49][1]          ; 0                 ; 6       ;
;      - DataPath:Inst_DATA_PATH|DATA_MEMORY:Inst_MEM|MEM[21][1]          ; 0                 ; 6       ;
;      - DataPath:Inst_DATA_PATH|DATA_MEMORY:Inst_MEM|MEM[17][1]          ; 0                 ; 6       ;
;      - DataPath:Inst_DATA_PATH|DATA_MEMORY:Inst_MEM|MEM[53][1]          ; 0                 ; 6       ;
;      - DataPath:Inst_DATA_PATH|DATA_MEMORY:Inst_MEM|MEM[50][1]          ; 0                 ; 6       ;
;      - DataPath:Inst_DATA_PATH|DATA_MEMORY:Inst_MEM|MEM[22][1]          ; 0                 ; 6       ;
;      - DataPath:Inst_DATA_PATH|DATA_MEMORY:Inst_MEM|MEM[18][1]          ; 0                 ; 6       ;
;      - DataPath:Inst_DATA_PATH|DATA_MEMORY:Inst_MEM|MEM[54][1]          ; 0                 ; 6       ;
;      - DataPath:Inst_DATA_PATH|DATA_MEMORY:Inst_MEM|MEM[48][1]          ; 0                 ; 6       ;
;      - DataPath:Inst_DATA_PATH|DATA_MEMORY:Inst_MEM|MEM[20][1]          ; 0                 ; 6       ;
;      - DataPath:Inst_DATA_PATH|DATA_MEMORY:Inst_MEM|MEM[16][1]          ; 0                 ; 6       ;
;      - DataPath:Inst_DATA_PATH|DATA_MEMORY:Inst_MEM|MEM[52][1]          ; 0                 ; 6       ;
;      - DataPath:Inst_DATA_PATH|DATA_MEMORY:Inst_MEM|MEM[51][1]          ; 0                 ; 6       ;
;      - DataPath:Inst_DATA_PATH|DATA_MEMORY:Inst_MEM|MEM[23][1]          ; 0                 ; 6       ;
;      - DataPath:Inst_DATA_PATH|DATA_MEMORY:Inst_MEM|MEM[19][1]          ; 0                 ; 6       ;
;      - DataPath:Inst_DATA_PATH|DATA_MEMORY:Inst_MEM|MEM[55][1]          ; 0                 ; 6       ;
;      - DataPath:Inst_DATA_PATH|DATA_MEMORY:Inst_MEM|MEM[44][1]          ; 0                 ; 6       ;
;      - DataPath:Inst_DATA_PATH|DATA_MEMORY:Inst_MEM|MEM[13][1]          ; 0                 ; 6       ;
;      - DataPath:Inst_DATA_PATH|DATA_MEMORY:Inst_MEM|MEM[12][1]          ; 0                 ; 6       ;
;      - DataPath:Inst_DATA_PATH|DATA_MEMORY:Inst_MEM|MEM[45][1]          ; 0                 ; 6       ;
;      - DataPath:Inst_DATA_PATH|DATA_MEMORY:Inst_MEM|MEM[42][1]          ; 0                 ; 6       ;
;      - DataPath:Inst_DATA_PATH|DATA_MEMORY:Inst_MEM|MEM[11][1]          ; 0                 ; 6       ;
;      - DataPath:Inst_DATA_PATH|DATA_MEMORY:Inst_MEM|MEM[10][1]          ; 0                 ; 6       ;
;      - DataPath:Inst_DATA_PATH|DATA_MEMORY:Inst_MEM|MEM[43][1]          ; 0                 ; 6       ;
;      - DataPath:Inst_DATA_PATH|DATA_MEMORY:Inst_MEM|MEM[40][1]          ; 0                 ; 6       ;
;      - DataPath:Inst_DATA_PATH|DATA_MEMORY:Inst_MEM|MEM[9][1]           ; 0                 ; 6       ;
;      - DataPath:Inst_DATA_PATH|DATA_MEMORY:Inst_MEM|MEM[8][1]           ; 0                 ; 6       ;
;      - DataPath:Inst_DATA_PATH|DATA_MEMORY:Inst_MEM|MEM[41][1]          ; 0                 ; 6       ;
;      - DataPath:Inst_DATA_PATH|DATA_MEMORY:Inst_MEM|MEM[46][1]          ; 0                 ; 6       ;
;      - DataPath:Inst_DATA_PATH|DATA_MEMORY:Inst_MEM|MEM[15][1]          ; 0                 ; 6       ;
;      - DataPath:Inst_DATA_PATH|DATA_MEMORY:Inst_MEM|MEM[14][1]          ; 0                 ; 6       ;
;      - DataPath:Inst_DATA_PATH|DATA_MEMORY:Inst_MEM|MEM[47][1]          ; 0                 ; 6       ;
;      - DataPath:Inst_DATA_PATH|DATA_MEMORY:Inst_MEM|MEM[36][1]          ; 0                 ; 6       ;
;      - DataPath:Inst_DATA_PATH|DATA_MEMORY:Inst_MEM|MEM[6][1]           ; 0                 ; 6       ;
;      - DataPath:Inst_DATA_PATH|DATA_MEMORY:Inst_MEM|MEM[4][1]           ; 0                 ; 6       ;
;      - DataPath:Inst_DATA_PATH|DATA_MEMORY:Inst_MEM|MEM[38][1]          ; 0                 ; 6       ;
;      - DataPath:Inst_DATA_PATH|DATA_MEMORY:Inst_MEM|MEM[33][1]          ; 0                 ; 6       ;
;      - DataPath:Inst_DATA_PATH|DATA_MEMORY:Inst_MEM|MEM[3][1]           ; 0                 ; 6       ;
;      - DataPath:Inst_DATA_PATH|DATA_MEMORY:Inst_MEM|MEM[1][1]           ; 0                 ; 6       ;
;      - DataPath:Inst_DATA_PATH|DATA_MEMORY:Inst_MEM|MEM[35][1]          ; 0                 ; 6       ;
;      - DataPath:Inst_DATA_PATH|DATA_MEMORY:Inst_MEM|MEM[32][1]          ; 0                 ; 6       ;
;      - DataPath:Inst_DATA_PATH|DATA_MEMORY:Inst_MEM|MEM[2][1]           ; 0                 ; 6       ;
;      - DataPath:Inst_DATA_PATH|DATA_MEMORY:Inst_MEM|MEM[0][1]           ; 0                 ; 6       ;
;      - DataPath:Inst_DATA_PATH|DATA_MEMORY:Inst_MEM|MEM[34][1]          ; 0                 ; 6       ;
;      - DataPath:Inst_DATA_PATH|DATA_MEMORY:Inst_MEM|MEM[37][1]          ; 0                 ; 6       ;
;      - DataPath:Inst_DATA_PATH|DATA_MEMORY:Inst_MEM|MEM[7][1]           ; 0                 ; 6       ;
;      - DataPath:Inst_DATA_PATH|DATA_MEMORY:Inst_MEM|MEM[5][1]           ; 0                 ; 6       ;
;      - DataPath:Inst_DATA_PATH|DATA_MEMORY:Inst_MEM|MEM[39][1]          ; 0                 ; 6       ;
;      - DataPath:Inst_DATA_PATH|DATA_MEMORY:Inst_MEM|MEM[60][1]          ; 0                 ; 6       ;
;      - DataPath:Inst_DATA_PATH|DATA_MEMORY:Inst_MEM|MEM[30][1]          ; 0                 ; 6       ;
;      - DataPath:Inst_DATA_PATH|DATA_MEMORY:Inst_MEM|MEM[28][1]          ; 0                 ; 6       ;
;      - DataPath:Inst_DATA_PATH|DATA_MEMORY:Inst_MEM|MEM[62][1]          ; 0                 ; 6       ;
;      - DataPath:Inst_DATA_PATH|DATA_MEMORY:Inst_MEM|MEM[57][1]          ; 0                 ; 6       ;
;      - DataPath:Inst_DATA_PATH|DATA_MEMORY:Inst_MEM|MEM[27][1]          ; 0                 ; 6       ;
;      - DataPath:Inst_DATA_PATH|DATA_MEMORY:Inst_MEM|MEM[25][1]          ; 0                 ; 6       ;
;      - DataPath:Inst_DATA_PATH|DATA_MEMORY:Inst_MEM|MEM[59][1]          ; 0                 ; 6       ;
;      - DataPath:Inst_DATA_PATH|DATA_MEMORY:Inst_MEM|MEM[56][1]          ; 0                 ; 6       ;
;      - DataPath:Inst_DATA_PATH|DATA_MEMORY:Inst_MEM|MEM[26][1]          ; 0                 ; 6       ;
;      - DataPath:Inst_DATA_PATH|DATA_MEMORY:Inst_MEM|MEM[24][1]          ; 0                 ; 6       ;
;      - DataPath:Inst_DATA_PATH|DATA_MEMORY:Inst_MEM|MEM[58][1]          ; 0                 ; 6       ;
;      - DataPath:Inst_DATA_PATH|DATA_MEMORY:Inst_MEM|MEM[61][1]          ; 0                 ; 6       ;
;      - DataPath:Inst_DATA_PATH|DATA_MEMORY:Inst_MEM|MEM[31][1]          ; 0                 ; 6       ;
;      - DataPath:Inst_DATA_PATH|DATA_MEMORY:Inst_MEM|MEM[29][1]          ; 0                 ; 6       ;
;      - DataPath:Inst_DATA_PATH|DATA_MEMORY:Inst_MEM|MEM[63][1]          ; 0                 ; 6       ;
;      - DataPath:Inst_DATA_PATH|DATA_MEMORY:Inst_MEM|MEM[25][2]          ; 0                 ; 6       ;
;      - DataPath:Inst_DATA_PATH|DATA_MEMORY:Inst_MEM|MEM[13][2]          ; 0                 ; 6       ;
;      - DataPath:Inst_DATA_PATH|DATA_MEMORY:Inst_MEM|MEM[9][2]           ; 0                 ; 6       ;
;      - DataPath:Inst_DATA_PATH|DATA_MEMORY:Inst_MEM|MEM[29][2]          ; 0                 ; 6       ;
;      - DataPath:Inst_DATA_PATH|DATA_MEMORY:Inst_MEM|MEM[26][2]          ; 0                 ; 6       ;
;      - DataPath:Inst_DATA_PATH|DATA_MEMORY:Inst_MEM|MEM[14][2]          ; 0                 ; 6       ;
;      - DataPath:Inst_DATA_PATH|DATA_MEMORY:Inst_MEM|MEM[10][2]          ; 0                 ; 6       ;
;      - DataPath:Inst_DATA_PATH|DATA_MEMORY:Inst_MEM|MEM[30][2]          ; 0                 ; 6       ;
;      - DataPath:Inst_DATA_PATH|DATA_MEMORY:Inst_MEM|MEM[24][2]          ; 0                 ; 6       ;
;      - DataPath:Inst_DATA_PATH|DATA_MEMORY:Inst_MEM|MEM[12][2]          ; 0                 ; 6       ;
;      - DataPath:Inst_DATA_PATH|DATA_MEMORY:Inst_MEM|MEM[8][2]           ; 0                 ; 6       ;
;      - DataPath:Inst_DATA_PATH|DATA_MEMORY:Inst_MEM|MEM[28][2]          ; 0                 ; 6       ;
;      - DataPath:Inst_DATA_PATH|DATA_MEMORY:Inst_MEM|MEM[27][2]          ; 0                 ; 6       ;
;      - DataPath:Inst_DATA_PATH|DATA_MEMORY:Inst_MEM|MEM[15][2]          ; 0                 ; 6       ;
;      - DataPath:Inst_DATA_PATH|DATA_MEMORY:Inst_MEM|MEM[11][2]          ; 0                 ; 6       ;
;      - DataPath:Inst_DATA_PATH|DATA_MEMORY:Inst_MEM|MEM[31][2]          ; 0                 ; 6       ;
;      - DataPath:Inst_DATA_PATH|DATA_MEMORY:Inst_MEM|MEM[52][2]          ; 0                 ; 6       ;
;      - DataPath:Inst_DATA_PATH|DATA_MEMORY:Inst_MEM|MEM[38][2]          ; 0                 ; 6       ;
;      - DataPath:Inst_DATA_PATH|DATA_MEMORY:Inst_MEM|MEM[36][2]          ; 0                 ; 6       ;
;      - DataPath:Inst_DATA_PATH|DATA_MEMORY:Inst_MEM|MEM[54][2]          ; 0                 ; 6       ;
;      - DataPath:Inst_DATA_PATH|DATA_MEMORY:Inst_MEM|MEM[49][2]          ; 0                 ; 6       ;
;      - DataPath:Inst_DATA_PATH|DATA_MEMORY:Inst_MEM|MEM[35][2]          ; 0                 ; 6       ;
;      - DataPath:Inst_DATA_PATH|DATA_MEMORY:Inst_MEM|MEM[33][2]          ; 0                 ; 6       ;
;      - DataPath:Inst_DATA_PATH|DATA_MEMORY:Inst_MEM|MEM[51][2]          ; 0                 ; 6       ;
;      - DataPath:Inst_DATA_PATH|DATA_MEMORY:Inst_MEM|MEM[48][2]          ; 0                 ; 6       ;
;      - DataPath:Inst_DATA_PATH|DATA_MEMORY:Inst_MEM|MEM[34][2]          ; 0                 ; 6       ;
;      - DataPath:Inst_DATA_PATH|DATA_MEMORY:Inst_MEM|MEM[32][2]          ; 0                 ; 6       ;
;      - DataPath:Inst_DATA_PATH|DATA_MEMORY:Inst_MEM|MEM[50][2]          ; 0                 ; 6       ;
;      - DataPath:Inst_DATA_PATH|DATA_MEMORY:Inst_MEM|MEM[53][2]          ; 0                 ; 6       ;
;      - DataPath:Inst_DATA_PATH|DATA_MEMORY:Inst_MEM|MEM[39][2]          ; 0                 ; 6       ;
;      - DataPath:Inst_DATA_PATH|DATA_MEMORY:Inst_MEM|MEM[37][2]          ; 0                 ; 6       ;
;      - DataPath:Inst_DATA_PATH|DATA_MEMORY:Inst_MEM|MEM[55][2]          ; 0                 ; 6       ;
;      - DataPath:Inst_DATA_PATH|DATA_MEMORY:Inst_MEM|MEM[17][2]          ; 0                 ; 6       ;
;      - DataPath:Inst_DATA_PATH|DATA_MEMORY:Inst_MEM|MEM[5][2]           ; 0                 ; 6       ;
;      - DataPath:Inst_DATA_PATH|DATA_MEMORY:Inst_MEM|MEM[1][2]           ; 0                 ; 6       ;
;      - DataPath:Inst_DATA_PATH|DATA_MEMORY:Inst_MEM|MEM[21][2]          ; 0                 ; 6       ;
;      - DataPath:Inst_DATA_PATH|DATA_MEMORY:Inst_MEM|MEM[18][2]          ; 0                 ; 6       ;
;      - DataPath:Inst_DATA_PATH|DATA_MEMORY:Inst_MEM|MEM[6][2]           ; 0                 ; 6       ;
;      - DataPath:Inst_DATA_PATH|DATA_MEMORY:Inst_MEM|MEM[2][2]           ; 0                 ; 6       ;
;      - DataPath:Inst_DATA_PATH|DATA_MEMORY:Inst_MEM|MEM[22][2]          ; 0                 ; 6       ;
;      - DataPath:Inst_DATA_PATH|DATA_MEMORY:Inst_MEM|MEM[16][2]          ; 0                 ; 6       ;
;      - DataPath:Inst_DATA_PATH|DATA_MEMORY:Inst_MEM|MEM[4][2]           ; 0                 ; 6       ;
;      - DataPath:Inst_DATA_PATH|DATA_MEMORY:Inst_MEM|MEM[0][2]           ; 0                 ; 6       ;
;      - DataPath:Inst_DATA_PATH|DATA_MEMORY:Inst_MEM|MEM[20][2]          ; 0                 ; 6       ;
;      - DataPath:Inst_DATA_PATH|DATA_MEMORY:Inst_MEM|MEM[19][2]          ; 0                 ; 6       ;
;      - DataPath:Inst_DATA_PATH|DATA_MEMORY:Inst_MEM|MEM[7][2]           ; 0                 ; 6       ;
;      - DataPath:Inst_DATA_PATH|DATA_MEMORY:Inst_MEM|MEM[3][2]           ; 0                 ; 6       ;
;      - DataPath:Inst_DATA_PATH|DATA_MEMORY:Inst_MEM|MEM[23][2]          ; 0                 ; 6       ;
;      - DataPath:Inst_DATA_PATH|DATA_MEMORY:Inst_MEM|MEM[60][2]          ; 0                 ; 6       ;
;      - DataPath:Inst_DATA_PATH|DATA_MEMORY:Inst_MEM|MEM[45][2]          ; 0                 ; 6       ;
;      - DataPath:Inst_DATA_PATH|DATA_MEMORY:Inst_MEM|MEM[44][2]          ; 0                 ; 6       ;
;      - DataPath:Inst_DATA_PATH|DATA_MEMORY:Inst_MEM|MEM[61][2]          ; 0                 ; 6       ;
;      - DataPath:Inst_DATA_PATH|DATA_MEMORY:Inst_MEM|MEM[58][2]          ; 0                 ; 6       ;
;      - DataPath:Inst_DATA_PATH|DATA_MEMORY:Inst_MEM|MEM[43][2]          ; 0                 ; 6       ;
;      - DataPath:Inst_DATA_PATH|DATA_MEMORY:Inst_MEM|MEM[42][2]          ; 0                 ; 6       ;
;      - DataPath:Inst_DATA_PATH|DATA_MEMORY:Inst_MEM|MEM[59][2]          ; 0                 ; 6       ;
;      - DataPath:Inst_DATA_PATH|DATA_MEMORY:Inst_MEM|MEM[56][2]          ; 0                 ; 6       ;
;      - DataPath:Inst_DATA_PATH|DATA_MEMORY:Inst_MEM|MEM[41][2]          ; 0                 ; 6       ;
;      - DataPath:Inst_DATA_PATH|DATA_MEMORY:Inst_MEM|MEM[40][2]          ; 0                 ; 6       ;
;      - DataPath:Inst_DATA_PATH|DATA_MEMORY:Inst_MEM|MEM[57][2]          ; 0                 ; 6       ;
;      - DataPath:Inst_DATA_PATH|DATA_MEMORY:Inst_MEM|MEM[62][2]          ; 0                 ; 6       ;
;      - DataPath:Inst_DATA_PATH|DATA_MEMORY:Inst_MEM|MEM[47][2]          ; 0                 ; 6       ;
;      - DataPath:Inst_DATA_PATH|DATA_MEMORY:Inst_MEM|MEM[46][2]          ; 0                 ; 6       ;
;      - DataPath:Inst_DATA_PATH|DATA_MEMORY:Inst_MEM|MEM[63][2]          ; 0                 ; 6       ;
;      - DataPath:Inst_DATA_PATH|DATA_MEMORY:Inst_MEM|MEM[42][3]          ; 0                 ; 6       ;
;      - DataPath:Inst_DATA_PATH|DATA_MEMORY:Inst_MEM|MEM[38][3]          ; 0                 ; 6       ;
;      - DataPath:Inst_DATA_PATH|DATA_MEMORY:Inst_MEM|MEM[34][3]          ; 0                 ; 6       ;
;      - DataPath:Inst_DATA_PATH|DATA_MEMORY:Inst_MEM|MEM[46][3]          ; 0                 ; 6       ;
;      - DataPath:Inst_DATA_PATH|DATA_MEMORY:Inst_MEM|MEM[41][3]          ; 0                 ; 6       ;
;      - DataPath:Inst_DATA_PATH|DATA_MEMORY:Inst_MEM|MEM[37][3]          ; 0                 ; 6       ;
;      - DataPath:Inst_DATA_PATH|DATA_MEMORY:Inst_MEM|MEM[33][3]          ; 0                 ; 6       ;
;      - DataPath:Inst_DATA_PATH|DATA_MEMORY:Inst_MEM|MEM[45][3]          ; 0                 ; 6       ;
;      - DataPath:Inst_DATA_PATH|DATA_MEMORY:Inst_MEM|MEM[40][3]          ; 0                 ; 6       ;
;      - DataPath:Inst_DATA_PATH|DATA_MEMORY:Inst_MEM|MEM[36][3]          ; 0                 ; 6       ;
;      - DataPath:Inst_DATA_PATH|DATA_MEMORY:Inst_MEM|MEM[32][3]          ; 0                 ; 6       ;
;      - DataPath:Inst_DATA_PATH|DATA_MEMORY:Inst_MEM|MEM[44][3]          ; 0                 ; 6       ;
;      - DataPath:Inst_DATA_PATH|DATA_MEMORY:Inst_MEM|MEM[43][3]          ; 0                 ; 6       ;
;      - DataPath:Inst_DATA_PATH|DATA_MEMORY:Inst_MEM|MEM[39][3]          ; 0                 ; 6       ;
;      - DataPath:Inst_DATA_PATH|DATA_MEMORY:Inst_MEM|MEM[35][3]          ; 0                 ; 6       ;
;      - DataPath:Inst_DATA_PATH|DATA_MEMORY:Inst_MEM|MEM[47][3]          ; 0                 ; 6       ;
;      - DataPath:Inst_DATA_PATH|DATA_MEMORY:Inst_MEM|MEM[26][3]          ; 0                 ; 6       ;
;      - DataPath:Inst_DATA_PATH|DATA_MEMORY:Inst_MEM|MEM[25][3]          ; 0                 ; 6       ;
;      - DataPath:Inst_DATA_PATH|DATA_MEMORY:Inst_MEM|MEM[24][3]          ; 0                 ; 6       ;
;      - DataPath:Inst_DATA_PATH|DATA_MEMORY:Inst_MEM|MEM[27][3]          ; 0                 ; 6       ;
;      - DataPath:Inst_DATA_PATH|DATA_MEMORY:Inst_MEM|MEM[21][3]          ; 0                 ; 6       ;
;      - DataPath:Inst_DATA_PATH|DATA_MEMORY:Inst_MEM|MEM[22][3]          ; 0                 ; 6       ;
;      - DataPath:Inst_DATA_PATH|DATA_MEMORY:Inst_MEM|MEM[20][3]          ; 0                 ; 6       ;
;      - DataPath:Inst_DATA_PATH|DATA_MEMORY:Inst_MEM|MEM[23][3]          ; 0                 ; 6       ;
;      - DataPath:Inst_DATA_PATH|DATA_MEMORY:Inst_MEM|MEM[18][3]          ; 0                 ; 6       ;
;      - DataPath:Inst_DATA_PATH|DATA_MEMORY:Inst_MEM|MEM[17][3]          ; 0                 ; 6       ;
;      - DataPath:Inst_DATA_PATH|DATA_MEMORY:Inst_MEM|MEM[16][3]          ; 0                 ; 6       ;
;      - DataPath:Inst_DATA_PATH|DATA_MEMORY:Inst_MEM|MEM[19][3]          ; 0                 ; 6       ;
;      - DataPath:Inst_DATA_PATH|DATA_MEMORY:Inst_MEM|MEM[29][3]          ; 0                 ; 6       ;
;      - DataPath:Inst_DATA_PATH|DATA_MEMORY:Inst_MEM|MEM[30][3]          ; 0                 ; 6       ;
;      - DataPath:Inst_DATA_PATH|DATA_MEMORY:Inst_MEM|MEM[28][3]          ; 0                 ; 6       ;
;      - DataPath:Inst_DATA_PATH|DATA_MEMORY:Inst_MEM|MEM[31][3]          ; 0                 ; 6       ;
;      - DataPath:Inst_DATA_PATH|DATA_MEMORY:Inst_MEM|MEM[9][3]           ; 0                 ; 6       ;
;      - DataPath:Inst_DATA_PATH|DATA_MEMORY:Inst_MEM|MEM[3][3]           ; 0                 ; 6       ;
;      - DataPath:Inst_DATA_PATH|DATA_MEMORY:Inst_MEM|MEM[1][3]           ; 0                 ; 6       ;
;      - DataPath:Inst_DATA_PATH|DATA_MEMORY:Inst_MEM|MEM[11][3]          ; 0                 ; 6       ;
;      - DataPath:Inst_DATA_PATH|DATA_MEMORY:Inst_MEM|MEM[12][3]          ; 0                 ; 6       ;
;      - DataPath:Inst_DATA_PATH|DATA_MEMORY:Inst_MEM|MEM[6][3]           ; 0                 ; 6       ;
;      - DataPath:Inst_DATA_PATH|DATA_MEMORY:Inst_MEM|MEM[4][3]           ; 0                 ; 6       ;
;      - DataPath:Inst_DATA_PATH|DATA_MEMORY:Inst_MEM|MEM[14][3]          ; 0                 ; 6       ;
;      - DataPath:Inst_DATA_PATH|DATA_MEMORY:Inst_MEM|MEM[8][3]           ; 0                 ; 6       ;
;      - DataPath:Inst_DATA_PATH|DATA_MEMORY:Inst_MEM|MEM[2][3]           ; 0                 ; 6       ;
;      - DataPath:Inst_DATA_PATH|DATA_MEMORY:Inst_MEM|MEM[0][3]           ; 0                 ; 6       ;
;      - DataPath:Inst_DATA_PATH|DATA_MEMORY:Inst_MEM|MEM[10][3]          ; 0                 ; 6       ;
;      - DataPath:Inst_DATA_PATH|DATA_MEMORY:Inst_MEM|MEM[13][3]          ; 0                 ; 6       ;
;      - DataPath:Inst_DATA_PATH|DATA_MEMORY:Inst_MEM|MEM[7][3]           ; 0                 ; 6       ;
;      - DataPath:Inst_DATA_PATH|DATA_MEMORY:Inst_MEM|MEM[5][3]           ; 0                 ; 6       ;
;      - DataPath:Inst_DATA_PATH|DATA_MEMORY:Inst_MEM|MEM[15][3]          ; 0                 ; 6       ;
;      - DataPath:Inst_DATA_PATH|DATA_MEMORY:Inst_MEM|MEM[57][3]          ; 0                 ; 6       ;
;      - DataPath:Inst_DATA_PATH|DATA_MEMORY:Inst_MEM|MEM[58][3]          ; 0                 ; 6       ;
;      - DataPath:Inst_DATA_PATH|DATA_MEMORY:Inst_MEM|MEM[56][3]          ; 0                 ; 6       ;
;      - DataPath:Inst_DATA_PATH|DATA_MEMORY:Inst_MEM|MEM[59][3]          ; 0                 ; 6       ;
;      - DataPath:Inst_DATA_PATH|DATA_MEMORY:Inst_MEM|MEM[54][3]          ; 0                 ; 6       ;
;      - DataPath:Inst_DATA_PATH|DATA_MEMORY:Inst_MEM|MEM[53][3]          ; 0                 ; 6       ;
;      - DataPath:Inst_DATA_PATH|DATA_MEMORY:Inst_MEM|MEM[52][3]          ; 0                 ; 6       ;
;      - DataPath:Inst_DATA_PATH|DATA_MEMORY:Inst_MEM|MEM[55][3]          ; 0                 ; 6       ;
;      - DataPath:Inst_DATA_PATH|DATA_MEMORY:Inst_MEM|MEM[49][3]          ; 0                 ; 6       ;
;      - DataPath:Inst_DATA_PATH|DATA_MEMORY:Inst_MEM|MEM[50][3]          ; 0                 ; 6       ;
;      - DataPath:Inst_DATA_PATH|DATA_MEMORY:Inst_MEM|MEM[48][3]          ; 0                 ; 6       ;
;      - DataPath:Inst_DATA_PATH|DATA_MEMORY:Inst_MEM|MEM[51][3]          ; 0                 ; 6       ;
;      - DataPath:Inst_DATA_PATH|DATA_MEMORY:Inst_MEM|MEM[62][3]          ; 0                 ; 6       ;
;      - DataPath:Inst_DATA_PATH|DATA_MEMORY:Inst_MEM|MEM[61][3]          ; 0                 ; 6       ;
;      - DataPath:Inst_DATA_PATH|DATA_MEMORY:Inst_MEM|MEM[60][3]          ; 0                 ; 6       ;
;      - DataPath:Inst_DATA_PATH|DATA_MEMORY:Inst_MEM|MEM[63][3]          ; 0                 ; 6       ;
;      - DataPath:Inst_DATA_PATH|DATA_MEMORY:Inst_MEM|MEM[25][4]          ; 0                 ; 6       ;
;      - DataPath:Inst_DATA_PATH|DATA_MEMORY:Inst_MEM|MEM[13][4]          ; 0                 ; 6       ;
;      - DataPath:Inst_DATA_PATH|DATA_MEMORY:Inst_MEM|MEM[9][4]           ; 0                 ; 6       ;
;      - DataPath:Inst_DATA_PATH|DATA_MEMORY:Inst_MEM|MEM[29][4]          ; 0                 ; 6       ;
;      - DataPath:Inst_DATA_PATH|DATA_MEMORY:Inst_MEM|MEM[26][4]          ; 0                 ; 6       ;
;      - DataPath:Inst_DATA_PATH|DATA_MEMORY:Inst_MEM|MEM[14][4]          ; 0                 ; 6       ;
;      - DataPath:Inst_DATA_PATH|DATA_MEMORY:Inst_MEM|MEM[10][4]          ; 0                 ; 6       ;
;      - DataPath:Inst_DATA_PATH|DATA_MEMORY:Inst_MEM|MEM[30][4]          ; 0                 ; 6       ;
;      - DataPath:Inst_DATA_PATH|DATA_MEMORY:Inst_MEM|MEM[24][4]          ; 0                 ; 6       ;
;      - DataPath:Inst_DATA_PATH|DATA_MEMORY:Inst_MEM|MEM[12][4]          ; 0                 ; 6       ;
;      - DataPath:Inst_DATA_PATH|DATA_MEMORY:Inst_MEM|MEM[8][4]           ; 0                 ; 6       ;
;      - DataPath:Inst_DATA_PATH|DATA_MEMORY:Inst_MEM|MEM[28][4]          ; 0                 ; 6       ;
;      - DataPath:Inst_DATA_PATH|DATA_MEMORY:Inst_MEM|MEM[27][4]          ; 0                 ; 6       ;
;      - DataPath:Inst_DATA_PATH|DATA_MEMORY:Inst_MEM|MEM[15][4]          ; 0                 ; 6       ;
;      - DataPath:Inst_DATA_PATH|DATA_MEMORY:Inst_MEM|MEM[11][4]          ; 0                 ; 6       ;
;      - DataPath:Inst_DATA_PATH|DATA_MEMORY:Inst_MEM|MEM[31][4]          ; 0                 ; 6       ;
;      - DataPath:Inst_DATA_PATH|DATA_MEMORY:Inst_MEM|MEM[52][4]          ; 0                 ; 6       ;
;      - DataPath:Inst_DATA_PATH|DATA_MEMORY:Inst_MEM|MEM[38][4]          ; 0                 ; 6       ;
;      - DataPath:Inst_DATA_PATH|DATA_MEMORY:Inst_MEM|MEM[36][4]          ; 0                 ; 6       ;
;      - DataPath:Inst_DATA_PATH|DATA_MEMORY:Inst_MEM|MEM[54][4]          ; 0                 ; 6       ;
;      - DataPath:Inst_DATA_PATH|DATA_MEMORY:Inst_MEM|MEM[49][4]          ; 0                 ; 6       ;
;      - DataPath:Inst_DATA_PATH|DATA_MEMORY:Inst_MEM|MEM[35][4]          ; 0                 ; 6       ;
;      - DataPath:Inst_DATA_PATH|DATA_MEMORY:Inst_MEM|MEM[33][4]          ; 0                 ; 6       ;
;      - DataPath:Inst_DATA_PATH|DATA_MEMORY:Inst_MEM|MEM[51][4]          ; 0                 ; 6       ;
;      - DataPath:Inst_DATA_PATH|DATA_MEMORY:Inst_MEM|MEM[48][4]          ; 0                 ; 6       ;
;      - DataPath:Inst_DATA_PATH|DATA_MEMORY:Inst_MEM|MEM[34][4]          ; 0                 ; 6       ;
;      - DataPath:Inst_DATA_PATH|DATA_MEMORY:Inst_MEM|MEM[32][4]          ; 0                 ; 6       ;
;      - DataPath:Inst_DATA_PATH|DATA_MEMORY:Inst_MEM|MEM[50][4]          ; 0                 ; 6       ;
;      - DataPath:Inst_DATA_PATH|DATA_MEMORY:Inst_MEM|MEM[53][4]          ; 0                 ; 6       ;
;      - DataPath:Inst_DATA_PATH|DATA_MEMORY:Inst_MEM|MEM[39][4]          ; 0                 ; 6       ;
;      - DataPath:Inst_DATA_PATH|DATA_MEMORY:Inst_MEM|MEM[37][4]          ; 0                 ; 6       ;
;      - DataPath:Inst_DATA_PATH|DATA_MEMORY:Inst_MEM|MEM[55][4]          ; 0                 ; 6       ;
;      - DataPath:Inst_DATA_PATH|DATA_MEMORY:Inst_MEM|MEM[18][4]          ; 0                 ; 6       ;
;      - DataPath:Inst_DATA_PATH|DATA_MEMORY:Inst_MEM|MEM[3][4]           ; 0                 ; 6       ;
;      - DataPath:Inst_DATA_PATH|DATA_MEMORY:Inst_MEM|MEM[2][4]           ; 0                 ; 6       ;
;      - DataPath:Inst_DATA_PATH|DATA_MEMORY:Inst_MEM|MEM[19][4]          ; 0                 ; 6       ;
;      - DataPath:Inst_DATA_PATH|DATA_MEMORY:Inst_MEM|MEM[20][4]          ; 0                 ; 6       ;
;      - DataPath:Inst_DATA_PATH|DATA_MEMORY:Inst_MEM|MEM[5][4]           ; 0                 ; 6       ;
;      - DataPath:Inst_DATA_PATH|DATA_MEMORY:Inst_MEM|MEM[4][4]           ; 0                 ; 6       ;
;      - DataPath:Inst_DATA_PATH|DATA_MEMORY:Inst_MEM|MEM[21][4]          ; 0                 ; 6       ;
;      - DataPath:Inst_DATA_PATH|DATA_MEMORY:Inst_MEM|MEM[16][4]          ; 0                 ; 6       ;
;      - DataPath:Inst_DATA_PATH|DATA_MEMORY:Inst_MEM|MEM[1][4]           ; 0                 ; 6       ;
;      - DataPath:Inst_DATA_PATH|DATA_MEMORY:Inst_MEM|MEM[0][4]           ; 0                 ; 6       ;
;      - DataPath:Inst_DATA_PATH|DATA_MEMORY:Inst_MEM|MEM[17][4]          ; 0                 ; 6       ;
;      - DataPath:Inst_DATA_PATH|DATA_MEMORY:Inst_MEM|MEM[22][4]          ; 0                 ; 6       ;
;      - DataPath:Inst_DATA_PATH|DATA_MEMORY:Inst_MEM|MEM[7][4]           ; 0                 ; 6       ;
;      - DataPath:Inst_DATA_PATH|DATA_MEMORY:Inst_MEM|MEM[6][4]           ; 0                 ; 6       ;
;      - DataPath:Inst_DATA_PATH|DATA_MEMORY:Inst_MEM|MEM[23][4]          ; 0                 ; 6       ;
;      - DataPath:Inst_DATA_PATH|DATA_MEMORY:Inst_MEM|MEM[58][4]          ; 0                 ; 6       ;
;      - DataPath:Inst_DATA_PATH|DATA_MEMORY:Inst_MEM|MEM[43][4]          ; 0                 ; 6       ;
;      - DataPath:Inst_DATA_PATH|DATA_MEMORY:Inst_MEM|MEM[42][4]          ; 0                 ; 6       ;
;      - DataPath:Inst_DATA_PATH|DATA_MEMORY:Inst_MEM|MEM[59][4]          ; 0                 ; 6       ;
;      - DataPath:Inst_DATA_PATH|DATA_MEMORY:Inst_MEM|MEM[60][4]          ; 0                 ; 6       ;
;      - DataPath:Inst_DATA_PATH|DATA_MEMORY:Inst_MEM|MEM[45][4]          ; 0                 ; 6       ;
;      - DataPath:Inst_DATA_PATH|DATA_MEMORY:Inst_MEM|MEM[44][4]          ; 0                 ; 6       ;
;      - DataPath:Inst_DATA_PATH|DATA_MEMORY:Inst_MEM|MEM[61][4]          ; 0                 ; 6       ;
;      - DataPath:Inst_DATA_PATH|DATA_MEMORY:Inst_MEM|MEM[56][4]          ; 0                 ; 6       ;
;      - DataPath:Inst_DATA_PATH|DATA_MEMORY:Inst_MEM|MEM[41][4]          ; 0                 ; 6       ;
;      - DataPath:Inst_DATA_PATH|DATA_MEMORY:Inst_MEM|MEM[40][4]          ; 0                 ; 6       ;
;      - DataPath:Inst_DATA_PATH|DATA_MEMORY:Inst_MEM|MEM[57][4]          ; 0                 ; 6       ;
;      - DataPath:Inst_DATA_PATH|DATA_MEMORY:Inst_MEM|MEM[62][4]          ; 0                 ; 6       ;
;      - DataPath:Inst_DATA_PATH|DATA_MEMORY:Inst_MEM|MEM[47][4]          ; 0                 ; 6       ;
;      - DataPath:Inst_DATA_PATH|DATA_MEMORY:Inst_MEM|MEM[46][4]          ; 0                 ; 6       ;
;      - DataPath:Inst_DATA_PATH|DATA_MEMORY:Inst_MEM|MEM[63][4]          ; 0                 ; 6       ;
;      - DataPath:Inst_DATA_PATH|DATA_MEMORY:Inst_MEM|MEM[44][5]          ; 0                 ; 6       ;
;      - DataPath:Inst_DATA_PATH|DATA_MEMORY:Inst_MEM|MEM[38][5]          ; 0                 ; 6       ;
;      - DataPath:Inst_DATA_PATH|DATA_MEMORY:Inst_MEM|MEM[36][5]          ; 0                 ; 6       ;
;      - DataPath:Inst_DATA_PATH|DATA_MEMORY:Inst_MEM|MEM[46][5]          ; 0                 ; 6       ;
;      - DataPath:Inst_DATA_PATH|DATA_MEMORY:Inst_MEM|MEM[41][5]          ; 0                 ; 6       ;
;      - DataPath:Inst_DATA_PATH|DATA_MEMORY:Inst_MEM|MEM[35][5]          ; 0                 ; 6       ;
;      - DataPath:Inst_DATA_PATH|DATA_MEMORY:Inst_MEM|MEM[33][5]          ; 0                 ; 6       ;
;      - DataPath:Inst_DATA_PATH|DATA_MEMORY:Inst_MEM|MEM[43][5]          ; 0                 ; 6       ;
;      - DataPath:Inst_DATA_PATH|DATA_MEMORY:Inst_MEM|MEM[40][5]          ; 0                 ; 6       ;
;      - DataPath:Inst_DATA_PATH|DATA_MEMORY:Inst_MEM|MEM[34][5]          ; 0                 ; 6       ;
;      - DataPath:Inst_DATA_PATH|DATA_MEMORY:Inst_MEM|MEM[32][5]          ; 0                 ; 6       ;
;      - DataPath:Inst_DATA_PATH|DATA_MEMORY:Inst_MEM|MEM[42][5]          ; 0                 ; 6       ;
;      - DataPath:Inst_DATA_PATH|DATA_MEMORY:Inst_MEM|MEM[45][5]          ; 0                 ; 6       ;
;      - DataPath:Inst_DATA_PATH|DATA_MEMORY:Inst_MEM|MEM[39][5]          ; 0                 ; 6       ;
;      - DataPath:Inst_DATA_PATH|DATA_MEMORY:Inst_MEM|MEM[37][5]          ; 0                 ; 6       ;
;      - DataPath:Inst_DATA_PATH|DATA_MEMORY:Inst_MEM|MEM[47][5]          ; 0                 ; 6       ;
;      - DataPath:Inst_DATA_PATH|DATA_MEMORY:Inst_MEM|MEM[26][5]          ; 0                 ; 6       ;
;      - DataPath:Inst_DATA_PATH|DATA_MEMORY:Inst_MEM|MEM[19][5]          ; 0                 ; 6       ;
;      - DataPath:Inst_DATA_PATH|DATA_MEMORY:Inst_MEM|MEM[18][5]          ; 0                 ; 6       ;
;      - DataPath:Inst_DATA_PATH|DATA_MEMORY:Inst_MEM|MEM[27][5]          ; 0                 ; 6       ;
;      - DataPath:Inst_DATA_PATH|DATA_MEMORY:Inst_MEM|MEM[28][5]          ; 0                 ; 6       ;
;      - DataPath:Inst_DATA_PATH|DATA_MEMORY:Inst_MEM|MEM[21][5]          ; 0                 ; 6       ;
;      - DataPath:Inst_DATA_PATH|DATA_MEMORY:Inst_MEM|MEM[20][5]          ; 0                 ; 6       ;
;      - DataPath:Inst_DATA_PATH|DATA_MEMORY:Inst_MEM|MEM[29][5]          ; 0                 ; 6       ;
;      - DataPath:Inst_DATA_PATH|DATA_MEMORY:Inst_MEM|MEM[24][5]          ; 0                 ; 6       ;
;      - DataPath:Inst_DATA_PATH|DATA_MEMORY:Inst_MEM|MEM[17][5]          ; 0                 ; 6       ;
;      - DataPath:Inst_DATA_PATH|DATA_MEMORY:Inst_MEM|MEM[16][5]          ; 0                 ; 6       ;
;      - DataPath:Inst_DATA_PATH|DATA_MEMORY:Inst_MEM|MEM[25][5]          ; 0                 ; 6       ;
;      - DataPath:Inst_DATA_PATH|DATA_MEMORY:Inst_MEM|MEM[30][5]          ; 0                 ; 6       ;
;      - DataPath:Inst_DATA_PATH|DATA_MEMORY:Inst_MEM|MEM[23][5]          ; 0                 ; 6       ;
;      - DataPath:Inst_DATA_PATH|DATA_MEMORY:Inst_MEM|MEM[22][5]          ; 0                 ; 6       ;
;      - DataPath:Inst_DATA_PATH|DATA_MEMORY:Inst_MEM|MEM[31][5]          ; 0                 ; 6       ;
;      - DataPath:Inst_DATA_PATH|DATA_MEMORY:Inst_MEM|MEM[9][5]           ; 0                 ; 6       ;
;      - DataPath:Inst_DATA_PATH|DATA_MEMORY:Inst_MEM|MEM[5][5]           ; 0                 ; 6       ;
;      - DataPath:Inst_DATA_PATH|DATA_MEMORY:Inst_MEM|MEM[1][5]           ; 0                 ; 6       ;
;      - DataPath:Inst_DATA_PATH|DATA_MEMORY:Inst_MEM|MEM[13][5]          ; 0                 ; 6       ;
;      - DataPath:Inst_DATA_PATH|DATA_MEMORY:Inst_MEM|MEM[10][5]          ; 0                 ; 6       ;
;      - DataPath:Inst_DATA_PATH|DATA_MEMORY:Inst_MEM|MEM[6][5]           ; 0                 ; 6       ;
;      - DataPath:Inst_DATA_PATH|DATA_MEMORY:Inst_MEM|MEM[2][5]           ; 0                 ; 6       ;
;      - DataPath:Inst_DATA_PATH|DATA_MEMORY:Inst_MEM|MEM[14][5]          ; 0                 ; 6       ;
;      - DataPath:Inst_DATA_PATH|DATA_MEMORY:Inst_MEM|MEM[8][5]           ; 0                 ; 6       ;
;      - DataPath:Inst_DATA_PATH|DATA_MEMORY:Inst_MEM|MEM[4][5]           ; 0                 ; 6       ;
;      - DataPath:Inst_DATA_PATH|DATA_MEMORY:Inst_MEM|MEM[0][5]           ; 0                 ; 6       ;
;      - DataPath:Inst_DATA_PATH|DATA_MEMORY:Inst_MEM|MEM[12][5]          ; 0                 ; 6       ;
;      - DataPath:Inst_DATA_PATH|DATA_MEMORY:Inst_MEM|MEM[11][5]          ; 0                 ; 6       ;
;      - DataPath:Inst_DATA_PATH|DATA_MEMORY:Inst_MEM|MEM[7][5]           ; 0                 ; 6       ;
;      - DataPath:Inst_DATA_PATH|DATA_MEMORY:Inst_MEM|MEM[3][5]           ; 0                 ; 6       ;
;      - DataPath:Inst_DATA_PATH|DATA_MEMORY:Inst_MEM|MEM[15][5]          ; 0                 ; 6       ;
;      - DataPath:Inst_DATA_PATH|DATA_MEMORY:Inst_MEM|MEM[57][5]          ; 0                 ; 6       ;
;      - DataPath:Inst_DATA_PATH|DATA_MEMORY:Inst_MEM|MEM[53][5]          ; 0                 ; 6       ;
;      - DataPath:Inst_DATA_PATH|DATA_MEMORY:Inst_MEM|MEM[49][5]          ; 0                 ; 6       ;
;      - DataPath:Inst_DATA_PATH|DATA_MEMORY:Inst_MEM|MEM[61][5]          ; 0                 ; 6       ;
;      - DataPath:Inst_DATA_PATH|DATA_MEMORY:Inst_MEM|MEM[58][5]          ; 0                 ; 6       ;
;      - DataPath:Inst_DATA_PATH|DATA_MEMORY:Inst_MEM|MEM[54][5]          ; 0                 ; 6       ;
;      - DataPath:Inst_DATA_PATH|DATA_MEMORY:Inst_MEM|MEM[50][5]          ; 0                 ; 6       ;
;      - DataPath:Inst_DATA_PATH|DATA_MEMORY:Inst_MEM|MEM[62][5]          ; 0                 ; 6       ;
;      - DataPath:Inst_DATA_PATH|DATA_MEMORY:Inst_MEM|MEM[56][5]          ; 0                 ; 6       ;
;      - DataPath:Inst_DATA_PATH|DATA_MEMORY:Inst_MEM|MEM[52][5]          ; 0                 ; 6       ;
;      - DataPath:Inst_DATA_PATH|DATA_MEMORY:Inst_MEM|MEM[48][5]          ; 0                 ; 6       ;
;      - DataPath:Inst_DATA_PATH|DATA_MEMORY:Inst_MEM|MEM[60][5]          ; 0                 ; 6       ;
;      - DataPath:Inst_DATA_PATH|DATA_MEMORY:Inst_MEM|MEM[59][5]          ; 0                 ; 6       ;
;      - DataPath:Inst_DATA_PATH|DATA_MEMORY:Inst_MEM|MEM[55][5]          ; 0                 ; 6       ;
;      - DataPath:Inst_DATA_PATH|DATA_MEMORY:Inst_MEM|MEM[51][5]          ; 0                 ; 6       ;
;      - DataPath:Inst_DATA_PATH|DATA_MEMORY:Inst_MEM|MEM[63][5]          ; 0                 ; 6       ;
;      - DataPath:Inst_DATA_PATH|DATA_MEMORY:Inst_MEM|MEM[49][6]          ; 0                 ; 6       ;
;      - DataPath:Inst_DATA_PATH|DATA_MEMORY:Inst_MEM|MEM[21][6]          ; 0                 ; 6       ;
;      - DataPath:Inst_DATA_PATH|DATA_MEMORY:Inst_MEM|MEM[17][6]          ; 0                 ; 6       ;
;      - DataPath:Inst_DATA_PATH|DATA_MEMORY:Inst_MEM|MEM[53][6]          ; 0                 ; 6       ;
;      - DataPath:Inst_DATA_PATH|DATA_MEMORY:Inst_MEM|MEM[50][6]          ; 0                 ; 6       ;
;      - DataPath:Inst_DATA_PATH|DATA_MEMORY:Inst_MEM|MEM[22][6]          ; 0                 ; 6       ;
;      - DataPath:Inst_DATA_PATH|DATA_MEMORY:Inst_MEM|MEM[18][6]          ; 0                 ; 6       ;
;      - DataPath:Inst_DATA_PATH|DATA_MEMORY:Inst_MEM|MEM[54][6]          ; 0                 ; 6       ;
;      - DataPath:Inst_DATA_PATH|DATA_MEMORY:Inst_MEM|MEM[48][6]          ; 0                 ; 6       ;
;      - DataPath:Inst_DATA_PATH|DATA_MEMORY:Inst_MEM|MEM[20][6]          ; 0                 ; 6       ;
;      - DataPath:Inst_DATA_PATH|DATA_MEMORY:Inst_MEM|MEM[16][6]          ; 0                 ; 6       ;
;      - DataPath:Inst_DATA_PATH|DATA_MEMORY:Inst_MEM|MEM[52][6]          ; 0                 ; 6       ;
;      - DataPath:Inst_DATA_PATH|DATA_MEMORY:Inst_MEM|MEM[51][6]          ; 0                 ; 6       ;
;      - DataPath:Inst_DATA_PATH|DATA_MEMORY:Inst_MEM|MEM[23][6]          ; 0                 ; 6       ;
;      - DataPath:Inst_DATA_PATH|DATA_MEMORY:Inst_MEM|MEM[19][6]          ; 0                 ; 6       ;
;      - DataPath:Inst_DATA_PATH|DATA_MEMORY:Inst_MEM|MEM[55][6]          ; 0                 ; 6       ;
;      - DataPath:Inst_DATA_PATH|DATA_MEMORY:Inst_MEM|MEM[42][6]          ; 0                 ; 6       ;
;      - DataPath:Inst_DATA_PATH|DATA_MEMORY:Inst_MEM|MEM[11][6]          ; 0                 ; 6       ;
;      - DataPath:Inst_DATA_PATH|DATA_MEMORY:Inst_MEM|MEM[10][6]          ; 0                 ; 6       ;
;      - DataPath:Inst_DATA_PATH|DATA_MEMORY:Inst_MEM|MEM[43][6]          ; 0                 ; 6       ;
;      - DataPath:Inst_DATA_PATH|DATA_MEMORY:Inst_MEM|MEM[44][6]          ; 0                 ; 6       ;
;      - DataPath:Inst_DATA_PATH|DATA_MEMORY:Inst_MEM|MEM[13][6]          ; 0                 ; 6       ;
;      - DataPath:Inst_DATA_PATH|DATA_MEMORY:Inst_MEM|MEM[12][6]          ; 0                 ; 6       ;
;      - DataPath:Inst_DATA_PATH|DATA_MEMORY:Inst_MEM|MEM[45][6]          ; 0                 ; 6       ;
;      - DataPath:Inst_DATA_PATH|DATA_MEMORY:Inst_MEM|MEM[40][6]          ; 0                 ; 6       ;
;      - DataPath:Inst_DATA_PATH|DATA_MEMORY:Inst_MEM|MEM[9][6]           ; 0                 ; 6       ;
;      - DataPath:Inst_DATA_PATH|DATA_MEMORY:Inst_MEM|MEM[8][6]           ; 0                 ; 6       ;
;      - DataPath:Inst_DATA_PATH|DATA_MEMORY:Inst_MEM|MEM[41][6]          ; 0                 ; 6       ;
;      - DataPath:Inst_DATA_PATH|DATA_MEMORY:Inst_MEM|MEM[46][6]          ; 0                 ; 6       ;
;      - DataPath:Inst_DATA_PATH|DATA_MEMORY:Inst_MEM|MEM[15][6]          ; 0                 ; 6       ;
;      - DataPath:Inst_DATA_PATH|DATA_MEMORY:Inst_MEM|MEM[14][6]          ; 0                 ; 6       ;
;      - DataPath:Inst_DATA_PATH|DATA_MEMORY:Inst_MEM|MEM[47][6]          ; 0                 ; 6       ;
;      - DataPath:Inst_DATA_PATH|DATA_MEMORY:Inst_MEM|MEM[36][6]          ; 0                 ; 6       ;
;      - DataPath:Inst_DATA_PATH|DATA_MEMORY:Inst_MEM|MEM[6][6]           ; 0                 ; 6       ;
;      - DataPath:Inst_DATA_PATH|DATA_MEMORY:Inst_MEM|MEM[4][6]           ; 0                 ; 6       ;
;      - DataPath:Inst_DATA_PATH|DATA_MEMORY:Inst_MEM|MEM[38][6]          ; 0                 ; 6       ;
;      - DataPath:Inst_DATA_PATH|DATA_MEMORY:Inst_MEM|MEM[33][6]          ; 0                 ; 6       ;
;      - DataPath:Inst_DATA_PATH|DATA_MEMORY:Inst_MEM|MEM[3][6]           ; 0                 ; 6       ;
;      - DataPath:Inst_DATA_PATH|DATA_MEMORY:Inst_MEM|MEM[1][6]           ; 0                 ; 6       ;
;      - DataPath:Inst_DATA_PATH|DATA_MEMORY:Inst_MEM|MEM[35][6]          ; 0                 ; 6       ;
;      - DataPath:Inst_DATA_PATH|DATA_MEMORY:Inst_MEM|MEM[32][6]          ; 0                 ; 6       ;
;      - DataPath:Inst_DATA_PATH|DATA_MEMORY:Inst_MEM|MEM[2][6]           ; 0                 ; 6       ;
;      - DataPath:Inst_DATA_PATH|DATA_MEMORY:Inst_MEM|MEM[0][6]           ; 0                 ; 6       ;
;      - DataPath:Inst_DATA_PATH|DATA_MEMORY:Inst_MEM|MEM[34][6]          ; 0                 ; 6       ;
;      - DataPath:Inst_DATA_PATH|DATA_MEMORY:Inst_MEM|MEM[37][6]          ; 0                 ; 6       ;
;      - DataPath:Inst_DATA_PATH|DATA_MEMORY:Inst_MEM|MEM[7][6]           ; 0                 ; 6       ;
;      - DataPath:Inst_DATA_PATH|DATA_MEMORY:Inst_MEM|MEM[5][6]           ; 0                 ; 6       ;
;      - DataPath:Inst_DATA_PATH|DATA_MEMORY:Inst_MEM|MEM[39][6]          ; 0                 ; 6       ;
;      - DataPath:Inst_DATA_PATH|DATA_MEMORY:Inst_MEM|MEM[60][6]          ; 0                 ; 6       ;
;      - DataPath:Inst_DATA_PATH|DATA_MEMORY:Inst_MEM|MEM[30][6]          ; 0                 ; 6       ;
;      - DataPath:Inst_DATA_PATH|DATA_MEMORY:Inst_MEM|MEM[28][6]          ; 0                 ; 6       ;
;      - DataPath:Inst_DATA_PATH|DATA_MEMORY:Inst_MEM|MEM[62][6]          ; 0                 ; 6       ;
;      - DataPath:Inst_DATA_PATH|DATA_MEMORY:Inst_MEM|MEM[57][6]          ; 0                 ; 6       ;
;      - DataPath:Inst_DATA_PATH|DATA_MEMORY:Inst_MEM|MEM[27][6]          ; 0                 ; 6       ;
;      - DataPath:Inst_DATA_PATH|DATA_MEMORY:Inst_MEM|MEM[25][6]          ; 0                 ; 6       ;
;      - DataPath:Inst_DATA_PATH|DATA_MEMORY:Inst_MEM|MEM[59][6]          ; 0                 ; 6       ;
;      - DataPath:Inst_DATA_PATH|DATA_MEMORY:Inst_MEM|MEM[56][6]          ; 0                 ; 6       ;
;      - DataPath:Inst_DATA_PATH|DATA_MEMORY:Inst_MEM|MEM[26][6]          ; 0                 ; 6       ;
;      - DataPath:Inst_DATA_PATH|DATA_MEMORY:Inst_MEM|MEM[24][6]          ; 0                 ; 6       ;
;      - DataPath:Inst_DATA_PATH|DATA_MEMORY:Inst_MEM|MEM[58][6]          ; 0                 ; 6       ;
;      - DataPath:Inst_DATA_PATH|DATA_MEMORY:Inst_MEM|MEM[61][6]          ; 0                 ; 6       ;
;      - DataPath:Inst_DATA_PATH|DATA_MEMORY:Inst_MEM|MEM[31][6]          ; 0                 ; 6       ;
;      - DataPath:Inst_DATA_PATH|DATA_MEMORY:Inst_MEM|MEM[29][6]          ; 0                 ; 6       ;
;      - DataPath:Inst_DATA_PATH|DATA_MEMORY:Inst_MEM|MEM[63][6]          ; 0                 ; 6       ;
;      - DataPath:Inst_DATA_PATH|DATA_MEMORY:Inst_MEM|MEM[25][7]          ; 0                 ; 6       ;
;      - DataPath:Inst_DATA_PATH|DATA_MEMORY:Inst_MEM|MEM[13][7]          ; 0                 ; 6       ;
;      - DataPath:Inst_DATA_PATH|DATA_MEMORY:Inst_MEM|MEM[9][7]           ; 0                 ; 6       ;
;      - DataPath:Inst_DATA_PATH|DATA_MEMORY:Inst_MEM|MEM[29][7]          ; 0                 ; 6       ;
;      - DataPath:Inst_DATA_PATH|DATA_MEMORY:Inst_MEM|MEM[26][7]          ; 0                 ; 6       ;
;      - DataPath:Inst_DATA_PATH|DATA_MEMORY:Inst_MEM|MEM[14][7]          ; 0                 ; 6       ;
;      - DataPath:Inst_DATA_PATH|DATA_MEMORY:Inst_MEM|MEM[10][7]          ; 0                 ; 6       ;
;      - DataPath:Inst_DATA_PATH|DATA_MEMORY:Inst_MEM|MEM[30][7]          ; 0                 ; 6       ;
;      - DataPath:Inst_DATA_PATH|DATA_MEMORY:Inst_MEM|MEM[24][7]          ; 0                 ; 6       ;
;      - DataPath:Inst_DATA_PATH|DATA_MEMORY:Inst_MEM|MEM[12][7]          ; 0                 ; 6       ;
;      - DataPath:Inst_DATA_PATH|DATA_MEMORY:Inst_MEM|MEM[8][7]           ; 0                 ; 6       ;
;      - DataPath:Inst_DATA_PATH|DATA_MEMORY:Inst_MEM|MEM[28][7]          ; 0                 ; 6       ;
;      - DataPath:Inst_DATA_PATH|DATA_MEMORY:Inst_MEM|MEM[27][7]          ; 0                 ; 6       ;
;      - DataPath:Inst_DATA_PATH|DATA_MEMORY:Inst_MEM|MEM[15][7]          ; 0                 ; 6       ;
;      - DataPath:Inst_DATA_PATH|DATA_MEMORY:Inst_MEM|MEM[11][7]          ; 0                 ; 6       ;
;      - DataPath:Inst_DATA_PATH|DATA_MEMORY:Inst_MEM|MEM[31][7]          ; 0                 ; 6       ;
;      - DataPath:Inst_DATA_PATH|DATA_MEMORY:Inst_MEM|MEM[52][7]          ; 0                 ; 6       ;
;      - DataPath:Inst_DATA_PATH|DATA_MEMORY:Inst_MEM|MEM[38][7]          ; 0                 ; 6       ;
;      - DataPath:Inst_DATA_PATH|DATA_MEMORY:Inst_MEM|MEM[36][7]          ; 0                 ; 6       ;
;      - DataPath:Inst_DATA_PATH|DATA_MEMORY:Inst_MEM|MEM[54][7]          ; 0                 ; 6       ;
;      - DataPath:Inst_DATA_PATH|DATA_MEMORY:Inst_MEM|MEM[49][7]          ; 0                 ; 6       ;
;      - DataPath:Inst_DATA_PATH|DATA_MEMORY:Inst_MEM|MEM[35][7]          ; 0                 ; 6       ;
;      - DataPath:Inst_DATA_PATH|DATA_MEMORY:Inst_MEM|MEM[33][7]          ; 0                 ; 6       ;
;      - DataPath:Inst_DATA_PATH|DATA_MEMORY:Inst_MEM|MEM[51][7]          ; 0                 ; 6       ;
;      - DataPath:Inst_DATA_PATH|DATA_MEMORY:Inst_MEM|MEM[48][7]          ; 0                 ; 6       ;
;      - DataPath:Inst_DATA_PATH|DATA_MEMORY:Inst_MEM|MEM[34][7]          ; 0                 ; 6       ;
;      - DataPath:Inst_DATA_PATH|DATA_MEMORY:Inst_MEM|MEM[32][7]          ; 0                 ; 6       ;
;      - DataPath:Inst_DATA_PATH|DATA_MEMORY:Inst_MEM|MEM[50][7]          ; 0                 ; 6       ;
;      - DataPath:Inst_DATA_PATH|DATA_MEMORY:Inst_MEM|MEM[53][7]          ; 0                 ; 6       ;
;      - DataPath:Inst_DATA_PATH|DATA_MEMORY:Inst_MEM|MEM[39][7]          ; 0                 ; 6       ;
;      - DataPath:Inst_DATA_PATH|DATA_MEMORY:Inst_MEM|MEM[37][7]          ; 0                 ; 6       ;
;      - DataPath:Inst_DATA_PATH|DATA_MEMORY:Inst_MEM|MEM[55][7]          ; 0                 ; 6       ;
;      - DataPath:Inst_DATA_PATH|DATA_MEMORY:Inst_MEM|MEM[18][7]          ; 0                 ; 6       ;
;      - DataPath:Inst_DATA_PATH|DATA_MEMORY:Inst_MEM|MEM[3][7]           ; 0                 ; 6       ;
;      - DataPath:Inst_DATA_PATH|DATA_MEMORY:Inst_MEM|MEM[2][7]           ; 0                 ; 6       ;
;      - DataPath:Inst_DATA_PATH|DATA_MEMORY:Inst_MEM|MEM[19][7]          ; 0                 ; 6       ;
;      - DataPath:Inst_DATA_PATH|DATA_MEMORY:Inst_MEM|MEM[20][7]          ; 0                 ; 6       ;
;      - DataPath:Inst_DATA_PATH|DATA_MEMORY:Inst_MEM|MEM[5][7]           ; 0                 ; 6       ;
;      - DataPath:Inst_DATA_PATH|DATA_MEMORY:Inst_MEM|MEM[4][7]           ; 0                 ; 6       ;
;      - DataPath:Inst_DATA_PATH|DATA_MEMORY:Inst_MEM|MEM[21][7]          ; 0                 ; 6       ;
;      - DataPath:Inst_DATA_PATH|DATA_MEMORY:Inst_MEM|MEM[16][7]          ; 0                 ; 6       ;
;      - DataPath:Inst_DATA_PATH|DATA_MEMORY:Inst_MEM|MEM[1][7]           ; 0                 ; 6       ;
;      - DataPath:Inst_DATA_PATH|DATA_MEMORY:Inst_MEM|MEM[0][7]           ; 0                 ; 6       ;
;      - DataPath:Inst_DATA_PATH|DATA_MEMORY:Inst_MEM|MEM[17][7]          ; 0                 ; 6       ;
;      - DataPath:Inst_DATA_PATH|DATA_MEMORY:Inst_MEM|MEM[22][7]          ; 0                 ; 6       ;
;      - DataPath:Inst_DATA_PATH|DATA_MEMORY:Inst_MEM|MEM[7][7]           ; 0                 ; 6       ;
;      - DataPath:Inst_DATA_PATH|DATA_MEMORY:Inst_MEM|MEM[6][7]           ; 0                 ; 6       ;
;      - DataPath:Inst_DATA_PATH|DATA_MEMORY:Inst_MEM|MEM[23][7]          ; 0                 ; 6       ;
;      - DataPath:Inst_DATA_PATH|DATA_MEMORY:Inst_MEM|MEM[58][7]          ; 0                 ; 6       ;
;      - DataPath:Inst_DATA_PATH|DATA_MEMORY:Inst_MEM|MEM[43][7]          ; 0                 ; 6       ;
;      - DataPath:Inst_DATA_PATH|DATA_MEMORY:Inst_MEM|MEM[42][7]          ; 0                 ; 6       ;
;      - DataPath:Inst_DATA_PATH|DATA_MEMORY:Inst_MEM|MEM[59][7]          ; 0                 ; 6       ;
;      - DataPath:Inst_DATA_PATH|DATA_MEMORY:Inst_MEM|MEM[60][7]          ; 0                 ; 6       ;
;      - DataPath:Inst_DATA_PATH|DATA_MEMORY:Inst_MEM|MEM[45][7]          ; 0                 ; 6       ;
;      - DataPath:Inst_DATA_PATH|DATA_MEMORY:Inst_MEM|MEM[44][7]          ; 0                 ; 6       ;
;      - DataPath:Inst_DATA_PATH|DATA_MEMORY:Inst_MEM|MEM[61][7]          ; 0                 ; 6       ;
;      - DataPath:Inst_DATA_PATH|DATA_MEMORY:Inst_MEM|MEM[56][7]          ; 0                 ; 6       ;
;      - DataPath:Inst_DATA_PATH|DATA_MEMORY:Inst_MEM|MEM[41][7]          ; 0                 ; 6       ;
;      - DataPath:Inst_DATA_PATH|DATA_MEMORY:Inst_MEM|MEM[40][7]          ; 0                 ; 6       ;
;      - DataPath:Inst_DATA_PATH|DATA_MEMORY:Inst_MEM|MEM[57][7]          ; 0                 ; 6       ;
;      - DataPath:Inst_DATA_PATH|DATA_MEMORY:Inst_MEM|MEM[62][7]          ; 0                 ; 6       ;
;      - DataPath:Inst_DATA_PATH|DATA_MEMORY:Inst_MEM|MEM[47][7]          ; 0                 ; 6       ;
;      - DataPath:Inst_DATA_PATH|DATA_MEMORY:Inst_MEM|MEM[46][7]          ; 0                 ; 6       ;
;      - DataPath:Inst_DATA_PATH|DATA_MEMORY:Inst_MEM|MEM[63][7]          ; 0                 ; 6       ;
;      - DataPath:Inst_DATA_PATH|DATA_MEMORY:Inst_MEM|MEM[49][8]          ; 0                 ; 6       ;
;      - DataPath:Inst_DATA_PATH|DATA_MEMORY:Inst_MEM|MEM[21][8]          ; 0                 ; 6       ;
;      - DataPath:Inst_DATA_PATH|DATA_MEMORY:Inst_MEM|MEM[17][8]          ; 0                 ; 6       ;
;      - DataPath:Inst_DATA_PATH|DATA_MEMORY:Inst_MEM|MEM[53][8]          ; 0                 ; 6       ;
;      - DataPath:Inst_DATA_PATH|DATA_MEMORY:Inst_MEM|MEM[50][8]          ; 0                 ; 6       ;
;      - DataPath:Inst_DATA_PATH|DATA_MEMORY:Inst_MEM|MEM[22][8]          ; 0                 ; 6       ;
;      - DataPath:Inst_DATA_PATH|DATA_MEMORY:Inst_MEM|MEM[18][8]          ; 0                 ; 6       ;
;      - DataPath:Inst_DATA_PATH|DATA_MEMORY:Inst_MEM|MEM[54][8]          ; 0                 ; 6       ;
;      - DataPath:Inst_DATA_PATH|DATA_MEMORY:Inst_MEM|MEM[48][8]          ; 0                 ; 6       ;
;      - DataPath:Inst_DATA_PATH|DATA_MEMORY:Inst_MEM|MEM[20][8]          ; 0                 ; 6       ;
;      - DataPath:Inst_DATA_PATH|DATA_MEMORY:Inst_MEM|MEM[16][8]          ; 0                 ; 6       ;
;      - DataPath:Inst_DATA_PATH|DATA_MEMORY:Inst_MEM|MEM[52][8]          ; 0                 ; 6       ;
;      - DataPath:Inst_DATA_PATH|DATA_MEMORY:Inst_MEM|MEM[51][8]          ; 0                 ; 6       ;
;      - DataPath:Inst_DATA_PATH|DATA_MEMORY:Inst_MEM|MEM[23][8]          ; 0                 ; 6       ;
;      - DataPath:Inst_DATA_PATH|DATA_MEMORY:Inst_MEM|MEM[19][8]          ; 0                 ; 6       ;
;      - DataPath:Inst_DATA_PATH|DATA_MEMORY:Inst_MEM|MEM[55][8]          ; 0                 ; 6       ;
;      - DataPath:Inst_DATA_PATH|DATA_MEMORY:Inst_MEM|MEM[42][8]          ; 0                 ; 6       ;
;      - DataPath:Inst_DATA_PATH|DATA_MEMORY:Inst_MEM|MEM[11][8]          ; 0                 ; 6       ;
;      - DataPath:Inst_DATA_PATH|DATA_MEMORY:Inst_MEM|MEM[10][8]          ; 0                 ; 6       ;
;      - DataPath:Inst_DATA_PATH|DATA_MEMORY:Inst_MEM|MEM[43][8]          ; 0                 ; 6       ;
;      - DataPath:Inst_DATA_PATH|DATA_MEMORY:Inst_MEM|MEM[44][8]          ; 0                 ; 6       ;
;      - DataPath:Inst_DATA_PATH|DATA_MEMORY:Inst_MEM|MEM[13][8]          ; 0                 ; 6       ;
;      - DataPath:Inst_DATA_PATH|DATA_MEMORY:Inst_MEM|MEM[12][8]          ; 0                 ; 6       ;
;      - DataPath:Inst_DATA_PATH|DATA_MEMORY:Inst_MEM|MEM[45][8]          ; 0                 ; 6       ;
;      - DataPath:Inst_DATA_PATH|DATA_MEMORY:Inst_MEM|MEM[40][8]          ; 0                 ; 6       ;
;      - DataPath:Inst_DATA_PATH|DATA_MEMORY:Inst_MEM|MEM[9][8]           ; 0                 ; 6       ;
;      - DataPath:Inst_DATA_PATH|DATA_MEMORY:Inst_MEM|MEM[8][8]           ; 0                 ; 6       ;
;      - DataPath:Inst_DATA_PATH|DATA_MEMORY:Inst_MEM|MEM[41][8]          ; 0                 ; 6       ;
;      - DataPath:Inst_DATA_PATH|DATA_MEMORY:Inst_MEM|MEM[46][8]          ; 0                 ; 6       ;
;      - DataPath:Inst_DATA_PATH|DATA_MEMORY:Inst_MEM|MEM[15][8]          ; 0                 ; 6       ;
;      - DataPath:Inst_DATA_PATH|DATA_MEMORY:Inst_MEM|MEM[14][8]          ; 0                 ; 6       ;
;      - DataPath:Inst_DATA_PATH|DATA_MEMORY:Inst_MEM|MEM[47][8]          ; 0                 ; 6       ;
;      - DataPath:Inst_DATA_PATH|DATA_MEMORY:Inst_MEM|MEM[36][8]          ; 0                 ; 6       ;
;      - DataPath:Inst_DATA_PATH|DATA_MEMORY:Inst_MEM|MEM[6][8]           ; 0                 ; 6       ;
;      - DataPath:Inst_DATA_PATH|DATA_MEMORY:Inst_MEM|MEM[4][8]           ; 0                 ; 6       ;
;      - DataPath:Inst_DATA_PATH|DATA_MEMORY:Inst_MEM|MEM[38][8]          ; 0                 ; 6       ;
;      - DataPath:Inst_DATA_PATH|DATA_MEMORY:Inst_MEM|MEM[33][8]          ; 0                 ; 6       ;
;      - DataPath:Inst_DATA_PATH|DATA_MEMORY:Inst_MEM|MEM[3][8]           ; 0                 ; 6       ;
;      - DataPath:Inst_DATA_PATH|DATA_MEMORY:Inst_MEM|MEM[1][8]           ; 0                 ; 6       ;
;      - DataPath:Inst_DATA_PATH|DATA_MEMORY:Inst_MEM|MEM[35][8]          ; 0                 ; 6       ;
;      - DataPath:Inst_DATA_PATH|DATA_MEMORY:Inst_MEM|MEM[32][8]          ; 0                 ; 6       ;
;      - DataPath:Inst_DATA_PATH|DATA_MEMORY:Inst_MEM|MEM[2][8]           ; 0                 ; 6       ;
;      - DataPath:Inst_DATA_PATH|DATA_MEMORY:Inst_MEM|MEM[0][8]           ; 0                 ; 6       ;
;      - DataPath:Inst_DATA_PATH|DATA_MEMORY:Inst_MEM|MEM[34][8]          ; 0                 ; 6       ;
;      - DataPath:Inst_DATA_PATH|DATA_MEMORY:Inst_MEM|MEM[37][8]          ; 0                 ; 6       ;
;      - DataPath:Inst_DATA_PATH|DATA_MEMORY:Inst_MEM|MEM[7][8]           ; 0                 ; 6       ;
;      - DataPath:Inst_DATA_PATH|DATA_MEMORY:Inst_MEM|MEM[5][8]           ; 0                 ; 6       ;
;      - DataPath:Inst_DATA_PATH|DATA_MEMORY:Inst_MEM|MEM[39][8]          ; 0                 ; 6       ;
;      - DataPath:Inst_DATA_PATH|DATA_MEMORY:Inst_MEM|MEM[60][8]          ; 0                 ; 6       ;
;      - DataPath:Inst_DATA_PATH|DATA_MEMORY:Inst_MEM|MEM[30][8]          ; 0                 ; 6       ;
;      - DataPath:Inst_DATA_PATH|DATA_MEMORY:Inst_MEM|MEM[28][8]          ; 0                 ; 6       ;
;      - DataPath:Inst_DATA_PATH|DATA_MEMORY:Inst_MEM|MEM[62][8]          ; 0                 ; 6       ;
;      - DataPath:Inst_DATA_PATH|DATA_MEMORY:Inst_MEM|MEM[57][8]          ; 0                 ; 6       ;
;      - DataPath:Inst_DATA_PATH|DATA_MEMORY:Inst_MEM|MEM[27][8]          ; 0                 ; 6       ;
;      - DataPath:Inst_DATA_PATH|DATA_MEMORY:Inst_MEM|MEM[25][8]          ; 0                 ; 6       ;
;      - DataPath:Inst_DATA_PATH|DATA_MEMORY:Inst_MEM|MEM[59][8]          ; 0                 ; 6       ;
;      - DataPath:Inst_DATA_PATH|DATA_MEMORY:Inst_MEM|MEM[56][8]          ; 0                 ; 6       ;
;      - DataPath:Inst_DATA_PATH|DATA_MEMORY:Inst_MEM|MEM[26][8]          ; 0                 ; 6       ;
;      - DataPath:Inst_DATA_PATH|DATA_MEMORY:Inst_MEM|MEM[24][8]          ; 0                 ; 6       ;
;      - DataPath:Inst_DATA_PATH|DATA_MEMORY:Inst_MEM|MEM[58][8]          ; 0                 ; 6       ;
;      - DataPath:Inst_DATA_PATH|DATA_MEMORY:Inst_MEM|MEM[61][8]          ; 0                 ; 6       ;
;      - DataPath:Inst_DATA_PATH|DATA_MEMORY:Inst_MEM|MEM[31][8]          ; 0                 ; 6       ;
;      - DataPath:Inst_DATA_PATH|DATA_MEMORY:Inst_MEM|MEM[29][8]          ; 0                 ; 6       ;
;      - DataPath:Inst_DATA_PATH|DATA_MEMORY:Inst_MEM|MEM[63][8]          ; 0                 ; 6       ;
;      - DataPath:Inst_DATA_PATH|DATA_MEMORY:Inst_MEM|MEM[25][9]          ; 0                 ; 6       ;
;      - DataPath:Inst_DATA_PATH|DATA_MEMORY:Inst_MEM|MEM[13][9]          ; 0                 ; 6       ;
;      - DataPath:Inst_DATA_PATH|DATA_MEMORY:Inst_MEM|MEM[9][9]           ; 0                 ; 6       ;
;      - DataPath:Inst_DATA_PATH|DATA_MEMORY:Inst_MEM|MEM[29][9]          ; 0                 ; 6       ;
;      - DataPath:Inst_DATA_PATH|DATA_MEMORY:Inst_MEM|MEM[26][9]          ; 0                 ; 6       ;
;      - DataPath:Inst_DATA_PATH|DATA_MEMORY:Inst_MEM|MEM[14][9]          ; 0                 ; 6       ;
;      - DataPath:Inst_DATA_PATH|DATA_MEMORY:Inst_MEM|MEM[10][9]          ; 0                 ; 6       ;
;      - DataPath:Inst_DATA_PATH|DATA_MEMORY:Inst_MEM|MEM[30][9]          ; 0                 ; 6       ;
;      - DataPath:Inst_DATA_PATH|DATA_MEMORY:Inst_MEM|MEM[24][9]          ; 0                 ; 6       ;
;      - DataPath:Inst_DATA_PATH|DATA_MEMORY:Inst_MEM|MEM[12][9]          ; 0                 ; 6       ;
;      - DataPath:Inst_DATA_PATH|DATA_MEMORY:Inst_MEM|MEM[8][9]           ; 0                 ; 6       ;
;      - DataPath:Inst_DATA_PATH|DATA_MEMORY:Inst_MEM|MEM[28][9]          ; 0                 ; 6       ;
;      - DataPath:Inst_DATA_PATH|DATA_MEMORY:Inst_MEM|MEM[27][9]          ; 0                 ; 6       ;
;      - DataPath:Inst_DATA_PATH|DATA_MEMORY:Inst_MEM|MEM[15][9]          ; 0                 ; 6       ;
;      - DataPath:Inst_DATA_PATH|DATA_MEMORY:Inst_MEM|MEM[11][9]          ; 0                 ; 6       ;
;      - DataPath:Inst_DATA_PATH|DATA_MEMORY:Inst_MEM|MEM[31][9]          ; 0                 ; 6       ;
;      - DataPath:Inst_DATA_PATH|DATA_MEMORY:Inst_MEM|MEM[52][9]          ; 0                 ; 6       ;
;      - DataPath:Inst_DATA_PATH|DATA_MEMORY:Inst_MEM|MEM[38][9]          ; 0                 ; 6       ;
;      - DataPath:Inst_DATA_PATH|DATA_MEMORY:Inst_MEM|MEM[36][9]          ; 0                 ; 6       ;
;      - DataPath:Inst_DATA_PATH|DATA_MEMORY:Inst_MEM|MEM[54][9]          ; 0                 ; 6       ;
;      - DataPath:Inst_DATA_PATH|DATA_MEMORY:Inst_MEM|MEM[49][9]          ; 0                 ; 6       ;
;      - DataPath:Inst_DATA_PATH|DATA_MEMORY:Inst_MEM|MEM[35][9]          ; 0                 ; 6       ;
;      - DataPath:Inst_DATA_PATH|DATA_MEMORY:Inst_MEM|MEM[33][9]          ; 0                 ; 6       ;
;      - DataPath:Inst_DATA_PATH|DATA_MEMORY:Inst_MEM|MEM[51][9]          ; 0                 ; 6       ;
;      - DataPath:Inst_DATA_PATH|DATA_MEMORY:Inst_MEM|MEM[48][9]          ; 0                 ; 6       ;
;      - DataPath:Inst_DATA_PATH|DATA_MEMORY:Inst_MEM|MEM[34][9]          ; 0                 ; 6       ;
;      - DataPath:Inst_DATA_PATH|DATA_MEMORY:Inst_MEM|MEM[32][9]          ; 0                 ; 6       ;
;      - DataPath:Inst_DATA_PATH|DATA_MEMORY:Inst_MEM|MEM[50][9]          ; 0                 ; 6       ;
;      - DataPath:Inst_DATA_PATH|DATA_MEMORY:Inst_MEM|MEM[53][9]          ; 0                 ; 6       ;
;      - DataPath:Inst_DATA_PATH|DATA_MEMORY:Inst_MEM|MEM[39][9]          ; 0                 ; 6       ;
;      - DataPath:Inst_DATA_PATH|DATA_MEMORY:Inst_MEM|MEM[37][9]          ; 0                 ; 6       ;
;      - DataPath:Inst_DATA_PATH|DATA_MEMORY:Inst_MEM|MEM[55][9]          ; 0                 ; 6       ;
;      - DataPath:Inst_DATA_PATH|DATA_MEMORY:Inst_MEM|MEM[18][9]          ; 0                 ; 6       ;
;      - DataPath:Inst_DATA_PATH|DATA_MEMORY:Inst_MEM|MEM[3][9]           ; 0                 ; 6       ;
;      - DataPath:Inst_DATA_PATH|DATA_MEMORY:Inst_MEM|MEM[2][9]           ; 0                 ; 6       ;
;      - DataPath:Inst_DATA_PATH|DATA_MEMORY:Inst_MEM|MEM[19][9]          ; 0                 ; 6       ;
;      - DataPath:Inst_DATA_PATH|DATA_MEMORY:Inst_MEM|MEM[20][9]          ; 0                 ; 6       ;
;      - DataPath:Inst_DATA_PATH|DATA_MEMORY:Inst_MEM|MEM[5][9]           ; 0                 ; 6       ;
;      - DataPath:Inst_DATA_PATH|DATA_MEMORY:Inst_MEM|MEM[4][9]           ; 0                 ; 6       ;
;      - DataPath:Inst_DATA_PATH|DATA_MEMORY:Inst_MEM|MEM[21][9]          ; 0                 ; 6       ;
;      - DataPath:Inst_DATA_PATH|DATA_MEMORY:Inst_MEM|MEM[16][9]          ; 0                 ; 6       ;
;      - DataPath:Inst_DATA_PATH|DATA_MEMORY:Inst_MEM|MEM[1][9]           ; 0                 ; 6       ;
;      - DataPath:Inst_DATA_PATH|DATA_MEMORY:Inst_MEM|MEM[0][9]           ; 0                 ; 6       ;
;      - DataPath:Inst_DATA_PATH|DATA_MEMORY:Inst_MEM|MEM[17][9]          ; 0                 ; 6       ;
;      - DataPath:Inst_DATA_PATH|DATA_MEMORY:Inst_MEM|MEM[22][9]          ; 0                 ; 6       ;
;      - DataPath:Inst_DATA_PATH|DATA_MEMORY:Inst_MEM|MEM[7][9]           ; 0                 ; 6       ;
;      - DataPath:Inst_DATA_PATH|DATA_MEMORY:Inst_MEM|MEM[6][9]           ; 0                 ; 6       ;
;      - DataPath:Inst_DATA_PATH|DATA_MEMORY:Inst_MEM|MEM[23][9]          ; 0                 ; 6       ;
;      - DataPath:Inst_DATA_PATH|DATA_MEMORY:Inst_MEM|MEM[58][9]          ; 0                 ; 6       ;
;      - DataPath:Inst_DATA_PATH|DATA_MEMORY:Inst_MEM|MEM[43][9]          ; 0                 ; 6       ;
;      - DataPath:Inst_DATA_PATH|DATA_MEMORY:Inst_MEM|MEM[42][9]          ; 0                 ; 6       ;
;      - DataPath:Inst_DATA_PATH|DATA_MEMORY:Inst_MEM|MEM[59][9]          ; 0                 ; 6       ;
;      - DataPath:Inst_DATA_PATH|DATA_MEMORY:Inst_MEM|MEM[60][9]          ; 0                 ; 6       ;
;      - DataPath:Inst_DATA_PATH|DATA_MEMORY:Inst_MEM|MEM[45][9]          ; 0                 ; 6       ;
;      - DataPath:Inst_DATA_PATH|DATA_MEMORY:Inst_MEM|MEM[44][9]          ; 0                 ; 6       ;
;      - DataPath:Inst_DATA_PATH|DATA_MEMORY:Inst_MEM|MEM[61][9]          ; 0                 ; 6       ;
;      - DataPath:Inst_DATA_PATH|DATA_MEMORY:Inst_MEM|MEM[56][9]          ; 0                 ; 6       ;
;      - DataPath:Inst_DATA_PATH|DATA_MEMORY:Inst_MEM|MEM[41][9]          ; 0                 ; 6       ;
;      - DataPath:Inst_DATA_PATH|DATA_MEMORY:Inst_MEM|MEM[40][9]          ; 0                 ; 6       ;
;      - DataPath:Inst_DATA_PATH|DATA_MEMORY:Inst_MEM|MEM[57][9]          ; 0                 ; 6       ;
;      - DataPath:Inst_DATA_PATH|DATA_MEMORY:Inst_MEM|MEM[62][9]          ; 0                 ; 6       ;
;      - DataPath:Inst_DATA_PATH|DATA_MEMORY:Inst_MEM|MEM[47][9]          ; 0                 ; 6       ;
;      - DataPath:Inst_DATA_PATH|DATA_MEMORY:Inst_MEM|MEM[46][9]          ; 0                 ; 6       ;
;      - DataPath:Inst_DATA_PATH|DATA_MEMORY:Inst_MEM|MEM[63][9]          ; 0                 ; 6       ;
;      - DataPath:Inst_DATA_PATH|DATA_MEMORY:Inst_MEM|MEM[44][10]         ; 0                 ; 6       ;
;      - DataPath:Inst_DATA_PATH|DATA_MEMORY:Inst_MEM|MEM[38][10]         ; 0                 ; 6       ;
;      - DataPath:Inst_DATA_PATH|DATA_MEMORY:Inst_MEM|MEM[36][10]         ; 0                 ; 6       ;
;      - DataPath:Inst_DATA_PATH|DATA_MEMORY:Inst_MEM|MEM[46][10]         ; 0                 ; 6       ;
;      - DataPath:Inst_DATA_PATH|DATA_MEMORY:Inst_MEM|MEM[41][10]         ; 0                 ; 6       ;
;      - DataPath:Inst_DATA_PATH|DATA_MEMORY:Inst_MEM|MEM[35][10]         ; 0                 ; 6       ;
;      - DataPath:Inst_DATA_PATH|DATA_MEMORY:Inst_MEM|MEM[33][10]         ; 0                 ; 6       ;
;      - DataPath:Inst_DATA_PATH|DATA_MEMORY:Inst_MEM|MEM[43][10]         ; 0                 ; 6       ;
;      - DataPath:Inst_DATA_PATH|DATA_MEMORY:Inst_MEM|MEM[40][10]         ; 0                 ; 6       ;
;      - DataPath:Inst_DATA_PATH|DATA_MEMORY:Inst_MEM|MEM[34][10]         ; 0                 ; 6       ;
;      - DataPath:Inst_DATA_PATH|DATA_MEMORY:Inst_MEM|MEM[32][10]         ; 0                 ; 6       ;
;      - DataPath:Inst_DATA_PATH|DATA_MEMORY:Inst_MEM|MEM[42][10]         ; 0                 ; 6       ;
;      - DataPath:Inst_DATA_PATH|DATA_MEMORY:Inst_MEM|MEM[45][10]         ; 0                 ; 6       ;
;      - DataPath:Inst_DATA_PATH|DATA_MEMORY:Inst_MEM|MEM[39][10]         ; 0                 ; 6       ;
;      - DataPath:Inst_DATA_PATH|DATA_MEMORY:Inst_MEM|MEM[37][10]         ; 0                 ; 6       ;
;      - DataPath:Inst_DATA_PATH|DATA_MEMORY:Inst_MEM|MEM[47][10]         ; 0                 ; 6       ;
;      - DataPath:Inst_DATA_PATH|DATA_MEMORY:Inst_MEM|MEM[26][10]         ; 0                 ; 6       ;
;      - DataPath:Inst_DATA_PATH|DATA_MEMORY:Inst_MEM|MEM[19][10]         ; 0                 ; 6       ;
;      - DataPath:Inst_DATA_PATH|DATA_MEMORY:Inst_MEM|MEM[18][10]         ; 0                 ; 6       ;
;      - DataPath:Inst_DATA_PATH|DATA_MEMORY:Inst_MEM|MEM[27][10]         ; 0                 ; 6       ;
;      - DataPath:Inst_DATA_PATH|DATA_MEMORY:Inst_MEM|MEM[28][10]         ; 0                 ; 6       ;
;      - DataPath:Inst_DATA_PATH|DATA_MEMORY:Inst_MEM|MEM[21][10]         ; 0                 ; 6       ;
;      - DataPath:Inst_DATA_PATH|DATA_MEMORY:Inst_MEM|MEM[20][10]         ; 0                 ; 6       ;
;      - DataPath:Inst_DATA_PATH|DATA_MEMORY:Inst_MEM|MEM[29][10]         ; 0                 ; 6       ;
;      - DataPath:Inst_DATA_PATH|DATA_MEMORY:Inst_MEM|MEM[24][10]         ; 0                 ; 6       ;
;      - DataPath:Inst_DATA_PATH|DATA_MEMORY:Inst_MEM|MEM[17][10]         ; 0                 ; 6       ;
;      - DataPath:Inst_DATA_PATH|DATA_MEMORY:Inst_MEM|MEM[16][10]         ; 0                 ; 6       ;
;      - DataPath:Inst_DATA_PATH|DATA_MEMORY:Inst_MEM|MEM[25][10]         ; 0                 ; 6       ;
;      - DataPath:Inst_DATA_PATH|DATA_MEMORY:Inst_MEM|MEM[30][10]         ; 0                 ; 6       ;
;      - DataPath:Inst_DATA_PATH|DATA_MEMORY:Inst_MEM|MEM[23][10]         ; 0                 ; 6       ;
;      - DataPath:Inst_DATA_PATH|DATA_MEMORY:Inst_MEM|MEM[22][10]         ; 0                 ; 6       ;
;      - DataPath:Inst_DATA_PATH|DATA_MEMORY:Inst_MEM|MEM[31][10]         ; 0                 ; 6       ;
;      - DataPath:Inst_DATA_PATH|DATA_MEMORY:Inst_MEM|MEM[9][10]          ; 0                 ; 6       ;
;      - DataPath:Inst_DATA_PATH|DATA_MEMORY:Inst_MEM|MEM[5][10]          ; 0                 ; 6       ;
;      - DataPath:Inst_DATA_PATH|DATA_MEMORY:Inst_MEM|MEM[1][10]          ; 0                 ; 6       ;
;      - DataPath:Inst_DATA_PATH|DATA_MEMORY:Inst_MEM|MEM[13][10]         ; 0                 ; 6       ;
;      - DataPath:Inst_DATA_PATH|DATA_MEMORY:Inst_MEM|MEM[10][10]         ; 0                 ; 6       ;
;      - DataPath:Inst_DATA_PATH|DATA_MEMORY:Inst_MEM|MEM[6][10]          ; 0                 ; 6       ;
;      - DataPath:Inst_DATA_PATH|DATA_MEMORY:Inst_MEM|MEM[2][10]          ; 0                 ; 6       ;
;      - DataPath:Inst_DATA_PATH|DATA_MEMORY:Inst_MEM|MEM[14][10]         ; 0                 ; 6       ;
;      - DataPath:Inst_DATA_PATH|DATA_MEMORY:Inst_MEM|MEM[8][10]          ; 0                 ; 6       ;
;      - DataPath:Inst_DATA_PATH|DATA_MEMORY:Inst_MEM|MEM[4][10]          ; 0                 ; 6       ;
;      - DataPath:Inst_DATA_PATH|DATA_MEMORY:Inst_MEM|MEM[0][10]          ; 0                 ; 6       ;
;      - DataPath:Inst_DATA_PATH|DATA_MEMORY:Inst_MEM|MEM[12][10]         ; 0                 ; 6       ;
;      - DataPath:Inst_DATA_PATH|DATA_MEMORY:Inst_MEM|MEM[11][10]         ; 0                 ; 6       ;
;      - DataPath:Inst_DATA_PATH|DATA_MEMORY:Inst_MEM|MEM[7][10]          ; 0                 ; 6       ;
;      - DataPath:Inst_DATA_PATH|DATA_MEMORY:Inst_MEM|MEM[3][10]          ; 0                 ; 6       ;
;      - DataPath:Inst_DATA_PATH|DATA_MEMORY:Inst_MEM|MEM[15][10]         ; 0                 ; 6       ;
;      - DataPath:Inst_DATA_PATH|DATA_MEMORY:Inst_MEM|MEM[57][10]         ; 0                 ; 6       ;
;      - DataPath:Inst_DATA_PATH|DATA_MEMORY:Inst_MEM|MEM[53][10]         ; 0                 ; 6       ;
;      - DataPath:Inst_DATA_PATH|DATA_MEMORY:Inst_MEM|MEM[49][10]         ; 0                 ; 6       ;
;      - DataPath:Inst_DATA_PATH|DATA_MEMORY:Inst_MEM|MEM[61][10]         ; 0                 ; 6       ;
;      - DataPath:Inst_DATA_PATH|DATA_MEMORY:Inst_MEM|MEM[58][10]         ; 0                 ; 6       ;
;      - DataPath:Inst_DATA_PATH|DATA_MEMORY:Inst_MEM|MEM[54][10]         ; 0                 ; 6       ;
;      - DataPath:Inst_DATA_PATH|DATA_MEMORY:Inst_MEM|MEM[50][10]         ; 0                 ; 6       ;
;      - DataPath:Inst_DATA_PATH|DATA_MEMORY:Inst_MEM|MEM[62][10]         ; 0                 ; 6       ;
;      - DataPath:Inst_DATA_PATH|DATA_MEMORY:Inst_MEM|MEM[56][10]         ; 0                 ; 6       ;
;      - DataPath:Inst_DATA_PATH|DATA_MEMORY:Inst_MEM|MEM[52][10]         ; 0                 ; 6       ;
;      - DataPath:Inst_DATA_PATH|DATA_MEMORY:Inst_MEM|MEM[48][10]         ; 0                 ; 6       ;
;      - DataPath:Inst_DATA_PATH|DATA_MEMORY:Inst_MEM|MEM[60][10]         ; 0                 ; 6       ;
;      - DataPath:Inst_DATA_PATH|DATA_MEMORY:Inst_MEM|MEM[59][10]         ; 0                 ; 6       ;
;      - DataPath:Inst_DATA_PATH|DATA_MEMORY:Inst_MEM|MEM[55][10]         ; 0                 ; 6       ;
;      - DataPath:Inst_DATA_PATH|DATA_MEMORY:Inst_MEM|MEM[51][10]         ; 0                 ; 6       ;
;      - DataPath:Inst_DATA_PATH|DATA_MEMORY:Inst_MEM|MEM[63][10]         ; 0                 ; 6       ;
;      - DataPath:Inst_DATA_PATH|DATA_MEMORY:Inst_MEM|MEM[49][11]         ; 0                 ; 6       ;
;      - DataPath:Inst_DATA_PATH|DATA_MEMORY:Inst_MEM|MEM[21][11]         ; 0                 ; 6       ;
;      - DataPath:Inst_DATA_PATH|DATA_MEMORY:Inst_MEM|MEM[17][11]         ; 0                 ; 6       ;
;      - DataPath:Inst_DATA_PATH|DATA_MEMORY:Inst_MEM|MEM[53][11]         ; 0                 ; 6       ;
;      - DataPath:Inst_DATA_PATH|DATA_MEMORY:Inst_MEM|MEM[50][11]         ; 0                 ; 6       ;
;      - DataPath:Inst_DATA_PATH|DATA_MEMORY:Inst_MEM|MEM[22][11]         ; 0                 ; 6       ;
;      - DataPath:Inst_DATA_PATH|DATA_MEMORY:Inst_MEM|MEM[18][11]         ; 0                 ; 6       ;
;      - DataPath:Inst_DATA_PATH|DATA_MEMORY:Inst_MEM|MEM[54][11]         ; 0                 ; 6       ;
;      - DataPath:Inst_DATA_PATH|DATA_MEMORY:Inst_MEM|MEM[48][11]         ; 0                 ; 6       ;
;      - DataPath:Inst_DATA_PATH|DATA_MEMORY:Inst_MEM|MEM[20][11]         ; 0                 ; 6       ;
;      - DataPath:Inst_DATA_PATH|DATA_MEMORY:Inst_MEM|MEM[16][11]         ; 0                 ; 6       ;
;      - DataPath:Inst_DATA_PATH|DATA_MEMORY:Inst_MEM|MEM[52][11]         ; 0                 ; 6       ;
;      - DataPath:Inst_DATA_PATH|DATA_MEMORY:Inst_MEM|MEM[51][11]         ; 0                 ; 6       ;
;      - DataPath:Inst_DATA_PATH|DATA_MEMORY:Inst_MEM|MEM[23][11]         ; 0                 ; 6       ;
;      - DataPath:Inst_DATA_PATH|DATA_MEMORY:Inst_MEM|MEM[19][11]         ; 0                 ; 6       ;
;      - DataPath:Inst_DATA_PATH|DATA_MEMORY:Inst_MEM|MEM[55][11]         ; 0                 ; 6       ;
;      - DataPath:Inst_DATA_PATH|DATA_MEMORY:Inst_MEM|MEM[42][11]         ; 0                 ; 6       ;
;      - DataPath:Inst_DATA_PATH|DATA_MEMORY:Inst_MEM|MEM[11][11]         ; 0                 ; 6       ;
;      - DataPath:Inst_DATA_PATH|DATA_MEMORY:Inst_MEM|MEM[10][11]         ; 0                 ; 6       ;
;      - DataPath:Inst_DATA_PATH|DATA_MEMORY:Inst_MEM|MEM[43][11]         ; 0                 ; 6       ;
;      - DataPath:Inst_DATA_PATH|DATA_MEMORY:Inst_MEM|MEM[44][11]         ; 0                 ; 6       ;
;      - DataPath:Inst_DATA_PATH|DATA_MEMORY:Inst_MEM|MEM[13][11]         ; 0                 ; 6       ;
;      - DataPath:Inst_DATA_PATH|DATA_MEMORY:Inst_MEM|MEM[12][11]         ; 0                 ; 6       ;
;      - DataPath:Inst_DATA_PATH|DATA_MEMORY:Inst_MEM|MEM[45][11]         ; 0                 ; 6       ;
;      - DataPath:Inst_DATA_PATH|DATA_MEMORY:Inst_MEM|MEM[40][11]         ; 0                 ; 6       ;
;      - DataPath:Inst_DATA_PATH|DATA_MEMORY:Inst_MEM|MEM[9][11]          ; 0                 ; 6       ;
;      - DataPath:Inst_DATA_PATH|DATA_MEMORY:Inst_MEM|MEM[8][11]          ; 0                 ; 6       ;
;      - DataPath:Inst_DATA_PATH|DATA_MEMORY:Inst_MEM|MEM[41][11]         ; 0                 ; 6       ;
;      - DataPath:Inst_DATA_PATH|DATA_MEMORY:Inst_MEM|MEM[46][11]         ; 0                 ; 6       ;
;      - DataPath:Inst_DATA_PATH|DATA_MEMORY:Inst_MEM|MEM[15][11]         ; 0                 ; 6       ;
;      - DataPath:Inst_DATA_PATH|DATA_MEMORY:Inst_MEM|MEM[14][11]         ; 0                 ; 6       ;
;      - DataPath:Inst_DATA_PATH|DATA_MEMORY:Inst_MEM|MEM[47][11]         ; 0                 ; 6       ;
;      - DataPath:Inst_DATA_PATH|DATA_MEMORY:Inst_MEM|MEM[36][11]         ; 0                 ; 6       ;
;      - DataPath:Inst_DATA_PATH|DATA_MEMORY:Inst_MEM|MEM[6][11]          ; 0                 ; 6       ;
;      - DataPath:Inst_DATA_PATH|DATA_MEMORY:Inst_MEM|MEM[4][11]          ; 0                 ; 6       ;
;      - DataPath:Inst_DATA_PATH|DATA_MEMORY:Inst_MEM|MEM[38][11]         ; 0                 ; 6       ;
;      - DataPath:Inst_DATA_PATH|DATA_MEMORY:Inst_MEM|MEM[33][11]         ; 0                 ; 6       ;
;      - DataPath:Inst_DATA_PATH|DATA_MEMORY:Inst_MEM|MEM[3][11]          ; 0                 ; 6       ;
;      - DataPath:Inst_DATA_PATH|DATA_MEMORY:Inst_MEM|MEM[1][11]          ; 0                 ; 6       ;
;      - DataPath:Inst_DATA_PATH|DATA_MEMORY:Inst_MEM|MEM[35][11]         ; 0                 ; 6       ;
;      - DataPath:Inst_DATA_PATH|DATA_MEMORY:Inst_MEM|MEM[32][11]         ; 0                 ; 6       ;
;      - DataPath:Inst_DATA_PATH|DATA_MEMORY:Inst_MEM|MEM[2][11]          ; 0                 ; 6       ;
;      - DataPath:Inst_DATA_PATH|DATA_MEMORY:Inst_MEM|MEM[0][11]          ; 0                 ; 6       ;
;      - DataPath:Inst_DATA_PATH|DATA_MEMORY:Inst_MEM|MEM[34][11]         ; 0                 ; 6       ;
;      - DataPath:Inst_DATA_PATH|DATA_MEMORY:Inst_MEM|MEM[37][11]         ; 0                 ; 6       ;
;      - DataPath:Inst_DATA_PATH|DATA_MEMORY:Inst_MEM|MEM[7][11]          ; 0                 ; 6       ;
;      - DataPath:Inst_DATA_PATH|DATA_MEMORY:Inst_MEM|MEM[5][11]          ; 0                 ; 6       ;
;      - DataPath:Inst_DATA_PATH|DATA_MEMORY:Inst_MEM|MEM[39][11]         ; 0                 ; 6       ;
;      - DataPath:Inst_DATA_PATH|DATA_MEMORY:Inst_MEM|MEM[60][11]         ; 0                 ; 6       ;
;      - DataPath:Inst_DATA_PATH|DATA_MEMORY:Inst_MEM|MEM[30][11]         ; 0                 ; 6       ;
;      - DataPath:Inst_DATA_PATH|DATA_MEMORY:Inst_MEM|MEM[28][11]         ; 0                 ; 6       ;
;      - DataPath:Inst_DATA_PATH|DATA_MEMORY:Inst_MEM|MEM[62][11]         ; 0                 ; 6       ;
;      - DataPath:Inst_DATA_PATH|DATA_MEMORY:Inst_MEM|MEM[57][11]         ; 0                 ; 6       ;
;      - DataPath:Inst_DATA_PATH|DATA_MEMORY:Inst_MEM|MEM[27][11]         ; 0                 ; 6       ;
;      - DataPath:Inst_DATA_PATH|DATA_MEMORY:Inst_MEM|MEM[25][11]         ; 0                 ; 6       ;
;      - DataPath:Inst_DATA_PATH|DATA_MEMORY:Inst_MEM|MEM[59][11]         ; 0                 ; 6       ;
;      - DataPath:Inst_DATA_PATH|DATA_MEMORY:Inst_MEM|MEM[56][11]         ; 0                 ; 6       ;
;      - DataPath:Inst_DATA_PATH|DATA_MEMORY:Inst_MEM|MEM[26][11]         ; 0                 ; 6       ;
;      - DataPath:Inst_DATA_PATH|DATA_MEMORY:Inst_MEM|MEM[24][11]         ; 0                 ; 6       ;
;      - DataPath:Inst_DATA_PATH|DATA_MEMORY:Inst_MEM|MEM[58][11]         ; 0                 ; 6       ;
;      - DataPath:Inst_DATA_PATH|DATA_MEMORY:Inst_MEM|MEM[61][11]         ; 0                 ; 6       ;
;      - DataPath:Inst_DATA_PATH|DATA_MEMORY:Inst_MEM|MEM[31][11]         ; 0                 ; 6       ;
;      - DataPath:Inst_DATA_PATH|DATA_MEMORY:Inst_MEM|MEM[29][11]         ; 0                 ; 6       ;
;      - DataPath:Inst_DATA_PATH|DATA_MEMORY:Inst_MEM|MEM[63][11]         ; 0                 ; 6       ;
;      - DataPath:Inst_DATA_PATH|DATA_MEMORY:Inst_MEM|MEM[44][12]         ; 0                 ; 6       ;
;      - DataPath:Inst_DATA_PATH|DATA_MEMORY:Inst_MEM|MEM[38][12]         ; 0                 ; 6       ;
;      - DataPath:Inst_DATA_PATH|DATA_MEMORY:Inst_MEM|MEM[36][12]         ; 0                 ; 6       ;
;      - DataPath:Inst_DATA_PATH|DATA_MEMORY:Inst_MEM|MEM[46][12]         ; 0                 ; 6       ;
;      - DataPath:Inst_DATA_PATH|DATA_MEMORY:Inst_MEM|MEM[41][12]         ; 0                 ; 6       ;
;      - DataPath:Inst_DATA_PATH|DATA_MEMORY:Inst_MEM|MEM[35][12]         ; 0                 ; 6       ;
;      - DataPath:Inst_DATA_PATH|DATA_MEMORY:Inst_MEM|MEM[33][12]         ; 0                 ; 6       ;
;      - DataPath:Inst_DATA_PATH|DATA_MEMORY:Inst_MEM|MEM[43][12]         ; 0                 ; 6       ;
;      - DataPath:Inst_DATA_PATH|DATA_MEMORY:Inst_MEM|MEM[40][12]         ; 0                 ; 6       ;
;      - DataPath:Inst_DATA_PATH|DATA_MEMORY:Inst_MEM|MEM[34][12]         ; 0                 ; 6       ;
;      - DataPath:Inst_DATA_PATH|DATA_MEMORY:Inst_MEM|MEM[32][12]         ; 0                 ; 6       ;
;      - DataPath:Inst_DATA_PATH|DATA_MEMORY:Inst_MEM|MEM[42][12]         ; 0                 ; 6       ;
;      - DataPath:Inst_DATA_PATH|DATA_MEMORY:Inst_MEM|MEM[45][12]         ; 0                 ; 6       ;
;      - DataPath:Inst_DATA_PATH|DATA_MEMORY:Inst_MEM|MEM[39][12]         ; 0                 ; 6       ;
;      - DataPath:Inst_DATA_PATH|DATA_MEMORY:Inst_MEM|MEM[37][12]         ; 0                 ; 6       ;
;      - DataPath:Inst_DATA_PATH|DATA_MEMORY:Inst_MEM|MEM[47][12]         ; 0                 ; 6       ;
;      - DataPath:Inst_DATA_PATH|DATA_MEMORY:Inst_MEM|MEM[26][12]         ; 0                 ; 6       ;
;      - DataPath:Inst_DATA_PATH|DATA_MEMORY:Inst_MEM|MEM[19][12]         ; 0                 ; 6       ;
;      - DataPath:Inst_DATA_PATH|DATA_MEMORY:Inst_MEM|MEM[18][12]         ; 0                 ; 6       ;
;      - DataPath:Inst_DATA_PATH|DATA_MEMORY:Inst_MEM|MEM[27][12]         ; 0                 ; 6       ;
;      - DataPath:Inst_DATA_PATH|DATA_MEMORY:Inst_MEM|MEM[28][12]         ; 0                 ; 6       ;
;      - DataPath:Inst_DATA_PATH|DATA_MEMORY:Inst_MEM|MEM[21][12]         ; 0                 ; 6       ;
;      - DataPath:Inst_DATA_PATH|DATA_MEMORY:Inst_MEM|MEM[20][12]         ; 0                 ; 6       ;
;      - DataPath:Inst_DATA_PATH|DATA_MEMORY:Inst_MEM|MEM[29][12]         ; 0                 ; 6       ;
;      - DataPath:Inst_DATA_PATH|DATA_MEMORY:Inst_MEM|MEM[24][12]         ; 0                 ; 6       ;
;      - DataPath:Inst_DATA_PATH|DATA_MEMORY:Inst_MEM|MEM[17][12]         ; 0                 ; 6       ;
;      - DataPath:Inst_DATA_PATH|DATA_MEMORY:Inst_MEM|MEM[16][12]         ; 0                 ; 6       ;
;      - DataPath:Inst_DATA_PATH|DATA_MEMORY:Inst_MEM|MEM[25][12]         ; 0                 ; 6       ;
;      - DataPath:Inst_DATA_PATH|DATA_MEMORY:Inst_MEM|MEM[30][12]         ; 0                 ; 6       ;
;      - DataPath:Inst_DATA_PATH|DATA_MEMORY:Inst_MEM|MEM[23][12]         ; 0                 ; 6       ;
;      - DataPath:Inst_DATA_PATH|DATA_MEMORY:Inst_MEM|MEM[22][12]         ; 0                 ; 6       ;
;      - DataPath:Inst_DATA_PATH|DATA_MEMORY:Inst_MEM|MEM[31][12]         ; 0                 ; 6       ;
;      - DataPath:Inst_DATA_PATH|DATA_MEMORY:Inst_MEM|MEM[9][12]          ; 0                 ; 6       ;
;      - DataPath:Inst_DATA_PATH|DATA_MEMORY:Inst_MEM|MEM[5][12]          ; 0                 ; 6       ;
;      - DataPath:Inst_DATA_PATH|DATA_MEMORY:Inst_MEM|MEM[1][12]          ; 0                 ; 6       ;
;      - DataPath:Inst_DATA_PATH|DATA_MEMORY:Inst_MEM|MEM[13][12]         ; 0                 ; 6       ;
;      - DataPath:Inst_DATA_PATH|DATA_MEMORY:Inst_MEM|MEM[10][12]         ; 0                 ; 6       ;
;      - DataPath:Inst_DATA_PATH|DATA_MEMORY:Inst_MEM|MEM[6][12]          ; 0                 ; 6       ;
;      - DataPath:Inst_DATA_PATH|DATA_MEMORY:Inst_MEM|MEM[2][12]          ; 0                 ; 6       ;
;      - DataPath:Inst_DATA_PATH|DATA_MEMORY:Inst_MEM|MEM[14][12]         ; 0                 ; 6       ;
;      - DataPath:Inst_DATA_PATH|DATA_MEMORY:Inst_MEM|MEM[8][12]          ; 0                 ; 6       ;
;      - DataPath:Inst_DATA_PATH|DATA_MEMORY:Inst_MEM|MEM[4][12]          ; 0                 ; 6       ;
;      - DataPath:Inst_DATA_PATH|DATA_MEMORY:Inst_MEM|MEM[0][12]          ; 0                 ; 6       ;
;      - DataPath:Inst_DATA_PATH|DATA_MEMORY:Inst_MEM|MEM[12][12]         ; 0                 ; 6       ;
;      - DataPath:Inst_DATA_PATH|DATA_MEMORY:Inst_MEM|MEM[11][12]         ; 0                 ; 6       ;
;      - DataPath:Inst_DATA_PATH|DATA_MEMORY:Inst_MEM|MEM[7][12]          ; 0                 ; 6       ;
;      - DataPath:Inst_DATA_PATH|DATA_MEMORY:Inst_MEM|MEM[3][12]          ; 0                 ; 6       ;
;      - DataPath:Inst_DATA_PATH|DATA_MEMORY:Inst_MEM|MEM[15][12]         ; 0                 ; 6       ;
;      - DataPath:Inst_DATA_PATH|DATA_MEMORY:Inst_MEM|MEM[57][12]         ; 0                 ; 6       ;
;      - DataPath:Inst_DATA_PATH|DATA_MEMORY:Inst_MEM|MEM[53][12]         ; 0                 ; 6       ;
;      - DataPath:Inst_DATA_PATH|DATA_MEMORY:Inst_MEM|MEM[49][12]         ; 0                 ; 6       ;
;      - DataPath:Inst_DATA_PATH|DATA_MEMORY:Inst_MEM|MEM[61][12]         ; 0                 ; 6       ;
;      - DataPath:Inst_DATA_PATH|DATA_MEMORY:Inst_MEM|MEM[58][12]         ; 0                 ; 6       ;
;      - DataPath:Inst_DATA_PATH|DATA_MEMORY:Inst_MEM|MEM[54][12]         ; 0                 ; 6       ;
;      - DataPath:Inst_DATA_PATH|DATA_MEMORY:Inst_MEM|MEM[50][12]         ; 0                 ; 6       ;
;      - DataPath:Inst_DATA_PATH|DATA_MEMORY:Inst_MEM|MEM[62][12]         ; 0                 ; 6       ;
;      - DataPath:Inst_DATA_PATH|DATA_MEMORY:Inst_MEM|MEM[56][12]         ; 0                 ; 6       ;
;      - DataPath:Inst_DATA_PATH|DATA_MEMORY:Inst_MEM|MEM[52][12]         ; 0                 ; 6       ;
;      - DataPath:Inst_DATA_PATH|DATA_MEMORY:Inst_MEM|MEM[48][12]         ; 0                 ; 6       ;
;      - DataPath:Inst_DATA_PATH|DATA_MEMORY:Inst_MEM|MEM[60][12]         ; 0                 ; 6       ;
;      - DataPath:Inst_DATA_PATH|DATA_MEMORY:Inst_MEM|MEM[55][12]         ; 0                 ; 6       ;
;      - DataPath:Inst_DATA_PATH|DATA_MEMORY:Inst_MEM|MEM[59][12]         ; 0                 ; 6       ;
;      - DataPath:Inst_DATA_PATH|DATA_MEMORY:Inst_MEM|MEM[51][12]         ; 0                 ; 6       ;
;      - DataPath:Inst_DATA_PATH|DATA_MEMORY:Inst_MEM|MEM[63][12]         ; 0                 ; 6       ;
;      - DataPath:Inst_DATA_PATH|DATA_MEMORY:Inst_MEM|MEM[49][13]         ; 0                 ; 6       ;
;      - DataPath:Inst_DATA_PATH|DATA_MEMORY:Inst_MEM|MEM[21][13]         ; 0                 ; 6       ;
;      - DataPath:Inst_DATA_PATH|DATA_MEMORY:Inst_MEM|MEM[17][13]         ; 0                 ; 6       ;
;      - DataPath:Inst_DATA_PATH|DATA_MEMORY:Inst_MEM|MEM[53][13]         ; 0                 ; 6       ;
;      - DataPath:Inst_DATA_PATH|DATA_MEMORY:Inst_MEM|MEM[50][13]         ; 0                 ; 6       ;
;      - DataPath:Inst_DATA_PATH|DATA_MEMORY:Inst_MEM|MEM[22][13]         ; 0                 ; 6       ;
;      - DataPath:Inst_DATA_PATH|DATA_MEMORY:Inst_MEM|MEM[18][13]         ; 0                 ; 6       ;
;      - DataPath:Inst_DATA_PATH|DATA_MEMORY:Inst_MEM|MEM[54][13]         ; 0                 ; 6       ;
;      - DataPath:Inst_DATA_PATH|DATA_MEMORY:Inst_MEM|MEM[48][13]         ; 0                 ; 6       ;
;      - DataPath:Inst_DATA_PATH|DATA_MEMORY:Inst_MEM|MEM[20][13]         ; 0                 ; 6       ;
;      - DataPath:Inst_DATA_PATH|DATA_MEMORY:Inst_MEM|MEM[16][13]         ; 0                 ; 6       ;
;      - DataPath:Inst_DATA_PATH|DATA_MEMORY:Inst_MEM|MEM[52][13]         ; 0                 ; 6       ;
;      - DataPath:Inst_DATA_PATH|DATA_MEMORY:Inst_MEM|MEM[51][13]         ; 0                 ; 6       ;
;      - DataPath:Inst_DATA_PATH|DATA_MEMORY:Inst_MEM|MEM[23][13]         ; 0                 ; 6       ;
;      - DataPath:Inst_DATA_PATH|DATA_MEMORY:Inst_MEM|MEM[19][13]         ; 0                 ; 6       ;
;      - DataPath:Inst_DATA_PATH|DATA_MEMORY:Inst_MEM|MEM[55][13]         ; 0                 ; 6       ;
;      - DataPath:Inst_DATA_PATH|DATA_MEMORY:Inst_MEM|MEM[42][13]         ; 0                 ; 6       ;
;      - DataPath:Inst_DATA_PATH|DATA_MEMORY:Inst_MEM|MEM[11][13]         ; 0                 ; 6       ;
;      - DataPath:Inst_DATA_PATH|DATA_MEMORY:Inst_MEM|MEM[10][13]         ; 0                 ; 6       ;
;      - DataPath:Inst_DATA_PATH|DATA_MEMORY:Inst_MEM|MEM[43][13]         ; 0                 ; 6       ;
;      - DataPath:Inst_DATA_PATH|DATA_MEMORY:Inst_MEM|MEM[44][13]         ; 0                 ; 6       ;
;      - DataPath:Inst_DATA_PATH|DATA_MEMORY:Inst_MEM|MEM[13][13]         ; 0                 ; 6       ;
;      - DataPath:Inst_DATA_PATH|DATA_MEMORY:Inst_MEM|MEM[12][13]         ; 0                 ; 6       ;
;      - DataPath:Inst_DATA_PATH|DATA_MEMORY:Inst_MEM|MEM[45][13]         ; 0                 ; 6       ;
;      - DataPath:Inst_DATA_PATH|DATA_MEMORY:Inst_MEM|MEM[40][13]         ; 0                 ; 6       ;
;      - DataPath:Inst_DATA_PATH|DATA_MEMORY:Inst_MEM|MEM[9][13]          ; 0                 ; 6       ;
;      - DataPath:Inst_DATA_PATH|DATA_MEMORY:Inst_MEM|MEM[8][13]          ; 0                 ; 6       ;
;      - DataPath:Inst_DATA_PATH|DATA_MEMORY:Inst_MEM|MEM[41][13]         ; 0                 ; 6       ;
;      - DataPath:Inst_DATA_PATH|DATA_MEMORY:Inst_MEM|MEM[46][13]         ; 0                 ; 6       ;
;      - DataPath:Inst_DATA_PATH|DATA_MEMORY:Inst_MEM|MEM[15][13]         ; 0                 ; 6       ;
;      - DataPath:Inst_DATA_PATH|DATA_MEMORY:Inst_MEM|MEM[14][13]         ; 0                 ; 6       ;
;      - DataPath:Inst_DATA_PATH|DATA_MEMORY:Inst_MEM|MEM[47][13]         ; 0                 ; 6       ;
;      - DataPath:Inst_DATA_PATH|DATA_MEMORY:Inst_MEM|MEM[36][13]         ; 0                 ; 6       ;
;      - DataPath:Inst_DATA_PATH|DATA_MEMORY:Inst_MEM|MEM[6][13]          ; 0                 ; 6       ;
;      - DataPath:Inst_DATA_PATH|DATA_MEMORY:Inst_MEM|MEM[4][13]          ; 0                 ; 6       ;
;      - DataPath:Inst_DATA_PATH|DATA_MEMORY:Inst_MEM|MEM[38][13]         ; 0                 ; 6       ;
;      - DataPath:Inst_DATA_PATH|DATA_MEMORY:Inst_MEM|MEM[33][13]         ; 0                 ; 6       ;
;      - DataPath:Inst_DATA_PATH|DATA_MEMORY:Inst_MEM|MEM[3][13]          ; 0                 ; 6       ;
;      - DataPath:Inst_DATA_PATH|DATA_MEMORY:Inst_MEM|MEM[1][13]          ; 0                 ; 6       ;
;      - DataPath:Inst_DATA_PATH|DATA_MEMORY:Inst_MEM|MEM[35][13]         ; 0                 ; 6       ;
;      - DataPath:Inst_DATA_PATH|DATA_MEMORY:Inst_MEM|MEM[32][13]         ; 0                 ; 6       ;
;      - DataPath:Inst_DATA_PATH|DATA_MEMORY:Inst_MEM|MEM[2][13]          ; 0                 ; 6       ;
;      - DataPath:Inst_DATA_PATH|DATA_MEMORY:Inst_MEM|MEM[0][13]          ; 0                 ; 6       ;
;      - DataPath:Inst_DATA_PATH|DATA_MEMORY:Inst_MEM|MEM[34][13]         ; 0                 ; 6       ;
;      - DataPath:Inst_DATA_PATH|DATA_MEMORY:Inst_MEM|MEM[37][13]         ; 0                 ; 6       ;
;      - DataPath:Inst_DATA_PATH|DATA_MEMORY:Inst_MEM|MEM[7][13]          ; 0                 ; 6       ;
;      - DataPath:Inst_DATA_PATH|DATA_MEMORY:Inst_MEM|MEM[5][13]          ; 0                 ; 6       ;
;      - DataPath:Inst_DATA_PATH|DATA_MEMORY:Inst_MEM|MEM[39][13]         ; 0                 ; 6       ;
;      - DataPath:Inst_DATA_PATH|DATA_MEMORY:Inst_MEM|MEM[60][13]         ; 0                 ; 6       ;
;      - DataPath:Inst_DATA_PATH|DATA_MEMORY:Inst_MEM|MEM[30][13]         ; 0                 ; 6       ;
;      - DataPath:Inst_DATA_PATH|DATA_MEMORY:Inst_MEM|MEM[28][13]         ; 0                 ; 6       ;
;      - DataPath:Inst_DATA_PATH|DATA_MEMORY:Inst_MEM|MEM[62][13]         ; 0                 ; 6       ;
;      - DataPath:Inst_DATA_PATH|DATA_MEMORY:Inst_MEM|MEM[57][13]         ; 0                 ; 6       ;
;      - DataPath:Inst_DATA_PATH|DATA_MEMORY:Inst_MEM|MEM[27][13]         ; 0                 ; 6       ;
;      - DataPath:Inst_DATA_PATH|DATA_MEMORY:Inst_MEM|MEM[25][13]         ; 0                 ; 6       ;
;      - DataPath:Inst_DATA_PATH|DATA_MEMORY:Inst_MEM|MEM[59][13]         ; 0                 ; 6       ;
;      - DataPath:Inst_DATA_PATH|DATA_MEMORY:Inst_MEM|MEM[56][13]         ; 0                 ; 6       ;
;      - DataPath:Inst_DATA_PATH|DATA_MEMORY:Inst_MEM|MEM[26][13]         ; 0                 ; 6       ;
;      - DataPath:Inst_DATA_PATH|DATA_MEMORY:Inst_MEM|MEM[24][13]         ; 0                 ; 6       ;
;      - DataPath:Inst_DATA_PATH|DATA_MEMORY:Inst_MEM|MEM[58][13]         ; 0                 ; 6       ;
;      - DataPath:Inst_DATA_PATH|DATA_MEMORY:Inst_MEM|MEM[61][13]         ; 0                 ; 6       ;
;      - DataPath:Inst_DATA_PATH|DATA_MEMORY:Inst_MEM|MEM[31][13]         ; 0                 ; 6       ;
;      - DataPath:Inst_DATA_PATH|DATA_MEMORY:Inst_MEM|MEM[29][13]         ; 0                 ; 6       ;
;      - DataPath:Inst_DATA_PATH|DATA_MEMORY:Inst_MEM|MEM[63][13]         ; 0                 ; 6       ;
;      - DataPath:Inst_DATA_PATH|DATA_MEMORY:Inst_MEM|MEM[25][14]         ; 0                 ; 6       ;
;      - DataPath:Inst_DATA_PATH|DATA_MEMORY:Inst_MEM|MEM[13][14]         ; 0                 ; 6       ;
;      - DataPath:Inst_DATA_PATH|DATA_MEMORY:Inst_MEM|MEM[9][14]          ; 0                 ; 6       ;
;      - DataPath:Inst_DATA_PATH|DATA_MEMORY:Inst_MEM|MEM[29][14]         ; 0                 ; 6       ;
;      - DataPath:Inst_DATA_PATH|DATA_MEMORY:Inst_MEM|MEM[26][14]         ; 0                 ; 6       ;
;      - DataPath:Inst_DATA_PATH|DATA_MEMORY:Inst_MEM|MEM[14][14]         ; 0                 ; 6       ;
;      - DataPath:Inst_DATA_PATH|DATA_MEMORY:Inst_MEM|MEM[10][14]         ; 0                 ; 6       ;
;      - DataPath:Inst_DATA_PATH|DATA_MEMORY:Inst_MEM|MEM[30][14]         ; 0                 ; 6       ;
;      - DataPath:Inst_DATA_PATH|DATA_MEMORY:Inst_MEM|MEM[24][14]         ; 0                 ; 6       ;
;      - DataPath:Inst_DATA_PATH|DATA_MEMORY:Inst_MEM|MEM[12][14]         ; 0                 ; 6       ;
;      - DataPath:Inst_DATA_PATH|DATA_MEMORY:Inst_MEM|MEM[8][14]          ; 0                 ; 6       ;
;      - DataPath:Inst_DATA_PATH|DATA_MEMORY:Inst_MEM|MEM[28][14]         ; 0                 ; 6       ;
;      - DataPath:Inst_DATA_PATH|DATA_MEMORY:Inst_MEM|MEM[27][14]         ; 0                 ; 6       ;
;      - DataPath:Inst_DATA_PATH|DATA_MEMORY:Inst_MEM|MEM[15][14]         ; 0                 ; 6       ;
;      - DataPath:Inst_DATA_PATH|DATA_MEMORY:Inst_MEM|MEM[11][14]         ; 0                 ; 6       ;
;      - DataPath:Inst_DATA_PATH|DATA_MEMORY:Inst_MEM|MEM[31][14]         ; 0                 ; 6       ;
;      - DataPath:Inst_DATA_PATH|DATA_MEMORY:Inst_MEM|MEM[52][14]         ; 0                 ; 6       ;
;      - DataPath:Inst_DATA_PATH|DATA_MEMORY:Inst_MEM|MEM[38][14]         ; 0                 ; 6       ;
;      - DataPath:Inst_DATA_PATH|DATA_MEMORY:Inst_MEM|MEM[36][14]         ; 0                 ; 6       ;
;      - DataPath:Inst_DATA_PATH|DATA_MEMORY:Inst_MEM|MEM[54][14]         ; 0                 ; 6       ;
;      - DataPath:Inst_DATA_PATH|DATA_MEMORY:Inst_MEM|MEM[49][14]         ; 0                 ; 6       ;
;      - DataPath:Inst_DATA_PATH|DATA_MEMORY:Inst_MEM|MEM[35][14]         ; 0                 ; 6       ;
;      - DataPath:Inst_DATA_PATH|DATA_MEMORY:Inst_MEM|MEM[33][14]         ; 0                 ; 6       ;
;      - DataPath:Inst_DATA_PATH|DATA_MEMORY:Inst_MEM|MEM[51][14]         ; 0                 ; 6       ;
;      - DataPath:Inst_DATA_PATH|DATA_MEMORY:Inst_MEM|MEM[48][14]         ; 0                 ; 6       ;
;      - DataPath:Inst_DATA_PATH|DATA_MEMORY:Inst_MEM|MEM[34][14]         ; 0                 ; 6       ;
;      - DataPath:Inst_DATA_PATH|DATA_MEMORY:Inst_MEM|MEM[32][14]         ; 0                 ; 6       ;
;      - DataPath:Inst_DATA_PATH|DATA_MEMORY:Inst_MEM|MEM[50][14]         ; 0                 ; 6       ;
;      - DataPath:Inst_DATA_PATH|DATA_MEMORY:Inst_MEM|MEM[53][14]         ; 0                 ; 6       ;
;      - DataPath:Inst_DATA_PATH|DATA_MEMORY:Inst_MEM|MEM[39][14]         ; 0                 ; 6       ;
;      - DataPath:Inst_DATA_PATH|DATA_MEMORY:Inst_MEM|MEM[37][14]         ; 0                 ; 6       ;
;      - DataPath:Inst_DATA_PATH|DATA_MEMORY:Inst_MEM|MEM[55][14]         ; 0                 ; 6       ;
;      - DataPath:Inst_DATA_PATH|DATA_MEMORY:Inst_MEM|MEM[18][14]         ; 0                 ; 6       ;
;      - DataPath:Inst_DATA_PATH|DATA_MEMORY:Inst_MEM|MEM[3][14]          ; 0                 ; 6       ;
;      - DataPath:Inst_DATA_PATH|DATA_MEMORY:Inst_MEM|MEM[2][14]          ; 0                 ; 6       ;
;      - DataPath:Inst_DATA_PATH|DATA_MEMORY:Inst_MEM|MEM[19][14]         ; 0                 ; 6       ;
;      - DataPath:Inst_DATA_PATH|DATA_MEMORY:Inst_MEM|MEM[20][14]         ; 0                 ; 6       ;
;      - DataPath:Inst_DATA_PATH|DATA_MEMORY:Inst_MEM|MEM[5][14]          ; 0                 ; 6       ;
;      - DataPath:Inst_DATA_PATH|DATA_MEMORY:Inst_MEM|MEM[4][14]          ; 0                 ; 6       ;
;      - DataPath:Inst_DATA_PATH|DATA_MEMORY:Inst_MEM|MEM[21][14]         ; 0                 ; 6       ;
;      - DataPath:Inst_DATA_PATH|DATA_MEMORY:Inst_MEM|MEM[16][14]         ; 0                 ; 6       ;
;      - DataPath:Inst_DATA_PATH|DATA_MEMORY:Inst_MEM|MEM[1][14]          ; 0                 ; 6       ;
;      - DataPath:Inst_DATA_PATH|DATA_MEMORY:Inst_MEM|MEM[0][14]          ; 0                 ; 6       ;
;      - DataPath:Inst_DATA_PATH|DATA_MEMORY:Inst_MEM|MEM[17][14]         ; 0                 ; 6       ;
;      - DataPath:Inst_DATA_PATH|DATA_MEMORY:Inst_MEM|MEM[22][14]         ; 0                 ; 6       ;
;      - DataPath:Inst_DATA_PATH|DATA_MEMORY:Inst_MEM|MEM[7][14]          ; 0                 ; 6       ;
;      - DataPath:Inst_DATA_PATH|DATA_MEMORY:Inst_MEM|MEM[6][14]          ; 0                 ; 6       ;
;      - DataPath:Inst_DATA_PATH|DATA_MEMORY:Inst_MEM|MEM[23][14]         ; 0                 ; 6       ;
;      - DataPath:Inst_DATA_PATH|DATA_MEMORY:Inst_MEM|MEM[58][14]         ; 0                 ; 6       ;
;      - DataPath:Inst_DATA_PATH|DATA_MEMORY:Inst_MEM|MEM[43][14]         ; 0                 ; 6       ;
;      - DataPath:Inst_DATA_PATH|DATA_MEMORY:Inst_MEM|MEM[42][14]         ; 0                 ; 6       ;
;      - DataPath:Inst_DATA_PATH|DATA_MEMORY:Inst_MEM|MEM[59][14]         ; 0                 ; 6       ;
;      - DataPath:Inst_DATA_PATH|DATA_MEMORY:Inst_MEM|MEM[60][14]         ; 0                 ; 6       ;
;      - DataPath:Inst_DATA_PATH|DATA_MEMORY:Inst_MEM|MEM[45][14]         ; 0                 ; 6       ;
;      - DataPath:Inst_DATA_PATH|DATA_MEMORY:Inst_MEM|MEM[44][14]         ; 0                 ; 6       ;
;      - DataPath:Inst_DATA_PATH|DATA_MEMORY:Inst_MEM|MEM[61][14]         ; 0                 ; 6       ;
;      - DataPath:Inst_DATA_PATH|DATA_MEMORY:Inst_MEM|MEM[56][14]         ; 0                 ; 6       ;
;      - DataPath:Inst_DATA_PATH|DATA_MEMORY:Inst_MEM|MEM[41][14]         ; 0                 ; 6       ;
;      - DataPath:Inst_DATA_PATH|DATA_MEMORY:Inst_MEM|MEM[40][14]         ; 0                 ; 6       ;
;      - DataPath:Inst_DATA_PATH|DATA_MEMORY:Inst_MEM|MEM[57][14]         ; 0                 ; 6       ;
;      - DataPath:Inst_DATA_PATH|DATA_MEMORY:Inst_MEM|MEM[62][14]         ; 0                 ; 6       ;
;      - DataPath:Inst_DATA_PATH|DATA_MEMORY:Inst_MEM|MEM[47][14]         ; 0                 ; 6       ;
;      - DataPath:Inst_DATA_PATH|DATA_MEMORY:Inst_MEM|MEM[46][14]         ; 0                 ; 6       ;
;      - DataPath:Inst_DATA_PATH|DATA_MEMORY:Inst_MEM|MEM[63][14]         ; 0                 ; 6       ;
;      - DataPath:Inst_DATA_PATH|DATA_MEMORY:Inst_MEM|MEM[44][15]         ; 0                 ; 6       ;
;      - DataPath:Inst_DATA_PATH|DATA_MEMORY:Inst_MEM|MEM[38][15]         ; 0                 ; 6       ;
;      - DataPath:Inst_DATA_PATH|DATA_MEMORY:Inst_MEM|MEM[36][15]         ; 0                 ; 6       ;
;      - DataPath:Inst_DATA_PATH|DATA_MEMORY:Inst_MEM|MEM[46][15]         ; 0                 ; 6       ;
;      - DataPath:Inst_DATA_PATH|DATA_MEMORY:Inst_MEM|MEM[41][15]         ; 0                 ; 6       ;
;      - DataPath:Inst_DATA_PATH|DATA_MEMORY:Inst_MEM|MEM[35][15]         ; 0                 ; 6       ;
;      - DataPath:Inst_DATA_PATH|DATA_MEMORY:Inst_MEM|MEM[33][15]         ; 0                 ; 6       ;
;      - DataPath:Inst_DATA_PATH|DATA_MEMORY:Inst_MEM|MEM[43][15]         ; 0                 ; 6       ;
;      - DataPath:Inst_DATA_PATH|DATA_MEMORY:Inst_MEM|MEM[40][15]         ; 0                 ; 6       ;
;      - DataPath:Inst_DATA_PATH|DATA_MEMORY:Inst_MEM|MEM[34][15]         ; 0                 ; 6       ;
;      - DataPath:Inst_DATA_PATH|DATA_MEMORY:Inst_MEM|MEM[32][15]         ; 0                 ; 6       ;
;      - DataPath:Inst_DATA_PATH|DATA_MEMORY:Inst_MEM|MEM[42][15]         ; 0                 ; 6       ;
;      - DataPath:Inst_DATA_PATH|DATA_MEMORY:Inst_MEM|MEM[45][15]         ; 0                 ; 6       ;
;      - DataPath:Inst_DATA_PATH|DATA_MEMORY:Inst_MEM|MEM[39][15]         ; 0                 ; 6       ;
;      - DataPath:Inst_DATA_PATH|DATA_MEMORY:Inst_MEM|MEM[37][15]         ; 0                 ; 6       ;
;      - DataPath:Inst_DATA_PATH|DATA_MEMORY:Inst_MEM|MEM[47][15]         ; 0                 ; 6       ;
;      - DataPath:Inst_DATA_PATH|DATA_MEMORY:Inst_MEM|MEM[26][15]         ; 0                 ; 6       ;
;      - DataPath:Inst_DATA_PATH|DATA_MEMORY:Inst_MEM|MEM[19][15]         ; 0                 ; 6       ;
;      - DataPath:Inst_DATA_PATH|DATA_MEMORY:Inst_MEM|MEM[18][15]         ; 0                 ; 6       ;
;      - DataPath:Inst_DATA_PATH|DATA_MEMORY:Inst_MEM|MEM[27][15]         ; 0                 ; 6       ;
;      - DataPath:Inst_DATA_PATH|DATA_MEMORY:Inst_MEM|MEM[28][15]         ; 0                 ; 6       ;
;      - DataPath:Inst_DATA_PATH|DATA_MEMORY:Inst_MEM|MEM[21][15]         ; 0                 ; 6       ;
;      - DataPath:Inst_DATA_PATH|DATA_MEMORY:Inst_MEM|MEM[20][15]         ; 0                 ; 6       ;
;      - DataPath:Inst_DATA_PATH|DATA_MEMORY:Inst_MEM|MEM[29][15]         ; 0                 ; 6       ;
;      - DataPath:Inst_DATA_PATH|DATA_MEMORY:Inst_MEM|MEM[24][15]         ; 0                 ; 6       ;
;      - DataPath:Inst_DATA_PATH|DATA_MEMORY:Inst_MEM|MEM[17][15]         ; 0                 ; 6       ;
;      - DataPath:Inst_DATA_PATH|DATA_MEMORY:Inst_MEM|MEM[16][15]         ; 0                 ; 6       ;
;      - DataPath:Inst_DATA_PATH|DATA_MEMORY:Inst_MEM|MEM[25][15]         ; 0                 ; 6       ;
;      - DataPath:Inst_DATA_PATH|DATA_MEMORY:Inst_MEM|MEM[30][15]         ; 0                 ; 6       ;
;      - DataPath:Inst_DATA_PATH|DATA_MEMORY:Inst_MEM|MEM[23][15]         ; 0                 ; 6       ;
;      - DataPath:Inst_DATA_PATH|DATA_MEMORY:Inst_MEM|MEM[22][15]         ; 0                 ; 6       ;
;      - DataPath:Inst_DATA_PATH|DATA_MEMORY:Inst_MEM|MEM[31][15]         ; 0                 ; 6       ;
;      - DataPath:Inst_DATA_PATH|DATA_MEMORY:Inst_MEM|MEM[9][15]          ; 0                 ; 6       ;
;      - DataPath:Inst_DATA_PATH|DATA_MEMORY:Inst_MEM|MEM[5][15]          ; 0                 ; 6       ;
;      - DataPath:Inst_DATA_PATH|DATA_MEMORY:Inst_MEM|MEM[1][15]          ; 0                 ; 6       ;
;      - DataPath:Inst_DATA_PATH|DATA_MEMORY:Inst_MEM|MEM[13][15]         ; 0                 ; 6       ;
;      - DataPath:Inst_DATA_PATH|DATA_MEMORY:Inst_MEM|MEM[10][15]         ; 0                 ; 6       ;
;      - DataPath:Inst_DATA_PATH|DATA_MEMORY:Inst_MEM|MEM[6][15]          ; 0                 ; 6       ;
;      - DataPath:Inst_DATA_PATH|DATA_MEMORY:Inst_MEM|MEM[2][15]          ; 0                 ; 6       ;
;      - DataPath:Inst_DATA_PATH|DATA_MEMORY:Inst_MEM|MEM[14][15]         ; 0                 ; 6       ;
;      - DataPath:Inst_DATA_PATH|DATA_MEMORY:Inst_MEM|MEM[8][15]          ; 0                 ; 6       ;
;      - DataPath:Inst_DATA_PATH|DATA_MEMORY:Inst_MEM|MEM[4][15]          ; 0                 ; 6       ;
;      - DataPath:Inst_DATA_PATH|DATA_MEMORY:Inst_MEM|MEM[0][15]          ; 0                 ; 6       ;
;      - DataPath:Inst_DATA_PATH|DATA_MEMORY:Inst_MEM|MEM[12][15]         ; 0                 ; 6       ;
;      - DataPath:Inst_DATA_PATH|DATA_MEMORY:Inst_MEM|MEM[11][15]         ; 0                 ; 6       ;
;      - DataPath:Inst_DATA_PATH|DATA_MEMORY:Inst_MEM|MEM[7][15]          ; 0                 ; 6       ;
;      - DataPath:Inst_DATA_PATH|DATA_MEMORY:Inst_MEM|MEM[3][15]          ; 0                 ; 6       ;
;      - DataPath:Inst_DATA_PATH|DATA_MEMORY:Inst_MEM|MEM[15][15]         ; 0                 ; 6       ;
;      - DataPath:Inst_DATA_PATH|DATA_MEMORY:Inst_MEM|MEM[57][15]         ; 0                 ; 6       ;
;      - DataPath:Inst_DATA_PATH|DATA_MEMORY:Inst_MEM|MEM[53][15]         ; 0                 ; 6       ;
;      - DataPath:Inst_DATA_PATH|DATA_MEMORY:Inst_MEM|MEM[49][15]         ; 0                 ; 6       ;
;      - DataPath:Inst_DATA_PATH|DATA_MEMORY:Inst_MEM|MEM[61][15]         ; 0                 ; 6       ;
;      - DataPath:Inst_DATA_PATH|DATA_MEMORY:Inst_MEM|MEM[58][15]         ; 0                 ; 6       ;
;      - DataPath:Inst_DATA_PATH|DATA_MEMORY:Inst_MEM|MEM[54][15]         ; 0                 ; 6       ;
;      - DataPath:Inst_DATA_PATH|DATA_MEMORY:Inst_MEM|MEM[50][15]         ; 0                 ; 6       ;
;      - DataPath:Inst_DATA_PATH|DATA_MEMORY:Inst_MEM|MEM[62][15]         ; 0                 ; 6       ;
;      - DataPath:Inst_DATA_PATH|DATA_MEMORY:Inst_MEM|MEM[56][15]         ; 0                 ; 6       ;
;      - DataPath:Inst_DATA_PATH|DATA_MEMORY:Inst_MEM|MEM[52][15]         ; 0                 ; 6       ;
;      - DataPath:Inst_DATA_PATH|DATA_MEMORY:Inst_MEM|MEM[48][15]         ; 0                 ; 6       ;
;      - DataPath:Inst_DATA_PATH|DATA_MEMORY:Inst_MEM|MEM[60][15]         ; 0                 ; 6       ;
;      - DataPath:Inst_DATA_PATH|DATA_MEMORY:Inst_MEM|MEM[59][15]         ; 0                 ; 6       ;
;      - DataPath:Inst_DATA_PATH|DATA_MEMORY:Inst_MEM|MEM[55][15]         ; 0                 ; 6       ;
;      - DataPath:Inst_DATA_PATH|DATA_MEMORY:Inst_MEM|MEM[51][15]         ; 0                 ; 6       ;
;      - DataPath:Inst_DATA_PATH|DATA_MEMORY:Inst_MEM|MEM[63][15]         ; 0                 ; 6       ;
;      - DataPath:Inst_DATA_PATH|BANC_REGISTRE:Inst_BANC_REG|Banc[13][31] ; 0                 ; 6       ;
;      - DataPath:Inst_DATA_PATH|BANC_REGISTRE:Inst_BANC_REG|Banc[14][31] ; 0                 ; 6       ;
;      - DataPath:Inst_DATA_PATH|BANC_REGISTRE:Inst_BANC_REG|Banc[12][31] ; 0                 ; 6       ;
;      - DataPath:Inst_DATA_PATH|BANC_REGISTRE:Inst_BANC_REG|Banc[15][31] ; 0                 ; 6       ;
;      - DataPath:Inst_DATA_PATH|BANC_REGISTRE:Inst_BANC_REG|Banc[2][31]  ; 0                 ; 6       ;
;      - DataPath:Inst_DATA_PATH|BANC_REGISTRE:Inst_BANC_REG|Banc[1][31]  ; 0                 ; 6       ;
;      - DataPath:Inst_DATA_PATH|BANC_REGISTRE:Inst_BANC_REG|Banc[0][31]  ; 0                 ; 6       ;
;      - DataPath:Inst_DATA_PATH|BANC_REGISTRE:Inst_BANC_REG|Banc[3][31]  ; 0                 ; 6       ;
;      - DataPath:Inst_DATA_PATH|BANC_REGISTRE:Inst_BANC_REG|Banc[13][30] ; 0                 ; 6       ;
;      - DataPath:Inst_DATA_PATH|BANC_REGISTRE:Inst_BANC_REG|Banc[14][30] ; 0                 ; 6       ;
;      - DataPath:Inst_DATA_PATH|BANC_REGISTRE:Inst_BANC_REG|Banc[12][30] ; 0                 ; 6       ;
;      - DataPath:Inst_DATA_PATH|BANC_REGISTRE:Inst_BANC_REG|Banc[15][30] ; 0                 ; 6       ;
;      - DataPath:Inst_DATA_PATH|BANC_REGISTRE:Inst_BANC_REG|Banc[2][30]  ; 0                 ; 6       ;
;      - DataPath:Inst_DATA_PATH|BANC_REGISTRE:Inst_BANC_REG|Banc[1][30]  ; 0                 ; 6       ;
;      - DataPath:Inst_DATA_PATH|BANC_REGISTRE:Inst_BANC_REG|Banc[0][30]  ; 0                 ; 6       ;
;      - DataPath:Inst_DATA_PATH|BANC_REGISTRE:Inst_BANC_REG|Banc[3][30]  ; 0                 ; 6       ;
;      - DataPath:Inst_DATA_PATH|BANC_REGISTRE:Inst_BANC_REG|Banc[13][29] ; 0                 ; 6       ;
;      - DataPath:Inst_DATA_PATH|BANC_REGISTRE:Inst_BANC_REG|Banc[14][29] ; 0                 ; 6       ;
;      - DataPath:Inst_DATA_PATH|BANC_REGISTRE:Inst_BANC_REG|Banc[12][29] ; 0                 ; 6       ;
;      - DataPath:Inst_DATA_PATH|BANC_REGISTRE:Inst_BANC_REG|Banc[15][29] ; 0                 ; 6       ;
;      - DataPath:Inst_DATA_PATH|BANC_REGISTRE:Inst_BANC_REG|Banc[2][29]  ; 0                 ; 6       ;
;      - DataPath:Inst_DATA_PATH|BANC_REGISTRE:Inst_BANC_REG|Banc[1][29]  ; 0                 ; 6       ;
;      - DataPath:Inst_DATA_PATH|BANC_REGISTRE:Inst_BANC_REG|Banc[0][29]  ; 0                 ; 6       ;
;      - DataPath:Inst_DATA_PATH|BANC_REGISTRE:Inst_BANC_REG|Banc[3][29]  ; 0                 ; 6       ;
;      - DataPath:Inst_DATA_PATH|BANC_REGISTRE:Inst_BANC_REG|Banc[13][28] ; 0                 ; 6       ;
;      - DataPath:Inst_DATA_PATH|BANC_REGISTRE:Inst_BANC_REG|Banc[14][28] ; 0                 ; 6       ;
;      - DataPath:Inst_DATA_PATH|BANC_REGISTRE:Inst_BANC_REG|Banc[12][28] ; 0                 ; 6       ;
;      - DataPath:Inst_DATA_PATH|BANC_REGISTRE:Inst_BANC_REG|Banc[15][28] ; 0                 ; 6       ;
;      - DataPath:Inst_DATA_PATH|BANC_REGISTRE:Inst_BANC_REG|Banc[2][28]  ; 0                 ; 6       ;
;      - DataPath:Inst_DATA_PATH|BANC_REGISTRE:Inst_BANC_REG|Banc[1][28]  ; 0                 ; 6       ;
;      - DataPath:Inst_DATA_PATH|BANC_REGISTRE:Inst_BANC_REG|Banc[0][28]  ; 0                 ; 6       ;
;      - DataPath:Inst_DATA_PATH|BANC_REGISTRE:Inst_BANC_REG|Banc[3][28]  ; 0                 ; 6       ;
;      - DataPath:Inst_DATA_PATH|BANC_REGISTRE:Inst_BANC_REG|Banc[13][27] ; 0                 ; 6       ;
;      - DataPath:Inst_DATA_PATH|BANC_REGISTRE:Inst_BANC_REG|Banc[14][27] ; 0                 ; 6       ;
;      - DataPath:Inst_DATA_PATH|BANC_REGISTRE:Inst_BANC_REG|Banc[12][27] ; 0                 ; 6       ;
;      - DataPath:Inst_DATA_PATH|BANC_REGISTRE:Inst_BANC_REG|Banc[15][27] ; 0                 ; 6       ;
;      - DataPath:Inst_DATA_PATH|BANC_REGISTRE:Inst_BANC_REG|Banc[2][27]  ; 0                 ; 6       ;
;      - DataPath:Inst_DATA_PATH|BANC_REGISTRE:Inst_BANC_REG|Banc[1][27]  ; 0                 ; 6       ;
;      - DataPath:Inst_DATA_PATH|BANC_REGISTRE:Inst_BANC_REG|Banc[0][27]  ; 0                 ; 6       ;
;      - DataPath:Inst_DATA_PATH|BANC_REGISTRE:Inst_BANC_REG|Banc[3][27]  ; 0                 ; 6       ;
;      - DataPath:Inst_DATA_PATH|BANC_REGISTRE:Inst_BANC_REG|Banc[13][26] ; 0                 ; 6       ;
;      - DataPath:Inst_DATA_PATH|BANC_REGISTRE:Inst_BANC_REG|Banc[14][26] ; 0                 ; 6       ;
;      - DataPath:Inst_DATA_PATH|BANC_REGISTRE:Inst_BANC_REG|Banc[12][26] ; 0                 ; 6       ;
;      - DataPath:Inst_DATA_PATH|BANC_REGISTRE:Inst_BANC_REG|Banc[15][26] ; 0                 ; 6       ;
;      - DataPath:Inst_DATA_PATH|BANC_REGISTRE:Inst_BANC_REG|Banc[2][26]  ; 0                 ; 6       ;
;      - DataPath:Inst_DATA_PATH|BANC_REGISTRE:Inst_BANC_REG|Banc[1][26]  ; 0                 ; 6       ;
;      - DataPath:Inst_DATA_PATH|BANC_REGISTRE:Inst_BANC_REG|Banc[0][26]  ; 0                 ; 6       ;
;      - DataPath:Inst_DATA_PATH|BANC_REGISTRE:Inst_BANC_REG|Banc[3][26]  ; 0                 ; 6       ;
;      - DataPath:Inst_DATA_PATH|BANC_REGISTRE:Inst_BANC_REG|Banc[13][25] ; 0                 ; 6       ;
;      - DataPath:Inst_DATA_PATH|BANC_REGISTRE:Inst_BANC_REG|Banc[14][25] ; 0                 ; 6       ;
;      - DataPath:Inst_DATA_PATH|BANC_REGISTRE:Inst_BANC_REG|Banc[12][25] ; 0                 ; 6       ;
;      - DataPath:Inst_DATA_PATH|BANC_REGISTRE:Inst_BANC_REG|Banc[15][25] ; 0                 ; 6       ;
;      - DataPath:Inst_DATA_PATH|BANC_REGISTRE:Inst_BANC_REG|Banc[2][25]  ; 0                 ; 6       ;
;      - DataPath:Inst_DATA_PATH|BANC_REGISTRE:Inst_BANC_REG|Banc[1][25]  ; 0                 ; 6       ;
;      - DataPath:Inst_DATA_PATH|BANC_REGISTRE:Inst_BANC_REG|Banc[0][25]  ; 0                 ; 6       ;
;      - DataPath:Inst_DATA_PATH|BANC_REGISTRE:Inst_BANC_REG|Banc[3][25]  ; 0                 ; 6       ;
;      - DataPath:Inst_DATA_PATH|BANC_REGISTRE:Inst_BANC_REG|Banc[13][24] ; 0                 ; 6       ;
;      - DataPath:Inst_DATA_PATH|BANC_REGISTRE:Inst_BANC_REG|Banc[14][24] ; 0                 ; 6       ;
;      - DataPath:Inst_DATA_PATH|BANC_REGISTRE:Inst_BANC_REG|Banc[12][24] ; 0                 ; 6       ;
;      - DataPath:Inst_DATA_PATH|BANC_REGISTRE:Inst_BANC_REG|Banc[15][24] ; 0                 ; 6       ;
;      - DataPath:Inst_DATA_PATH|BANC_REGISTRE:Inst_BANC_REG|Banc[2][24]  ; 0                 ; 6       ;
;      - DataPath:Inst_DATA_PATH|BANC_REGISTRE:Inst_BANC_REG|Banc[1][24]  ; 0                 ; 6       ;
;      - DataPath:Inst_DATA_PATH|BANC_REGISTRE:Inst_BANC_REG|Banc[0][24]  ; 0                 ; 6       ;
;      - DataPath:Inst_DATA_PATH|BANC_REGISTRE:Inst_BANC_REG|Banc[3][24]  ; 0                 ; 6       ;
;      - DataPath:Inst_DATA_PATH|BANC_REGISTRE:Inst_BANC_REG|Banc[13][23] ; 0                 ; 6       ;
;      - DataPath:Inst_DATA_PATH|BANC_REGISTRE:Inst_BANC_REG|Banc[14][23] ; 0                 ; 6       ;
;      - DataPath:Inst_DATA_PATH|BANC_REGISTRE:Inst_BANC_REG|Banc[12][23] ; 0                 ; 6       ;
;      - DataPath:Inst_DATA_PATH|BANC_REGISTRE:Inst_BANC_REG|Banc[15][23] ; 0                 ; 6       ;
;      - DataPath:Inst_DATA_PATH|BANC_REGISTRE:Inst_BANC_REG|Banc[2][23]  ; 0                 ; 6       ;
;      - DataPath:Inst_DATA_PATH|BANC_REGISTRE:Inst_BANC_REG|Banc[1][23]  ; 0                 ; 6       ;
;      - DataPath:Inst_DATA_PATH|BANC_REGISTRE:Inst_BANC_REG|Banc[0][23]  ; 0                 ; 6       ;
;      - DataPath:Inst_DATA_PATH|BANC_REGISTRE:Inst_BANC_REG|Banc[3][23]  ; 0                 ; 6       ;
;      - DataPath:Inst_DATA_PATH|BANC_REGISTRE:Inst_BANC_REG|Banc[13][22] ; 0                 ; 6       ;
;      - DataPath:Inst_DATA_PATH|BANC_REGISTRE:Inst_BANC_REG|Banc[14][22] ; 0                 ; 6       ;
;      - DataPath:Inst_DATA_PATH|BANC_REGISTRE:Inst_BANC_REG|Banc[12][22] ; 0                 ; 6       ;
;      - DataPath:Inst_DATA_PATH|BANC_REGISTRE:Inst_BANC_REG|Banc[15][22] ; 0                 ; 6       ;
;      - DataPath:Inst_DATA_PATH|BANC_REGISTRE:Inst_BANC_REG|Banc[2][22]  ; 0                 ; 6       ;
;      - DataPath:Inst_DATA_PATH|BANC_REGISTRE:Inst_BANC_REG|Banc[1][22]  ; 0                 ; 6       ;
;      - DataPath:Inst_DATA_PATH|BANC_REGISTRE:Inst_BANC_REG|Banc[0][22]  ; 0                 ; 6       ;
;      - DataPath:Inst_DATA_PATH|BANC_REGISTRE:Inst_BANC_REG|Banc[3][22]  ; 0                 ; 6       ;
;      - DataPath:Inst_DATA_PATH|BANC_REGISTRE:Inst_BANC_REG|Banc[13][21] ; 0                 ; 6       ;
;      - DataPath:Inst_DATA_PATH|BANC_REGISTRE:Inst_BANC_REG|Banc[14][21] ; 0                 ; 6       ;
;      - DataPath:Inst_DATA_PATH|BANC_REGISTRE:Inst_BANC_REG|Banc[12][21] ; 0                 ; 6       ;
;      - DataPath:Inst_DATA_PATH|BANC_REGISTRE:Inst_BANC_REG|Banc[15][21] ; 0                 ; 6       ;
;      - DataPath:Inst_DATA_PATH|BANC_REGISTRE:Inst_BANC_REG|Banc[2][21]  ; 0                 ; 6       ;
;      - DataPath:Inst_DATA_PATH|BANC_REGISTRE:Inst_BANC_REG|Banc[1][21]  ; 0                 ; 6       ;
;      - DataPath:Inst_DATA_PATH|BANC_REGISTRE:Inst_BANC_REG|Banc[0][21]  ; 0                 ; 6       ;
;      - DataPath:Inst_DATA_PATH|BANC_REGISTRE:Inst_BANC_REG|Banc[3][21]  ; 0                 ; 6       ;
;      - DataPath:Inst_DATA_PATH|BANC_REGISTRE:Inst_BANC_REG|Banc[13][20] ; 0                 ; 6       ;
;      - DataPath:Inst_DATA_PATH|BANC_REGISTRE:Inst_BANC_REG|Banc[14][20] ; 0                 ; 6       ;
;      - DataPath:Inst_DATA_PATH|BANC_REGISTRE:Inst_BANC_REG|Banc[12][20] ; 0                 ; 6       ;
;      - DataPath:Inst_DATA_PATH|BANC_REGISTRE:Inst_BANC_REG|Banc[15][20] ; 0                 ; 6       ;
;      - DataPath:Inst_DATA_PATH|BANC_REGISTRE:Inst_BANC_REG|Banc[2][20]  ; 0                 ; 6       ;
;      - DataPath:Inst_DATA_PATH|BANC_REGISTRE:Inst_BANC_REG|Banc[1][20]  ; 0                 ; 6       ;
;      - DataPath:Inst_DATA_PATH|BANC_REGISTRE:Inst_BANC_REG|Banc[0][20]  ; 0                 ; 6       ;
;      - DataPath:Inst_DATA_PATH|BANC_REGISTRE:Inst_BANC_REG|Banc[3][20]  ; 0                 ; 6       ;
;      - DataPath:Inst_DATA_PATH|BANC_REGISTRE:Inst_BANC_REG|Banc[13][19] ; 0                 ; 6       ;
;      - DataPath:Inst_DATA_PATH|BANC_REGISTRE:Inst_BANC_REG|Banc[14][19] ; 0                 ; 6       ;
;      - DataPath:Inst_DATA_PATH|BANC_REGISTRE:Inst_BANC_REG|Banc[12][19] ; 0                 ; 6       ;
;      - DataPath:Inst_DATA_PATH|BANC_REGISTRE:Inst_BANC_REG|Banc[15][19] ; 0                 ; 6       ;
;      - DataPath:Inst_DATA_PATH|BANC_REGISTRE:Inst_BANC_REG|Banc[2][19]  ; 0                 ; 6       ;
;      - DataPath:Inst_DATA_PATH|BANC_REGISTRE:Inst_BANC_REG|Banc[1][19]  ; 0                 ; 6       ;
;      - DataPath:Inst_DATA_PATH|BANC_REGISTRE:Inst_BANC_REG|Banc[0][19]  ; 0                 ; 6       ;
;      - DataPath:Inst_DATA_PATH|BANC_REGISTRE:Inst_BANC_REG|Banc[3][19]  ; 0                 ; 6       ;
;      - DataPath:Inst_DATA_PATH|BANC_REGISTRE:Inst_BANC_REG|Banc[13][18] ; 0                 ; 6       ;
;      - DataPath:Inst_DATA_PATH|BANC_REGISTRE:Inst_BANC_REG|Banc[14][18] ; 0                 ; 6       ;
;      - DataPath:Inst_DATA_PATH|BANC_REGISTRE:Inst_BANC_REG|Banc[12][18] ; 0                 ; 6       ;
;      - DataPath:Inst_DATA_PATH|BANC_REGISTRE:Inst_BANC_REG|Banc[15][18] ; 0                 ; 6       ;
;      - DataPath:Inst_DATA_PATH|BANC_REGISTRE:Inst_BANC_REG|Banc[2][18]  ; 0                 ; 6       ;
;      - DataPath:Inst_DATA_PATH|BANC_REGISTRE:Inst_BANC_REG|Banc[1][18]  ; 0                 ; 6       ;
;      - DataPath:Inst_DATA_PATH|BANC_REGISTRE:Inst_BANC_REG|Banc[0][18]  ; 0                 ; 6       ;
;      - DataPath:Inst_DATA_PATH|BANC_REGISTRE:Inst_BANC_REG|Banc[3][18]  ; 0                 ; 6       ;
;      - DataPath:Inst_DATA_PATH|BANC_REGISTRE:Inst_BANC_REG|Banc[13][17] ; 0                 ; 6       ;
;      - DataPath:Inst_DATA_PATH|BANC_REGISTRE:Inst_BANC_REG|Banc[14][17] ; 0                 ; 6       ;
;      - DataPath:Inst_DATA_PATH|BANC_REGISTRE:Inst_BANC_REG|Banc[12][17] ; 0                 ; 6       ;
;      - DataPath:Inst_DATA_PATH|BANC_REGISTRE:Inst_BANC_REG|Banc[15][17] ; 0                 ; 6       ;
;      - DataPath:Inst_DATA_PATH|BANC_REGISTRE:Inst_BANC_REG|Banc[2][17]  ; 0                 ; 6       ;
;      - DataPath:Inst_DATA_PATH|BANC_REGISTRE:Inst_BANC_REG|Banc[1][17]  ; 0                 ; 6       ;
;      - DataPath:Inst_DATA_PATH|BANC_REGISTRE:Inst_BANC_REG|Banc[0][17]  ; 0                 ; 6       ;
;      - DataPath:Inst_DATA_PATH|BANC_REGISTRE:Inst_BANC_REG|Banc[3][17]  ; 0                 ; 6       ;
;      - DataPath:Inst_DATA_PATH|BANC_REGISTRE:Inst_BANC_REG|Banc[13][16] ; 0                 ; 6       ;
;      - DataPath:Inst_DATA_PATH|BANC_REGISTRE:Inst_BANC_REG|Banc[14][16] ; 0                 ; 6       ;
;      - DataPath:Inst_DATA_PATH|BANC_REGISTRE:Inst_BANC_REG|Banc[12][16] ; 0                 ; 6       ;
;      - DataPath:Inst_DATA_PATH|BANC_REGISTRE:Inst_BANC_REG|Banc[15][16] ; 0                 ; 6       ;
;      - DataPath:Inst_DATA_PATH|BANC_REGISTRE:Inst_BANC_REG|Banc[2][16]  ; 0                 ; 6       ;
;      - DataPath:Inst_DATA_PATH|BANC_REGISTRE:Inst_BANC_REG|Banc[1][16]  ; 0                 ; 6       ;
;      - DataPath:Inst_DATA_PATH|BANC_REGISTRE:Inst_BANC_REG|Banc[0][16]  ; 0                 ; 6       ;
;      - DataPath:Inst_DATA_PATH|BANC_REGISTRE:Inst_BANC_REG|Banc[3][16]  ; 0                 ; 6       ;
;      - DataPath:Inst_DATA_PATH|DATA_MEMORY:Inst_MEM|MEM[28][31]         ; 0                 ; 6       ;
;      - DataPath:Inst_DATA_PATH|DATA_MEMORY:Inst_MEM|MEM[44][31]         ; 0                 ; 6       ;
;      - DataPath:Inst_DATA_PATH|DATA_MEMORY:Inst_MEM|MEM[12][31]         ; 0                 ; 6       ;
;      - DataPath:Inst_DATA_PATH|DATA_MEMORY:Inst_MEM|MEM[60][31]         ; 0                 ; 6       ;
;      - DataPath:Inst_DATA_PATH|DATA_MEMORY:Inst_MEM|MEM[41][31]         ; 0                 ; 6       ;
;      - DataPath:Inst_DATA_PATH|DATA_MEMORY:Inst_MEM|MEM[25][31]         ; 0                 ; 6       ;
;      - DataPath:Inst_DATA_PATH|DATA_MEMORY:Inst_MEM|MEM[9][31]          ; 0                 ; 6       ;
;      - DataPath:Inst_DATA_PATH|DATA_MEMORY:Inst_MEM|MEM[57][31]         ; 0                 ; 6       ;
;      - DataPath:Inst_DATA_PATH|DATA_MEMORY:Inst_MEM|MEM[40][31]         ; 0                 ; 6       ;
;      - DataPath:Inst_DATA_PATH|DATA_MEMORY:Inst_MEM|MEM[24][31]         ; 0                 ; 6       ;
;      - DataPath:Inst_DATA_PATH|DATA_MEMORY:Inst_MEM|MEM[8][31]          ; 0                 ; 6       ;
;      - DataPath:Inst_DATA_PATH|DATA_MEMORY:Inst_MEM|MEM[56][31]         ; 0                 ; 6       ;
;      - DataPath:Inst_DATA_PATH|DATA_MEMORY:Inst_MEM|MEM[29][31]         ; 0                 ; 6       ;
;      - DataPath:Inst_DATA_PATH|DATA_MEMORY:Inst_MEM|MEM[45][31]         ; 0                 ; 6       ;
;      - DataPath:Inst_DATA_PATH|DATA_MEMORY:Inst_MEM|MEM[13][31]         ; 0                 ; 6       ;
;      - DataPath:Inst_DATA_PATH|DATA_MEMORY:Inst_MEM|MEM[61][31]         ; 0                 ; 6       ;
;      - DataPath:Inst_DATA_PATH|DATA_MEMORY:Inst_MEM|MEM[22][31]         ; 0                 ; 6       ;
;      - DataPath:Inst_DATA_PATH|DATA_MEMORY:Inst_MEM|MEM[38][31]         ; 0                 ; 6       ;
;      - DataPath:Inst_DATA_PATH|DATA_MEMORY:Inst_MEM|MEM[6][31]          ; 0                 ; 6       ;
;      - DataPath:Inst_DATA_PATH|DATA_MEMORY:Inst_MEM|MEM[54][31]         ; 0                 ; 6       ;
;      - DataPath:Inst_DATA_PATH|DATA_MEMORY:Inst_MEM|MEM[35][31]         ; 0                 ; 6       ;
;      - DataPath:Inst_DATA_PATH|DATA_MEMORY:Inst_MEM|MEM[19][31]         ; 0                 ; 6       ;
;      - DataPath:Inst_DATA_PATH|DATA_MEMORY:Inst_MEM|MEM[3][31]          ; 0                 ; 6       ;
;      - DataPath:Inst_DATA_PATH|DATA_MEMORY:Inst_MEM|MEM[51][31]         ; 0                 ; 6       ;
;      - DataPath:Inst_DATA_PATH|DATA_MEMORY:Inst_MEM|MEM[34][31]         ; 0                 ; 6       ;
;      - DataPath:Inst_DATA_PATH|DATA_MEMORY:Inst_MEM|MEM[18][31]         ; 0                 ; 6       ;
;      - DataPath:Inst_DATA_PATH|DATA_MEMORY:Inst_MEM|MEM[2][31]          ; 0                 ; 6       ;
;      - DataPath:Inst_DATA_PATH|DATA_MEMORY:Inst_MEM|MEM[50][31]         ; 0                 ; 6       ;
;      - DataPath:Inst_DATA_PATH|DATA_MEMORY:Inst_MEM|MEM[23][31]         ; 0                 ; 6       ;
;      - DataPath:Inst_DATA_PATH|DATA_MEMORY:Inst_MEM|MEM[39][31]         ; 0                 ; 6       ;
;      - DataPath:Inst_DATA_PATH|DATA_MEMORY:Inst_MEM|MEM[7][31]          ; 0                 ; 6       ;
;      - DataPath:Inst_DATA_PATH|DATA_MEMORY:Inst_MEM|MEM[55][31]         ; 0                 ; 6       ;
;      - DataPath:Inst_DATA_PATH|DATA_MEMORY:Inst_MEM|MEM[20][31]         ; 0                 ; 6       ;
;      - DataPath:Inst_DATA_PATH|DATA_MEMORY:Inst_MEM|MEM[36][31]         ; 0                 ; 6       ;
;      - DataPath:Inst_DATA_PATH|DATA_MEMORY:Inst_MEM|MEM[4][31]          ; 0                 ; 6       ;
;      - DataPath:Inst_DATA_PATH|DATA_MEMORY:Inst_MEM|MEM[52][31]         ; 0                 ; 6       ;
;      - DataPath:Inst_DATA_PATH|DATA_MEMORY:Inst_MEM|MEM[33][31]         ; 0                 ; 6       ;
;      - DataPath:Inst_DATA_PATH|DATA_MEMORY:Inst_MEM|MEM[17][31]         ; 0                 ; 6       ;
;      - DataPath:Inst_DATA_PATH|DATA_MEMORY:Inst_MEM|MEM[1][31]          ; 0                 ; 6       ;
;      - DataPath:Inst_DATA_PATH|DATA_MEMORY:Inst_MEM|MEM[49][31]         ; 0                 ; 6       ;
;      - DataPath:Inst_DATA_PATH|DATA_MEMORY:Inst_MEM|MEM[16][31]         ; 0                 ; 6       ;
;      - DataPath:Inst_DATA_PATH|DATA_MEMORY:Inst_MEM|MEM[32][31]         ; 0                 ; 6       ;
;      - DataPath:Inst_DATA_PATH|DATA_MEMORY:Inst_MEM|MEM[0][31]          ; 0                 ; 6       ;
;      - DataPath:Inst_DATA_PATH|DATA_MEMORY:Inst_MEM|MEM[48][31]         ; 0                 ; 6       ;
;      - DataPath:Inst_DATA_PATH|DATA_MEMORY:Inst_MEM|MEM[21][31]         ; 0                 ; 6       ;
;      - DataPath:Inst_DATA_PATH|DATA_MEMORY:Inst_MEM|MEM[37][31]         ; 0                 ; 6       ;
;      - DataPath:Inst_DATA_PATH|DATA_MEMORY:Inst_MEM|MEM[5][31]          ; 0                 ; 6       ;
;      - DataPath:Inst_DATA_PATH|DATA_MEMORY:Inst_MEM|MEM[53][31]         ; 0                 ; 6       ;
;      - DataPath:Inst_DATA_PATH|DATA_MEMORY:Inst_MEM|MEM[30][31]         ; 0                 ; 6       ;
;      - DataPath:Inst_DATA_PATH|DATA_MEMORY:Inst_MEM|MEM[46][31]         ; 0                 ; 6       ;
;      - DataPath:Inst_DATA_PATH|DATA_MEMORY:Inst_MEM|MEM[14][31]         ; 0                 ; 6       ;
;      - DataPath:Inst_DATA_PATH|DATA_MEMORY:Inst_MEM|MEM[62][31]         ; 0                 ; 6       ;
;      - DataPath:Inst_DATA_PATH|DATA_MEMORY:Inst_MEM|MEM[43][31]         ; 0                 ; 6       ;
;      - DataPath:Inst_DATA_PATH|DATA_MEMORY:Inst_MEM|MEM[27][31]         ; 0                 ; 6       ;
;      - DataPath:Inst_DATA_PATH|DATA_MEMORY:Inst_MEM|MEM[11][31]         ; 0                 ; 6       ;
;      - DataPath:Inst_DATA_PATH|DATA_MEMORY:Inst_MEM|MEM[59][31]         ; 0                 ; 6       ;
;      - DataPath:Inst_DATA_PATH|DATA_MEMORY:Inst_MEM|MEM[42][31]         ; 0                 ; 6       ;
;      - DataPath:Inst_DATA_PATH|DATA_MEMORY:Inst_MEM|MEM[26][31]         ; 0                 ; 6       ;
;      - DataPath:Inst_DATA_PATH|DATA_MEMORY:Inst_MEM|MEM[10][31]         ; 0                 ; 6       ;
;      - DataPath:Inst_DATA_PATH|DATA_MEMORY:Inst_MEM|MEM[58][31]         ; 0                 ; 6       ;
;      - DataPath:Inst_DATA_PATH|DATA_MEMORY:Inst_MEM|MEM[31][31]         ; 0                 ; 6       ;
;      - DataPath:Inst_DATA_PATH|DATA_MEMORY:Inst_MEM|MEM[47][31]         ; 0                 ; 6       ;
;      - DataPath:Inst_DATA_PATH|DATA_MEMORY:Inst_MEM|MEM[15][31]         ; 0                 ; 6       ;
;      - DataPath:Inst_DATA_PATH|DATA_MEMORY:Inst_MEM|MEM[63][31]         ; 0                 ; 6       ;
;      - DataPath:Inst_DATA_PATH|DATA_MEMORY:Inst_MEM|MEM[22][30]         ; 0                 ; 6       ;
;      - DataPath:Inst_DATA_PATH|DATA_MEMORY:Inst_MEM|MEM[28][30]         ; 0                 ; 6       ;
;      - DataPath:Inst_DATA_PATH|DATA_MEMORY:Inst_MEM|MEM[20][30]         ; 0                 ; 6       ;
;      - DataPath:Inst_DATA_PATH|DATA_MEMORY:Inst_MEM|MEM[30][30]         ; 0                 ; 6       ;
;      - DataPath:Inst_DATA_PATH|DATA_MEMORY:Inst_MEM|MEM[19][30]         ; 0                 ; 6       ;
;      - DataPath:Inst_DATA_PATH|DATA_MEMORY:Inst_MEM|MEM[25][30]         ; 0                 ; 6       ;
;      - DataPath:Inst_DATA_PATH|DATA_MEMORY:Inst_MEM|MEM[17][30]         ; 0                 ; 6       ;
;      - DataPath:Inst_DATA_PATH|DATA_MEMORY:Inst_MEM|MEM[27][30]         ; 0                 ; 6       ;
;      - DataPath:Inst_DATA_PATH|DATA_MEMORY:Inst_MEM|MEM[18][30]         ; 0                 ; 6       ;
;      - DataPath:Inst_DATA_PATH|DATA_MEMORY:Inst_MEM|MEM[24][30]         ; 0                 ; 6       ;
;      - DataPath:Inst_DATA_PATH|DATA_MEMORY:Inst_MEM|MEM[16][30]         ; 0                 ; 6       ;
;      - DataPath:Inst_DATA_PATH|DATA_MEMORY:Inst_MEM|MEM[26][30]         ; 0                 ; 6       ;
;      - DataPath:Inst_DATA_PATH|DATA_MEMORY:Inst_MEM|MEM[23][30]         ; 0                 ; 6       ;
;      - DataPath:Inst_DATA_PATH|DATA_MEMORY:Inst_MEM|MEM[29][30]         ; 0                 ; 6       ;
;      - DataPath:Inst_DATA_PATH|DATA_MEMORY:Inst_MEM|MEM[21][30]         ; 0                 ; 6       ;
;      - DataPath:Inst_DATA_PATH|DATA_MEMORY:Inst_MEM|MEM[31][30]         ; 0                 ; 6       ;
;      - DataPath:Inst_DATA_PATH|DATA_MEMORY:Inst_MEM|MEM[37][30]         ; 0                 ; 6       ;
;      - DataPath:Inst_DATA_PATH|DATA_MEMORY:Inst_MEM|MEM[41][30]         ; 0                 ; 6       ;
;      - DataPath:Inst_DATA_PATH|DATA_MEMORY:Inst_MEM|MEM[33][30]         ; 0                 ; 6       ;
;      - DataPath:Inst_DATA_PATH|DATA_MEMORY:Inst_MEM|MEM[45][30]         ; 0                 ; 6       ;
;      - DataPath:Inst_DATA_PATH|DATA_MEMORY:Inst_MEM|MEM[38][30]         ; 0                 ; 6       ;
;      - DataPath:Inst_DATA_PATH|DATA_MEMORY:Inst_MEM|MEM[42][30]         ; 0                 ; 6       ;
;      - DataPath:Inst_DATA_PATH|DATA_MEMORY:Inst_MEM|MEM[34][30]         ; 0                 ; 6       ;
;      - DataPath:Inst_DATA_PATH|DATA_MEMORY:Inst_MEM|MEM[46][30]         ; 0                 ; 6       ;
;      - DataPath:Inst_DATA_PATH|DATA_MEMORY:Inst_MEM|MEM[36][30]         ; 0                 ; 6       ;
;      - DataPath:Inst_DATA_PATH|DATA_MEMORY:Inst_MEM|MEM[40][30]         ; 0                 ; 6       ;
;      - DataPath:Inst_DATA_PATH|DATA_MEMORY:Inst_MEM|MEM[32][30]         ; 0                 ; 6       ;
;      - DataPath:Inst_DATA_PATH|DATA_MEMORY:Inst_MEM|MEM[44][30]         ; 0                 ; 6       ;
;      - DataPath:Inst_DATA_PATH|DATA_MEMORY:Inst_MEM|MEM[39][30]         ; 0                 ; 6       ;
;      - DataPath:Inst_DATA_PATH|DATA_MEMORY:Inst_MEM|MEM[43][30]         ; 0                 ; 6       ;
;      - DataPath:Inst_DATA_PATH|DATA_MEMORY:Inst_MEM|MEM[35][30]         ; 0                 ; 6       ;
;      - DataPath:Inst_DATA_PATH|DATA_MEMORY:Inst_MEM|MEM[47][30]         ; 0                 ; 6       ;
;      - DataPath:Inst_DATA_PATH|DATA_MEMORY:Inst_MEM|MEM[3][30]          ; 0                 ; 6       ;
;      - DataPath:Inst_DATA_PATH|DATA_MEMORY:Inst_MEM|MEM[10][30]         ; 0                 ; 6       ;
;      - DataPath:Inst_DATA_PATH|DATA_MEMORY:Inst_MEM|MEM[2][30]          ; 0                 ; 6       ;
;      - DataPath:Inst_DATA_PATH|DATA_MEMORY:Inst_MEM|MEM[11][30]         ; 0                 ; 6       ;
;      - DataPath:Inst_DATA_PATH|DATA_MEMORY:Inst_MEM|MEM[5][30]          ; 0                 ; 6       ;
;      - DataPath:Inst_DATA_PATH|DATA_MEMORY:Inst_MEM|MEM[12][30]         ; 0                 ; 6       ;
;      - DataPath:Inst_DATA_PATH|DATA_MEMORY:Inst_MEM|MEM[4][30]          ; 0                 ; 6       ;
;      - DataPath:Inst_DATA_PATH|DATA_MEMORY:Inst_MEM|MEM[13][30]         ; 0                 ; 6       ;
;      - DataPath:Inst_DATA_PATH|DATA_MEMORY:Inst_MEM|MEM[1][30]          ; 0                 ; 6       ;
;      - DataPath:Inst_DATA_PATH|DATA_MEMORY:Inst_MEM|MEM[8][30]          ; 0                 ; 6       ;
;      - DataPath:Inst_DATA_PATH|DATA_MEMORY:Inst_MEM|MEM[0][30]          ; 0                 ; 6       ;
;      - DataPath:Inst_DATA_PATH|DATA_MEMORY:Inst_MEM|MEM[9][30]          ; 0                 ; 6       ;
;      - DataPath:Inst_DATA_PATH|DATA_MEMORY:Inst_MEM|MEM[7][30]          ; 0                 ; 6       ;
;      - DataPath:Inst_DATA_PATH|DATA_MEMORY:Inst_MEM|MEM[14][30]         ; 0                 ; 6       ;
;      - DataPath:Inst_DATA_PATH|DATA_MEMORY:Inst_MEM|MEM[6][30]          ; 0                 ; 6       ;
;      - DataPath:Inst_DATA_PATH|DATA_MEMORY:Inst_MEM|MEM[15][30]         ; 0                 ; 6       ;
;      - DataPath:Inst_DATA_PATH|DATA_MEMORY:Inst_MEM|MEM[51][30]         ; 0                 ; 6       ;
;      - DataPath:Inst_DATA_PATH|DATA_MEMORY:Inst_MEM|MEM[58][30]         ; 0                 ; 6       ;
;      - DataPath:Inst_DATA_PATH|DATA_MEMORY:Inst_MEM|MEM[50][30]         ; 0                 ; 6       ;
;      - DataPath:Inst_DATA_PATH|DATA_MEMORY:Inst_MEM|MEM[59][30]         ; 0                 ; 6       ;
;      - DataPath:Inst_DATA_PATH|DATA_MEMORY:Inst_MEM|MEM[53][30]         ; 0                 ; 6       ;
;      - DataPath:Inst_DATA_PATH|DATA_MEMORY:Inst_MEM|MEM[60][30]         ; 0                 ; 6       ;
;      - DataPath:Inst_DATA_PATH|DATA_MEMORY:Inst_MEM|MEM[52][30]         ; 0                 ; 6       ;
;      - DataPath:Inst_DATA_PATH|DATA_MEMORY:Inst_MEM|MEM[61][30]         ; 0                 ; 6       ;
;      - DataPath:Inst_DATA_PATH|DATA_MEMORY:Inst_MEM|MEM[49][30]         ; 0                 ; 6       ;
;      - DataPath:Inst_DATA_PATH|DATA_MEMORY:Inst_MEM|MEM[56][30]         ; 0                 ; 6       ;
;      - DataPath:Inst_DATA_PATH|DATA_MEMORY:Inst_MEM|MEM[48][30]         ; 0                 ; 6       ;
;      - DataPath:Inst_DATA_PATH|DATA_MEMORY:Inst_MEM|MEM[57][30]         ; 0                 ; 6       ;
;      - DataPath:Inst_DATA_PATH|DATA_MEMORY:Inst_MEM|MEM[55][30]         ; 0                 ; 6       ;
;      - DataPath:Inst_DATA_PATH|DATA_MEMORY:Inst_MEM|MEM[62][30]         ; 0                 ; 6       ;
;      - DataPath:Inst_DATA_PATH|DATA_MEMORY:Inst_MEM|MEM[54][30]         ; 0                 ; 6       ;
;      - DataPath:Inst_DATA_PATH|DATA_MEMORY:Inst_MEM|MEM[63][30]         ; 0                 ; 6       ;
;      - DataPath:Inst_DATA_PATH|DATA_MEMORY:Inst_MEM|MEM[38][29]         ; 0                 ; 6       ;
;      - DataPath:Inst_DATA_PATH|DATA_MEMORY:Inst_MEM|MEM[14][29]         ; 0                 ; 6       ;
;      - DataPath:Inst_DATA_PATH|DATA_MEMORY:Inst_MEM|MEM[6][29]          ; 0                 ; 6       ;
;      - DataPath:Inst_DATA_PATH|DATA_MEMORY:Inst_MEM|MEM[46][29]         ; 0                 ; 6       ;
;      - DataPath:Inst_DATA_PATH|DATA_MEMORY:Inst_MEM|MEM[28][29]         ; 0                 ; 6       ;
;      - DataPath:Inst_DATA_PATH|DATA_MEMORY:Inst_MEM|MEM[52][29]         ; 0                 ; 6       ;
;      - DataPath:Inst_DATA_PATH|DATA_MEMORY:Inst_MEM|MEM[20][29]         ; 0                 ; 6       ;
;      - DataPath:Inst_DATA_PATH|DATA_MEMORY:Inst_MEM|MEM[60][29]         ; 0                 ; 6       ;
;      - DataPath:Inst_DATA_PATH|DATA_MEMORY:Inst_MEM|MEM[12][29]         ; 0                 ; 6       ;
;      - DataPath:Inst_DATA_PATH|DATA_MEMORY:Inst_MEM|MEM[36][29]         ; 0                 ; 6       ;
;      - DataPath:Inst_DATA_PATH|DATA_MEMORY:Inst_MEM|MEM[4][29]          ; 0                 ; 6       ;
;      - DataPath:Inst_DATA_PATH|DATA_MEMORY:Inst_MEM|MEM[44][29]         ; 0                 ; 6       ;
;      - DataPath:Inst_DATA_PATH|DATA_MEMORY:Inst_MEM|MEM[30][29]         ; 0                 ; 6       ;
;      - DataPath:Inst_DATA_PATH|DATA_MEMORY:Inst_MEM|MEM[54][29]         ; 0                 ; 6       ;
;      - DataPath:Inst_DATA_PATH|DATA_MEMORY:Inst_MEM|MEM[22][29]         ; 0                 ; 6       ;
;      - DataPath:Inst_DATA_PATH|DATA_MEMORY:Inst_MEM|MEM[62][29]         ; 0                 ; 6       ;
;      - DataPath:Inst_DATA_PATH|DATA_MEMORY:Inst_MEM|MEM[11][29]         ; 0                 ; 6       ;
;      - DataPath:Inst_DATA_PATH|DATA_MEMORY:Inst_MEM|MEM[19][29]         ; 0                 ; 6       ;
;      - DataPath:Inst_DATA_PATH|DATA_MEMORY:Inst_MEM|MEM[3][29]          ; 0                 ; 6       ;
;      - DataPath:Inst_DATA_PATH|DATA_MEMORY:Inst_MEM|MEM[27][29]         ; 0                 ; 6       ;
;      - DataPath:Inst_DATA_PATH|DATA_MEMORY:Inst_MEM|MEM[49][29]         ; 0                 ; 6       ;
;      - DataPath:Inst_DATA_PATH|DATA_MEMORY:Inst_MEM|MEM[41][29]         ; 0                 ; 6       ;
;      - DataPath:Inst_DATA_PATH|DATA_MEMORY:Inst_MEM|MEM[33][29]         ; 0                 ; 6       ;
;      - DataPath:Inst_DATA_PATH|DATA_MEMORY:Inst_MEM|MEM[57][29]         ; 0                 ; 6       ;
;      - DataPath:Inst_DATA_PATH|DATA_MEMORY:Inst_MEM|MEM[17][29]         ; 0                 ; 6       ;
;      - DataPath:Inst_DATA_PATH|DATA_MEMORY:Inst_MEM|MEM[9][29]          ; 0                 ; 6       ;
;      - DataPath:Inst_DATA_PATH|DATA_MEMORY:Inst_MEM|MEM[1][29]          ; 0                 ; 6       ;
;      - DataPath:Inst_DATA_PATH|DATA_MEMORY:Inst_MEM|MEM[25][29]         ; 0                 ; 6       ;
;      - DataPath:Inst_DATA_PATH|DATA_MEMORY:Inst_MEM|MEM[51][29]         ; 0                 ; 6       ;
;      - DataPath:Inst_DATA_PATH|DATA_MEMORY:Inst_MEM|MEM[43][29]         ; 0                 ; 6       ;
;      - DataPath:Inst_DATA_PATH|DATA_MEMORY:Inst_MEM|MEM[35][29]         ; 0                 ; 6       ;
;      - DataPath:Inst_DATA_PATH|DATA_MEMORY:Inst_MEM|MEM[59][29]         ; 0                 ; 6       ;
;      - DataPath:Inst_DATA_PATH|DATA_MEMORY:Inst_MEM|MEM[10][29]         ; 0                 ; 6       ;
;      - DataPath:Inst_DATA_PATH|DATA_MEMORY:Inst_MEM|MEM[18][29]         ; 0                 ; 6       ;
;      - DataPath:Inst_DATA_PATH|DATA_MEMORY:Inst_MEM|MEM[2][29]          ; 0                 ; 6       ;
;      - DataPath:Inst_DATA_PATH|DATA_MEMORY:Inst_MEM|MEM[26][29]         ; 0                 ; 6       ;
;      - DataPath:Inst_DATA_PATH|DATA_MEMORY:Inst_MEM|MEM[40][29]         ; 0                 ; 6       ;
;      - DataPath:Inst_DATA_PATH|DATA_MEMORY:Inst_MEM|MEM[48][29]         ; 0                 ; 6       ;
;      - DataPath:Inst_DATA_PATH|DATA_MEMORY:Inst_MEM|MEM[32][29]         ; 0                 ; 6       ;
;      - DataPath:Inst_DATA_PATH|DATA_MEMORY:Inst_MEM|MEM[56][29]         ; 0                 ; 6       ;
;      - DataPath:Inst_DATA_PATH|DATA_MEMORY:Inst_MEM|MEM[8][29]          ; 0                 ; 6       ;
;      - DataPath:Inst_DATA_PATH|DATA_MEMORY:Inst_MEM|MEM[16][29]         ; 0                 ; 6       ;
;      - DataPath:Inst_DATA_PATH|DATA_MEMORY:Inst_MEM|MEM[0][29]          ; 0                 ; 6       ;
;      - DataPath:Inst_DATA_PATH|DATA_MEMORY:Inst_MEM|MEM[24][29]         ; 0                 ; 6       ;
;      - DataPath:Inst_DATA_PATH|DATA_MEMORY:Inst_MEM|MEM[42][29]         ; 0                 ; 6       ;
;      - DataPath:Inst_DATA_PATH|DATA_MEMORY:Inst_MEM|MEM[50][29]         ; 0                 ; 6       ;
;      - DataPath:Inst_DATA_PATH|DATA_MEMORY:Inst_MEM|MEM[34][29]         ; 0                 ; 6       ;
;      - DataPath:Inst_DATA_PATH|DATA_MEMORY:Inst_MEM|MEM[58][29]         ; 0                 ; 6       ;
;      - DataPath:Inst_DATA_PATH|DATA_MEMORY:Inst_MEM|MEM[39][29]         ; 0                 ; 6       ;
;      - DataPath:Inst_DATA_PATH|DATA_MEMORY:Inst_MEM|MEM[15][29]         ; 0                 ; 6       ;
;      - DataPath:Inst_DATA_PATH|DATA_MEMORY:Inst_MEM|MEM[7][29]          ; 0                 ; 6       ;
;      - DataPath:Inst_DATA_PATH|DATA_MEMORY:Inst_MEM|MEM[47][29]         ; 0                 ; 6       ;
;      - DataPath:Inst_DATA_PATH|DATA_MEMORY:Inst_MEM|MEM[53][29]         ; 0                 ; 6       ;
;      - DataPath:Inst_DATA_PATH|DATA_MEMORY:Inst_MEM|MEM[29][29]         ; 0                 ; 6       ;
;      - DataPath:Inst_DATA_PATH|DATA_MEMORY:Inst_MEM|MEM[21][29]         ; 0                 ; 6       ;
;      - DataPath:Inst_DATA_PATH|DATA_MEMORY:Inst_MEM|MEM[61][29]         ; 0                 ; 6       ;
;      - DataPath:Inst_DATA_PATH|DATA_MEMORY:Inst_MEM|MEM[37][29]         ; 0                 ; 6       ;
;      - DataPath:Inst_DATA_PATH|DATA_MEMORY:Inst_MEM|MEM[13][29]         ; 0                 ; 6       ;
;      - DataPath:Inst_DATA_PATH|DATA_MEMORY:Inst_MEM|MEM[5][29]          ; 0                 ; 6       ;
;      - DataPath:Inst_DATA_PATH|DATA_MEMORY:Inst_MEM|MEM[45][29]         ; 0                 ; 6       ;
;      - DataPath:Inst_DATA_PATH|DATA_MEMORY:Inst_MEM|MEM[55][29]         ; 0                 ; 6       ;
;      - DataPath:Inst_DATA_PATH|DATA_MEMORY:Inst_MEM|MEM[31][29]         ; 0                 ; 6       ;
;      - DataPath:Inst_DATA_PATH|DATA_MEMORY:Inst_MEM|MEM[23][29]         ; 0                 ; 6       ;
;      - DataPath:Inst_DATA_PATH|DATA_MEMORY:Inst_MEM|MEM[63][29]         ; 0                 ; 6       ;
;      - DataPath:Inst_DATA_PATH|DATA_MEMORY:Inst_MEM|MEM[25][28]         ; 0                 ; 6       ;
;      - DataPath:Inst_DATA_PATH|DATA_MEMORY:Inst_MEM|MEM[41][28]         ; 0                 ; 6       ;
;      - DataPath:Inst_DATA_PATH|DATA_MEMORY:Inst_MEM|MEM[9][28]          ; 0                 ; 6       ;
;      - DataPath:Inst_DATA_PATH|DATA_MEMORY:Inst_MEM|MEM[57][28]         ; 0                 ; 6       ;
;      - DataPath:Inst_DATA_PATH|DATA_MEMORY:Inst_MEM|MEM[44][28]         ; 0                 ; 6       ;
;      - DataPath:Inst_DATA_PATH|DATA_MEMORY:Inst_MEM|MEM[28][28]         ; 0                 ; 6       ;
;      - DataPath:Inst_DATA_PATH|DATA_MEMORY:Inst_MEM|MEM[12][28]         ; 0                 ; 6       ;
;      - DataPath:Inst_DATA_PATH|DATA_MEMORY:Inst_MEM|MEM[60][28]         ; 0                 ; 6       ;
;      - DataPath:Inst_DATA_PATH|DATA_MEMORY:Inst_MEM|MEM[40][28]         ; 0                 ; 6       ;
;      - DataPath:Inst_DATA_PATH|DATA_MEMORY:Inst_MEM|MEM[24][28]         ; 0                 ; 6       ;
;      - DataPath:Inst_DATA_PATH|DATA_MEMORY:Inst_MEM|MEM[8][28]          ; 0                 ; 6       ;
;      - DataPath:Inst_DATA_PATH|DATA_MEMORY:Inst_MEM|MEM[56][28]         ; 0                 ; 6       ;
;      - DataPath:Inst_DATA_PATH|DATA_MEMORY:Inst_MEM|MEM[29][28]         ; 0                 ; 6       ;
;      - DataPath:Inst_DATA_PATH|DATA_MEMORY:Inst_MEM|MEM[45][28]         ; 0                 ; 6       ;
;      - DataPath:Inst_DATA_PATH|DATA_MEMORY:Inst_MEM|MEM[13][28]         ; 0                 ; 6       ;
;      - DataPath:Inst_DATA_PATH|DATA_MEMORY:Inst_MEM|MEM[61][28]         ; 0                 ; 6       ;
;      - DataPath:Inst_DATA_PATH|DATA_MEMORY:Inst_MEM|MEM[19][28]         ; 0                 ; 6       ;
;      - DataPath:Inst_DATA_PATH|DATA_MEMORY:Inst_MEM|MEM[35][28]         ; 0                 ; 6       ;
;      - DataPath:Inst_DATA_PATH|DATA_MEMORY:Inst_MEM|MEM[3][28]          ; 0                 ; 6       ;
;      - DataPath:Inst_DATA_PATH|DATA_MEMORY:Inst_MEM|MEM[51][28]         ; 0                 ; 6       ;
;      - DataPath:Inst_DATA_PATH|DATA_MEMORY:Inst_MEM|MEM[22][28]         ; 0                 ; 6       ;
;      - DataPath:Inst_DATA_PATH|DATA_MEMORY:Inst_MEM|MEM[38][28]         ; 0                 ; 6       ;
;      - DataPath:Inst_DATA_PATH|DATA_MEMORY:Inst_MEM|MEM[6][28]          ; 0                 ; 6       ;
;      - DataPath:Inst_DATA_PATH|DATA_MEMORY:Inst_MEM|MEM[54][28]         ; 0                 ; 6       ;
;      - DataPath:Inst_DATA_PATH|DATA_MEMORY:Inst_MEM|MEM[18][28]         ; 0                 ; 6       ;
;      - DataPath:Inst_DATA_PATH|DATA_MEMORY:Inst_MEM|MEM[34][28]         ; 0                 ; 6       ;
;      - DataPath:Inst_DATA_PATH|DATA_MEMORY:Inst_MEM|MEM[2][28]          ; 0                 ; 6       ;
;      - DataPath:Inst_DATA_PATH|DATA_MEMORY:Inst_MEM|MEM[50][28]         ; 0                 ; 6       ;
;      - DataPath:Inst_DATA_PATH|DATA_MEMORY:Inst_MEM|MEM[23][28]         ; 0                 ; 6       ;
;      - DataPath:Inst_DATA_PATH|DATA_MEMORY:Inst_MEM|MEM[39][28]         ; 0                 ; 6       ;
;      - DataPath:Inst_DATA_PATH|DATA_MEMORY:Inst_MEM|MEM[7][28]          ; 0                 ; 6       ;
;      - DataPath:Inst_DATA_PATH|DATA_MEMORY:Inst_MEM|MEM[55][28]         ; 0                 ; 6       ;
;      - DataPath:Inst_DATA_PATH|DATA_MEMORY:Inst_MEM|MEM[17][28]         ; 0                 ; 6       ;
;      - DataPath:Inst_DATA_PATH|DATA_MEMORY:Inst_MEM|MEM[33][28]         ; 0                 ; 6       ;
;      - DataPath:Inst_DATA_PATH|DATA_MEMORY:Inst_MEM|MEM[1][28]          ; 0                 ; 6       ;
;      - DataPath:Inst_DATA_PATH|DATA_MEMORY:Inst_MEM|MEM[49][28]         ; 0                 ; 6       ;
;      - DataPath:Inst_DATA_PATH|DATA_MEMORY:Inst_MEM|MEM[20][28]         ; 0                 ; 6       ;
;      - DataPath:Inst_DATA_PATH|DATA_MEMORY:Inst_MEM|MEM[36][28]         ; 0                 ; 6       ;
;      - DataPath:Inst_DATA_PATH|DATA_MEMORY:Inst_MEM|MEM[4][28]          ; 0                 ; 6       ;
;      - DataPath:Inst_DATA_PATH|DATA_MEMORY:Inst_MEM|MEM[52][28]         ; 0                 ; 6       ;
;      - DataPath:Inst_DATA_PATH|DATA_MEMORY:Inst_MEM|MEM[16][28]         ; 0                 ; 6       ;
;      - DataPath:Inst_DATA_PATH|DATA_MEMORY:Inst_MEM|MEM[32][28]         ; 0                 ; 6       ;
;      - DataPath:Inst_DATA_PATH|DATA_MEMORY:Inst_MEM|MEM[0][28]          ; 0                 ; 6       ;
;      - DataPath:Inst_DATA_PATH|DATA_MEMORY:Inst_MEM|MEM[48][28]         ; 0                 ; 6       ;
;      - DataPath:Inst_DATA_PATH|DATA_MEMORY:Inst_MEM|MEM[21][28]         ; 0                 ; 6       ;
;      - DataPath:Inst_DATA_PATH|DATA_MEMORY:Inst_MEM|MEM[37][28]         ; 0                 ; 6       ;
;      - DataPath:Inst_DATA_PATH|DATA_MEMORY:Inst_MEM|MEM[5][28]          ; 0                 ; 6       ;
;      - DataPath:Inst_DATA_PATH|DATA_MEMORY:Inst_MEM|MEM[53][28]         ; 0                 ; 6       ;
;      - DataPath:Inst_DATA_PATH|DATA_MEMORY:Inst_MEM|MEM[46][28]         ; 0                 ; 6       ;
;      - DataPath:Inst_DATA_PATH|DATA_MEMORY:Inst_MEM|MEM[30][28]         ; 0                 ; 6       ;
;      - DataPath:Inst_DATA_PATH|DATA_MEMORY:Inst_MEM|MEM[14][28]         ; 0                 ; 6       ;
;      - DataPath:Inst_DATA_PATH|DATA_MEMORY:Inst_MEM|MEM[62][28]         ; 0                 ; 6       ;
;      - DataPath:Inst_DATA_PATH|DATA_MEMORY:Inst_MEM|MEM[27][28]         ; 0                 ; 6       ;
;      - DataPath:Inst_DATA_PATH|DATA_MEMORY:Inst_MEM|MEM[43][28]         ; 0                 ; 6       ;
;      - DataPath:Inst_DATA_PATH|DATA_MEMORY:Inst_MEM|MEM[11][28]         ; 0                 ; 6       ;
;      - DataPath:Inst_DATA_PATH|DATA_MEMORY:Inst_MEM|MEM[59][28]         ; 0                 ; 6       ;
;      - DataPath:Inst_DATA_PATH|DATA_MEMORY:Inst_MEM|MEM[42][28]         ; 0                 ; 6       ;
;      - DataPath:Inst_DATA_PATH|DATA_MEMORY:Inst_MEM|MEM[26][28]         ; 0                 ; 6       ;
;      - DataPath:Inst_DATA_PATH|DATA_MEMORY:Inst_MEM|MEM[10][28]         ; 0                 ; 6       ;
;      - DataPath:Inst_DATA_PATH|DATA_MEMORY:Inst_MEM|MEM[58][28]         ; 0                 ; 6       ;
;      - DataPath:Inst_DATA_PATH|DATA_MEMORY:Inst_MEM|MEM[31][28]         ; 0                 ; 6       ;
;      - DataPath:Inst_DATA_PATH|DATA_MEMORY:Inst_MEM|MEM[47][28]         ; 0                 ; 6       ;
;      - DataPath:Inst_DATA_PATH|DATA_MEMORY:Inst_MEM|MEM[15][28]         ; 0                 ; 6       ;
;      - DataPath:Inst_DATA_PATH|DATA_MEMORY:Inst_MEM|MEM[63][28]         ; 0                 ; 6       ;
;      - DataPath:Inst_DATA_PATH|DATA_MEMORY:Inst_MEM|MEM[44][27]         ; 0                 ; 6       ;
;      - DataPath:Inst_DATA_PATH|DATA_MEMORY:Inst_MEM|MEM[38][27]         ; 0                 ; 6       ;
;      - DataPath:Inst_DATA_PATH|DATA_MEMORY:Inst_MEM|MEM[36][27]         ; 0                 ; 6       ;
;      - DataPath:Inst_DATA_PATH|DATA_MEMORY:Inst_MEM|MEM[46][27]         ; 0                 ; 6       ;
;      - DataPath:Inst_DATA_PATH|DATA_MEMORY:Inst_MEM|MEM[41][27]         ; 0                 ; 6       ;
;      - DataPath:Inst_DATA_PATH|DATA_MEMORY:Inst_MEM|MEM[35][27]         ; 0                 ; 6       ;
;      - DataPath:Inst_DATA_PATH|DATA_MEMORY:Inst_MEM|MEM[33][27]         ; 0                 ; 6       ;
;      - DataPath:Inst_DATA_PATH|DATA_MEMORY:Inst_MEM|MEM[43][27]         ; 0                 ; 6       ;
;      - DataPath:Inst_DATA_PATH|DATA_MEMORY:Inst_MEM|MEM[40][27]         ; 0                 ; 6       ;
;      - DataPath:Inst_DATA_PATH|DATA_MEMORY:Inst_MEM|MEM[34][27]         ; 0                 ; 6       ;
;      - DataPath:Inst_DATA_PATH|DATA_MEMORY:Inst_MEM|MEM[32][27]         ; 0                 ; 6       ;
;      - DataPath:Inst_DATA_PATH|DATA_MEMORY:Inst_MEM|MEM[42][27]         ; 0                 ; 6       ;
;      - DataPath:Inst_DATA_PATH|DATA_MEMORY:Inst_MEM|MEM[45][27]         ; 0                 ; 6       ;
;      - DataPath:Inst_DATA_PATH|DATA_MEMORY:Inst_MEM|MEM[39][27]         ; 0                 ; 6       ;
;      - DataPath:Inst_DATA_PATH|DATA_MEMORY:Inst_MEM|MEM[37][27]         ; 0                 ; 6       ;
;      - DataPath:Inst_DATA_PATH|DATA_MEMORY:Inst_MEM|MEM[47][27]         ; 0                 ; 6       ;
;      - DataPath:Inst_DATA_PATH|DATA_MEMORY:Inst_MEM|MEM[26][27]         ; 0                 ; 6       ;
;      - DataPath:Inst_DATA_PATH|DATA_MEMORY:Inst_MEM|MEM[19][27]         ; 0                 ; 6       ;
;      - DataPath:Inst_DATA_PATH|DATA_MEMORY:Inst_MEM|MEM[18][27]         ; 0                 ; 6       ;
;      - DataPath:Inst_DATA_PATH|DATA_MEMORY:Inst_MEM|MEM[27][27]         ; 0                 ; 6       ;
;      - DataPath:Inst_DATA_PATH|DATA_MEMORY:Inst_MEM|MEM[28][27]         ; 0                 ; 6       ;
;      - DataPath:Inst_DATA_PATH|DATA_MEMORY:Inst_MEM|MEM[21][27]         ; 0                 ; 6       ;
;      - DataPath:Inst_DATA_PATH|DATA_MEMORY:Inst_MEM|MEM[20][27]         ; 0                 ; 6       ;
;      - DataPath:Inst_DATA_PATH|DATA_MEMORY:Inst_MEM|MEM[29][27]         ; 0                 ; 6       ;
;      - DataPath:Inst_DATA_PATH|DATA_MEMORY:Inst_MEM|MEM[24][27]         ; 0                 ; 6       ;
;      - DataPath:Inst_DATA_PATH|DATA_MEMORY:Inst_MEM|MEM[17][27]         ; 0                 ; 6       ;
;      - DataPath:Inst_DATA_PATH|DATA_MEMORY:Inst_MEM|MEM[16][27]         ; 0                 ; 6       ;
;      - DataPath:Inst_DATA_PATH|DATA_MEMORY:Inst_MEM|MEM[25][27]         ; 0                 ; 6       ;
;      - DataPath:Inst_DATA_PATH|DATA_MEMORY:Inst_MEM|MEM[30][27]         ; 0                 ; 6       ;
;      - DataPath:Inst_DATA_PATH|DATA_MEMORY:Inst_MEM|MEM[23][27]         ; 0                 ; 6       ;
;      - DataPath:Inst_DATA_PATH|DATA_MEMORY:Inst_MEM|MEM[22][27]         ; 0                 ; 6       ;
;      - DataPath:Inst_DATA_PATH|DATA_MEMORY:Inst_MEM|MEM[31][27]         ; 0                 ; 6       ;
;      - DataPath:Inst_DATA_PATH|DATA_MEMORY:Inst_MEM|MEM[9][27]          ; 0                 ; 6       ;
;      - DataPath:Inst_DATA_PATH|DATA_MEMORY:Inst_MEM|MEM[5][27]          ; 0                 ; 6       ;
;      - DataPath:Inst_DATA_PATH|DATA_MEMORY:Inst_MEM|MEM[1][27]          ; 0                 ; 6       ;
;      - DataPath:Inst_DATA_PATH|DATA_MEMORY:Inst_MEM|MEM[13][27]         ; 0                 ; 6       ;
;      - DataPath:Inst_DATA_PATH|DATA_MEMORY:Inst_MEM|MEM[10][27]         ; 0                 ; 6       ;
;      - DataPath:Inst_DATA_PATH|DATA_MEMORY:Inst_MEM|MEM[6][27]          ; 0                 ; 6       ;
;      - DataPath:Inst_DATA_PATH|DATA_MEMORY:Inst_MEM|MEM[2][27]          ; 0                 ; 6       ;
;      - DataPath:Inst_DATA_PATH|DATA_MEMORY:Inst_MEM|MEM[14][27]         ; 0                 ; 6       ;
;      - DataPath:Inst_DATA_PATH|DATA_MEMORY:Inst_MEM|MEM[8][27]          ; 0                 ; 6       ;
;      - DataPath:Inst_DATA_PATH|DATA_MEMORY:Inst_MEM|MEM[4][27]          ; 0                 ; 6       ;
;      - DataPath:Inst_DATA_PATH|DATA_MEMORY:Inst_MEM|MEM[0][27]          ; 0                 ; 6       ;
;      - DataPath:Inst_DATA_PATH|DATA_MEMORY:Inst_MEM|MEM[12][27]         ; 0                 ; 6       ;
;      - DataPath:Inst_DATA_PATH|DATA_MEMORY:Inst_MEM|MEM[11][27]         ; 0                 ; 6       ;
;      - DataPath:Inst_DATA_PATH|DATA_MEMORY:Inst_MEM|MEM[7][27]          ; 0                 ; 6       ;
;      - DataPath:Inst_DATA_PATH|DATA_MEMORY:Inst_MEM|MEM[3][27]          ; 0                 ; 6       ;
;      - DataPath:Inst_DATA_PATH|DATA_MEMORY:Inst_MEM|MEM[15][27]         ; 0                 ; 6       ;
;      - DataPath:Inst_DATA_PATH|DATA_MEMORY:Inst_MEM|MEM[53][27]         ; 0                 ; 6       ;
;      - DataPath:Inst_DATA_PATH|DATA_MEMORY:Inst_MEM|MEM[57][27]         ; 0                 ; 6       ;
;      - DataPath:Inst_DATA_PATH|DATA_MEMORY:Inst_MEM|MEM[49][27]         ; 0                 ; 6       ;
;      - DataPath:Inst_DATA_PATH|DATA_MEMORY:Inst_MEM|MEM[61][27]         ; 0                 ; 6       ;
;      - DataPath:Inst_DATA_PATH|DATA_MEMORY:Inst_MEM|MEM[58][27]         ; 0                 ; 6       ;
;      - DataPath:Inst_DATA_PATH|DATA_MEMORY:Inst_MEM|MEM[54][27]         ; 0                 ; 6       ;
;      - DataPath:Inst_DATA_PATH|DATA_MEMORY:Inst_MEM|MEM[50][27]         ; 0                 ; 6       ;
;      - DataPath:Inst_DATA_PATH|DATA_MEMORY:Inst_MEM|MEM[62][27]         ; 0                 ; 6       ;
;      - DataPath:Inst_DATA_PATH|DATA_MEMORY:Inst_MEM|MEM[52][27]         ; 0                 ; 6       ;
;      - DataPath:Inst_DATA_PATH|DATA_MEMORY:Inst_MEM|MEM[56][27]         ; 0                 ; 6       ;
;      - DataPath:Inst_DATA_PATH|DATA_MEMORY:Inst_MEM|MEM[48][27]         ; 0                 ; 6       ;
;      - DataPath:Inst_DATA_PATH|DATA_MEMORY:Inst_MEM|MEM[60][27]         ; 0                 ; 6       ;
;      - DataPath:Inst_DATA_PATH|DATA_MEMORY:Inst_MEM|MEM[55][27]         ; 0                 ; 6       ;
;      - DataPath:Inst_DATA_PATH|DATA_MEMORY:Inst_MEM|MEM[59][27]         ; 0                 ; 6       ;
;      - DataPath:Inst_DATA_PATH|DATA_MEMORY:Inst_MEM|MEM[51][27]         ; 0                 ; 6       ;
;      - DataPath:Inst_DATA_PATH|DATA_MEMORY:Inst_MEM|MEM[63][27]         ; 0                 ; 6       ;
;      - DataPath:Inst_DATA_PATH|DATA_MEMORY:Inst_MEM|MEM[50][26]         ; 0                 ; 6       ;
;      - DataPath:Inst_DATA_PATH|DATA_MEMORY:Inst_MEM|MEM[22][26]         ; 0                 ; 6       ;
;      - DataPath:Inst_DATA_PATH|DATA_MEMORY:Inst_MEM|MEM[18][26]         ; 0                 ; 6       ;
;      - DataPath:Inst_DATA_PATH|DATA_MEMORY:Inst_MEM|MEM[54][26]         ; 0                 ; 6       ;
;      - DataPath:Inst_DATA_PATH|DATA_MEMORY:Inst_MEM|MEM[49][26]         ; 0                 ; 6       ;
;      - DataPath:Inst_DATA_PATH|DATA_MEMORY:Inst_MEM|MEM[21][26]         ; 0                 ; 6       ;
;      - DataPath:Inst_DATA_PATH|DATA_MEMORY:Inst_MEM|MEM[17][26]         ; 0                 ; 6       ;
;      - DataPath:Inst_DATA_PATH|DATA_MEMORY:Inst_MEM|MEM[53][26]         ; 0                 ; 6       ;
;      - DataPath:Inst_DATA_PATH|DATA_MEMORY:Inst_MEM|MEM[48][26]         ; 0                 ; 6       ;
;      - DataPath:Inst_DATA_PATH|DATA_MEMORY:Inst_MEM|MEM[20][26]         ; 0                 ; 6       ;
;      - DataPath:Inst_DATA_PATH|DATA_MEMORY:Inst_MEM|MEM[16][26]         ; 0                 ; 6       ;
;      - DataPath:Inst_DATA_PATH|DATA_MEMORY:Inst_MEM|MEM[52][26]         ; 0                 ; 6       ;
;      - DataPath:Inst_DATA_PATH|DATA_MEMORY:Inst_MEM|MEM[51][26]         ; 0                 ; 6       ;
;      - DataPath:Inst_DATA_PATH|DATA_MEMORY:Inst_MEM|MEM[23][26]         ; 0                 ; 6       ;
;      - DataPath:Inst_DATA_PATH|DATA_MEMORY:Inst_MEM|MEM[19][26]         ; 0                 ; 6       ;
;      - DataPath:Inst_DATA_PATH|DATA_MEMORY:Inst_MEM|MEM[55][26]         ; 0                 ; 6       ;
;      - DataPath:Inst_DATA_PATH|DATA_MEMORY:Inst_MEM|MEM[42][26]         ; 0                 ; 6       ;
;      - DataPath:Inst_DATA_PATH|DATA_MEMORY:Inst_MEM|MEM[11][26]         ; 0                 ; 6       ;
;      - DataPath:Inst_DATA_PATH|DATA_MEMORY:Inst_MEM|MEM[10][26]         ; 0                 ; 6       ;
;      - DataPath:Inst_DATA_PATH|DATA_MEMORY:Inst_MEM|MEM[43][26]         ; 0                 ; 6       ;
;      - DataPath:Inst_DATA_PATH|DATA_MEMORY:Inst_MEM|MEM[44][26]         ; 0                 ; 6       ;
;      - DataPath:Inst_DATA_PATH|DATA_MEMORY:Inst_MEM|MEM[13][26]         ; 0                 ; 6       ;
;      - DataPath:Inst_DATA_PATH|DATA_MEMORY:Inst_MEM|MEM[12][26]         ; 0                 ; 6       ;
;      - DataPath:Inst_DATA_PATH|DATA_MEMORY:Inst_MEM|MEM[45][26]         ; 0                 ; 6       ;
;      - DataPath:Inst_DATA_PATH|DATA_MEMORY:Inst_MEM|MEM[40][26]         ; 0                 ; 6       ;
;      - DataPath:Inst_DATA_PATH|DATA_MEMORY:Inst_MEM|MEM[9][26]          ; 0                 ; 6       ;
;      - DataPath:Inst_DATA_PATH|DATA_MEMORY:Inst_MEM|MEM[8][26]          ; 0                 ; 6       ;
;      - DataPath:Inst_DATA_PATH|DATA_MEMORY:Inst_MEM|MEM[41][26]         ; 0                 ; 6       ;
;      - DataPath:Inst_DATA_PATH|DATA_MEMORY:Inst_MEM|MEM[46][26]         ; 0                 ; 6       ;
;      - DataPath:Inst_DATA_PATH|DATA_MEMORY:Inst_MEM|MEM[15][26]         ; 0                 ; 6       ;
;      - DataPath:Inst_DATA_PATH|DATA_MEMORY:Inst_MEM|MEM[14][26]         ; 0                 ; 6       ;
;      - DataPath:Inst_DATA_PATH|DATA_MEMORY:Inst_MEM|MEM[47][26]         ; 0                 ; 6       ;
;      - DataPath:Inst_DATA_PATH|DATA_MEMORY:Inst_MEM|MEM[36][26]         ; 0                 ; 6       ;
;      - DataPath:Inst_DATA_PATH|DATA_MEMORY:Inst_MEM|MEM[6][26]          ; 0                 ; 6       ;
;      - DataPath:Inst_DATA_PATH|DATA_MEMORY:Inst_MEM|MEM[4][26]          ; 0                 ; 6       ;
;      - DataPath:Inst_DATA_PATH|DATA_MEMORY:Inst_MEM|MEM[38][26]         ; 0                 ; 6       ;
;      - DataPath:Inst_DATA_PATH|DATA_MEMORY:Inst_MEM|MEM[33][26]         ; 0                 ; 6       ;
;      - DataPath:Inst_DATA_PATH|DATA_MEMORY:Inst_MEM|MEM[3][26]          ; 0                 ; 6       ;
;      - DataPath:Inst_DATA_PATH|DATA_MEMORY:Inst_MEM|MEM[1][26]          ; 0                 ; 6       ;
;      - DataPath:Inst_DATA_PATH|DATA_MEMORY:Inst_MEM|MEM[35][26]         ; 0                 ; 6       ;
;      - DataPath:Inst_DATA_PATH|DATA_MEMORY:Inst_MEM|MEM[32][26]         ; 0                 ; 6       ;
;      - DataPath:Inst_DATA_PATH|DATA_MEMORY:Inst_MEM|MEM[2][26]          ; 0                 ; 6       ;
;      - DataPath:Inst_DATA_PATH|DATA_MEMORY:Inst_MEM|MEM[0][26]          ; 0                 ; 6       ;
;      - DataPath:Inst_DATA_PATH|DATA_MEMORY:Inst_MEM|MEM[34][26]         ; 0                 ; 6       ;
;      - DataPath:Inst_DATA_PATH|DATA_MEMORY:Inst_MEM|MEM[37][26]         ; 0                 ; 6       ;
;      - DataPath:Inst_DATA_PATH|DATA_MEMORY:Inst_MEM|MEM[7][26]          ; 0                 ; 6       ;
;      - DataPath:Inst_DATA_PATH|DATA_MEMORY:Inst_MEM|MEM[5][26]          ; 0                 ; 6       ;
;      - DataPath:Inst_DATA_PATH|DATA_MEMORY:Inst_MEM|MEM[39][26]         ; 0                 ; 6       ;
;      - DataPath:Inst_DATA_PATH|DATA_MEMORY:Inst_MEM|MEM[60][26]         ; 0                 ; 6       ;
;      - DataPath:Inst_DATA_PATH|DATA_MEMORY:Inst_MEM|MEM[30][26]         ; 0                 ; 6       ;
;      - DataPath:Inst_DATA_PATH|DATA_MEMORY:Inst_MEM|MEM[28][26]         ; 0                 ; 6       ;
;      - DataPath:Inst_DATA_PATH|DATA_MEMORY:Inst_MEM|MEM[62][26]         ; 0                 ; 6       ;
;      - DataPath:Inst_DATA_PATH|DATA_MEMORY:Inst_MEM|MEM[57][26]         ; 0                 ; 6       ;
;      - DataPath:Inst_DATA_PATH|DATA_MEMORY:Inst_MEM|MEM[27][26]         ; 0                 ; 6       ;
;      - DataPath:Inst_DATA_PATH|DATA_MEMORY:Inst_MEM|MEM[25][26]         ; 0                 ; 6       ;
;      - DataPath:Inst_DATA_PATH|DATA_MEMORY:Inst_MEM|MEM[59][26]         ; 0                 ; 6       ;
;      - DataPath:Inst_DATA_PATH|DATA_MEMORY:Inst_MEM|MEM[56][26]         ; 0                 ; 6       ;
;      - DataPath:Inst_DATA_PATH|DATA_MEMORY:Inst_MEM|MEM[26][26]         ; 0                 ; 6       ;
;      - DataPath:Inst_DATA_PATH|DATA_MEMORY:Inst_MEM|MEM[24][26]         ; 0                 ; 6       ;
;      - DataPath:Inst_DATA_PATH|DATA_MEMORY:Inst_MEM|MEM[58][26]         ; 0                 ; 6       ;
;      - DataPath:Inst_DATA_PATH|DATA_MEMORY:Inst_MEM|MEM[61][26]         ; 0                 ; 6       ;
;      - DataPath:Inst_DATA_PATH|DATA_MEMORY:Inst_MEM|MEM[31][26]         ; 0                 ; 6       ;
;      - DataPath:Inst_DATA_PATH|DATA_MEMORY:Inst_MEM|MEM[29][26]         ; 0                 ; 6       ;
;      - DataPath:Inst_DATA_PATH|DATA_MEMORY:Inst_MEM|MEM[63][26]         ; 0                 ; 6       ;
;      - DataPath:Inst_DATA_PATH|DATA_MEMORY:Inst_MEM|MEM[26][25]         ; 0                 ; 6       ;
;      - DataPath:Inst_DATA_PATH|DATA_MEMORY:Inst_MEM|MEM[14][25]         ; 0                 ; 6       ;
;      - DataPath:Inst_DATA_PATH|DATA_MEMORY:Inst_MEM|MEM[10][25]         ; 0                 ; 6       ;
;      - DataPath:Inst_DATA_PATH|DATA_MEMORY:Inst_MEM|MEM[30][25]         ; 0                 ; 6       ;
;      - DataPath:Inst_DATA_PATH|DATA_MEMORY:Inst_MEM|MEM[25][25]         ; 0                 ; 6       ;
;      - DataPath:Inst_DATA_PATH|DATA_MEMORY:Inst_MEM|MEM[13][25]         ; 0                 ; 6       ;
;      - DataPath:Inst_DATA_PATH|DATA_MEMORY:Inst_MEM|MEM[9][25]          ; 0                 ; 6       ;
;      - DataPath:Inst_DATA_PATH|DATA_MEMORY:Inst_MEM|MEM[29][25]         ; 0                 ; 6       ;
;      - DataPath:Inst_DATA_PATH|DATA_MEMORY:Inst_MEM|MEM[24][25]         ; 0                 ; 6       ;
;      - DataPath:Inst_DATA_PATH|DATA_MEMORY:Inst_MEM|MEM[12][25]         ; 0                 ; 6       ;
;      - DataPath:Inst_DATA_PATH|DATA_MEMORY:Inst_MEM|MEM[8][25]          ; 0                 ; 6       ;
;      - DataPath:Inst_DATA_PATH|DATA_MEMORY:Inst_MEM|MEM[28][25]         ; 0                 ; 6       ;
;      - DataPath:Inst_DATA_PATH|DATA_MEMORY:Inst_MEM|MEM[27][25]         ; 0                 ; 6       ;
;      - DataPath:Inst_DATA_PATH|DATA_MEMORY:Inst_MEM|MEM[15][25]         ; 0                 ; 6       ;
;      - DataPath:Inst_DATA_PATH|DATA_MEMORY:Inst_MEM|MEM[11][25]         ; 0                 ; 6       ;
;      - DataPath:Inst_DATA_PATH|DATA_MEMORY:Inst_MEM|MEM[31][25]         ; 0                 ; 6       ;
;      - DataPath:Inst_DATA_PATH|DATA_MEMORY:Inst_MEM|MEM[49][25]         ; 0                 ; 6       ;
;      - DataPath:Inst_DATA_PATH|DATA_MEMORY:Inst_MEM|MEM[35][25]         ; 0                 ; 6       ;
;      - DataPath:Inst_DATA_PATH|DATA_MEMORY:Inst_MEM|MEM[33][25]         ; 0                 ; 6       ;
;      - DataPath:Inst_DATA_PATH|DATA_MEMORY:Inst_MEM|MEM[51][25]         ; 0                 ; 6       ;
;      - DataPath:Inst_DATA_PATH|DATA_MEMORY:Inst_MEM|MEM[52][25]         ; 0                 ; 6       ;
;      - DataPath:Inst_DATA_PATH|DATA_MEMORY:Inst_MEM|MEM[38][25]         ; 0                 ; 6       ;
;      - DataPath:Inst_DATA_PATH|DATA_MEMORY:Inst_MEM|MEM[36][25]         ; 0                 ; 6       ;
;      - DataPath:Inst_DATA_PATH|DATA_MEMORY:Inst_MEM|MEM[54][25]         ; 0                 ; 6       ;
;      - DataPath:Inst_DATA_PATH|DATA_MEMORY:Inst_MEM|MEM[48][25]         ; 0                 ; 6       ;
;      - DataPath:Inst_DATA_PATH|DATA_MEMORY:Inst_MEM|MEM[34][25]         ; 0                 ; 6       ;
;      - DataPath:Inst_DATA_PATH|DATA_MEMORY:Inst_MEM|MEM[32][25]         ; 0                 ; 6       ;
;      - DataPath:Inst_DATA_PATH|DATA_MEMORY:Inst_MEM|MEM[50][25]         ; 0                 ; 6       ;
;      - DataPath:Inst_DATA_PATH|DATA_MEMORY:Inst_MEM|MEM[53][25]         ; 0                 ; 6       ;
;      - DataPath:Inst_DATA_PATH|DATA_MEMORY:Inst_MEM|MEM[39][25]         ; 0                 ; 6       ;
;      - DataPath:Inst_DATA_PATH|DATA_MEMORY:Inst_MEM|MEM[37][25]         ; 0                 ; 6       ;
;      - DataPath:Inst_DATA_PATH|DATA_MEMORY:Inst_MEM|MEM[55][25]         ; 0                 ; 6       ;
;      - DataPath:Inst_DATA_PATH|DATA_MEMORY:Inst_MEM|MEM[18][25]         ; 0                 ; 6       ;
;      - DataPath:Inst_DATA_PATH|DATA_MEMORY:Inst_MEM|MEM[3][25]          ; 0                 ; 6       ;
;      - DataPath:Inst_DATA_PATH|DATA_MEMORY:Inst_MEM|MEM[2][25]          ; 0                 ; 6       ;
;      - DataPath:Inst_DATA_PATH|DATA_MEMORY:Inst_MEM|MEM[19][25]         ; 0                 ; 6       ;
;      - DataPath:Inst_DATA_PATH|DATA_MEMORY:Inst_MEM|MEM[20][25]         ; 0                 ; 6       ;
;      - DataPath:Inst_DATA_PATH|DATA_MEMORY:Inst_MEM|MEM[5][25]          ; 0                 ; 6       ;
;      - DataPath:Inst_DATA_PATH|DATA_MEMORY:Inst_MEM|MEM[4][25]          ; 0                 ; 6       ;
;      - DataPath:Inst_DATA_PATH|DATA_MEMORY:Inst_MEM|MEM[21][25]         ; 0                 ; 6       ;
;      - DataPath:Inst_DATA_PATH|DATA_MEMORY:Inst_MEM|MEM[16][25]         ; 0                 ; 6       ;
;      - DataPath:Inst_DATA_PATH|DATA_MEMORY:Inst_MEM|MEM[1][25]          ; 0                 ; 6       ;
;      - DataPath:Inst_DATA_PATH|DATA_MEMORY:Inst_MEM|MEM[0][25]          ; 0                 ; 6       ;
;      - DataPath:Inst_DATA_PATH|DATA_MEMORY:Inst_MEM|MEM[17][25]         ; 0                 ; 6       ;
;      - DataPath:Inst_DATA_PATH|DATA_MEMORY:Inst_MEM|MEM[22][25]         ; 0                 ; 6       ;
;      - DataPath:Inst_DATA_PATH|DATA_MEMORY:Inst_MEM|MEM[7][25]          ; 0                 ; 6       ;
;      - DataPath:Inst_DATA_PATH|DATA_MEMORY:Inst_MEM|MEM[6][25]          ; 0                 ; 6       ;
;      - DataPath:Inst_DATA_PATH|DATA_MEMORY:Inst_MEM|MEM[23][25]         ; 0                 ; 6       ;
;      - DataPath:Inst_DATA_PATH|DATA_MEMORY:Inst_MEM|MEM[58][25]         ; 0                 ; 6       ;
;      - DataPath:Inst_DATA_PATH|DATA_MEMORY:Inst_MEM|MEM[43][25]         ; 0                 ; 6       ;
;      - DataPath:Inst_DATA_PATH|DATA_MEMORY:Inst_MEM|MEM[42][25]         ; 0                 ; 6       ;
;      - DataPath:Inst_DATA_PATH|DATA_MEMORY:Inst_MEM|MEM[59][25]         ; 0                 ; 6       ;
;      - DataPath:Inst_DATA_PATH|DATA_MEMORY:Inst_MEM|MEM[45][25]         ; 0                 ; 6       ;
;      - DataPath:Inst_DATA_PATH|DATA_MEMORY:Inst_MEM|MEM[60][25]         ; 0                 ; 6       ;
;      - DataPath:Inst_DATA_PATH|DATA_MEMORY:Inst_MEM|MEM[44][25]         ; 0                 ; 6       ;
;      - DataPath:Inst_DATA_PATH|DATA_MEMORY:Inst_MEM|MEM[61][25]         ; 0                 ; 6       ;
;      - DataPath:Inst_DATA_PATH|DATA_MEMORY:Inst_MEM|MEM[41][25]         ; 0                 ; 6       ;
;      - DataPath:Inst_DATA_PATH|DATA_MEMORY:Inst_MEM|MEM[56][25]         ; 0                 ; 6       ;
;      - DataPath:Inst_DATA_PATH|DATA_MEMORY:Inst_MEM|MEM[40][25]         ; 0                 ; 6       ;
;      - DataPath:Inst_DATA_PATH|DATA_MEMORY:Inst_MEM|MEM[57][25]         ; 0                 ; 6       ;
;      - DataPath:Inst_DATA_PATH|DATA_MEMORY:Inst_MEM|MEM[47][25]         ; 0                 ; 6       ;
;      - DataPath:Inst_DATA_PATH|DATA_MEMORY:Inst_MEM|MEM[62][25]         ; 0                 ; 6       ;
;      - DataPath:Inst_DATA_PATH|DATA_MEMORY:Inst_MEM|MEM[46][25]         ; 0                 ; 6       ;
;      - DataPath:Inst_DATA_PATH|DATA_MEMORY:Inst_MEM|MEM[63][25]         ; 0                 ; 6       ;
;      - DataPath:Inst_DATA_PATH|DATA_MEMORY:Inst_MEM|MEM[44][24]         ; 0                 ; 6       ;
;      - DataPath:Inst_DATA_PATH|DATA_MEMORY:Inst_MEM|MEM[38][24]         ; 0                 ; 6       ;
;      - DataPath:Inst_DATA_PATH|DATA_MEMORY:Inst_MEM|MEM[36][24]         ; 0                 ; 6       ;
;      - DataPath:Inst_DATA_PATH|DATA_MEMORY:Inst_MEM|MEM[46][24]         ; 0                 ; 6       ;
;      - DataPath:Inst_DATA_PATH|DATA_MEMORY:Inst_MEM|MEM[41][24]         ; 0                 ; 6       ;
;      - DataPath:Inst_DATA_PATH|DATA_MEMORY:Inst_MEM|MEM[35][24]         ; 0                 ; 6       ;
;      - DataPath:Inst_DATA_PATH|DATA_MEMORY:Inst_MEM|MEM[33][24]         ; 0                 ; 6       ;
;      - DataPath:Inst_DATA_PATH|DATA_MEMORY:Inst_MEM|MEM[43][24]         ; 0                 ; 6       ;
;      - DataPath:Inst_DATA_PATH|DATA_MEMORY:Inst_MEM|MEM[40][24]         ; 0                 ; 6       ;
;      - DataPath:Inst_DATA_PATH|DATA_MEMORY:Inst_MEM|MEM[34][24]         ; 0                 ; 6       ;
;      - DataPath:Inst_DATA_PATH|DATA_MEMORY:Inst_MEM|MEM[32][24]         ; 0                 ; 6       ;
;      - DataPath:Inst_DATA_PATH|DATA_MEMORY:Inst_MEM|MEM[42][24]         ; 0                 ; 6       ;
;      - DataPath:Inst_DATA_PATH|DATA_MEMORY:Inst_MEM|MEM[45][24]         ; 0                 ; 6       ;
;      - DataPath:Inst_DATA_PATH|DATA_MEMORY:Inst_MEM|MEM[39][24]         ; 0                 ; 6       ;
;      - DataPath:Inst_DATA_PATH|DATA_MEMORY:Inst_MEM|MEM[37][24]         ; 0                 ; 6       ;
;      - DataPath:Inst_DATA_PATH|DATA_MEMORY:Inst_MEM|MEM[47][24]         ; 0                 ; 6       ;
;      - DataPath:Inst_DATA_PATH|DATA_MEMORY:Inst_MEM|MEM[26][24]         ; 0                 ; 6       ;
;      - DataPath:Inst_DATA_PATH|DATA_MEMORY:Inst_MEM|MEM[19][24]         ; 0                 ; 6       ;
;      - DataPath:Inst_DATA_PATH|DATA_MEMORY:Inst_MEM|MEM[18][24]         ; 0                 ; 6       ;
;      - DataPath:Inst_DATA_PATH|DATA_MEMORY:Inst_MEM|MEM[27][24]         ; 0                 ; 6       ;
;      - DataPath:Inst_DATA_PATH|DATA_MEMORY:Inst_MEM|MEM[28][24]         ; 0                 ; 6       ;
;      - DataPath:Inst_DATA_PATH|DATA_MEMORY:Inst_MEM|MEM[21][24]         ; 0                 ; 6       ;
;      - DataPath:Inst_DATA_PATH|DATA_MEMORY:Inst_MEM|MEM[20][24]         ; 0                 ; 6       ;
;      - DataPath:Inst_DATA_PATH|DATA_MEMORY:Inst_MEM|MEM[29][24]         ; 0                 ; 6       ;
;      - DataPath:Inst_DATA_PATH|DATA_MEMORY:Inst_MEM|MEM[24][24]         ; 0                 ; 6       ;
;      - DataPath:Inst_DATA_PATH|DATA_MEMORY:Inst_MEM|MEM[17][24]         ; 0                 ; 6       ;
;      - DataPath:Inst_DATA_PATH|DATA_MEMORY:Inst_MEM|MEM[16][24]         ; 0                 ; 6       ;
;      - DataPath:Inst_DATA_PATH|DATA_MEMORY:Inst_MEM|MEM[25][24]         ; 0                 ; 6       ;
;      - DataPath:Inst_DATA_PATH|DATA_MEMORY:Inst_MEM|MEM[30][24]         ; 0                 ; 6       ;
;      - DataPath:Inst_DATA_PATH|DATA_MEMORY:Inst_MEM|MEM[23][24]         ; 0                 ; 6       ;
;      - DataPath:Inst_DATA_PATH|DATA_MEMORY:Inst_MEM|MEM[22][24]         ; 0                 ; 6       ;
;      - DataPath:Inst_DATA_PATH|DATA_MEMORY:Inst_MEM|MEM[31][24]         ; 0                 ; 6       ;
;      - DataPath:Inst_DATA_PATH|DATA_MEMORY:Inst_MEM|MEM[9][24]          ; 0                 ; 6       ;
;      - DataPath:Inst_DATA_PATH|DATA_MEMORY:Inst_MEM|MEM[5][24]          ; 0                 ; 6       ;
;      - DataPath:Inst_DATA_PATH|DATA_MEMORY:Inst_MEM|MEM[1][24]          ; 0                 ; 6       ;
;      - DataPath:Inst_DATA_PATH|DATA_MEMORY:Inst_MEM|MEM[13][24]         ; 0                 ; 6       ;
;      - DataPath:Inst_DATA_PATH|DATA_MEMORY:Inst_MEM|MEM[10][24]         ; 0                 ; 6       ;
;      - DataPath:Inst_DATA_PATH|DATA_MEMORY:Inst_MEM|MEM[6][24]          ; 0                 ; 6       ;
;      - DataPath:Inst_DATA_PATH|DATA_MEMORY:Inst_MEM|MEM[2][24]          ; 0                 ; 6       ;
;      - DataPath:Inst_DATA_PATH|DATA_MEMORY:Inst_MEM|MEM[14][24]         ; 0                 ; 6       ;
;      - DataPath:Inst_DATA_PATH|DATA_MEMORY:Inst_MEM|MEM[8][24]          ; 0                 ; 6       ;
;      - DataPath:Inst_DATA_PATH|DATA_MEMORY:Inst_MEM|MEM[4][24]          ; 0                 ; 6       ;
;      - DataPath:Inst_DATA_PATH|DATA_MEMORY:Inst_MEM|MEM[0][24]          ; 0                 ; 6       ;
;      - DataPath:Inst_DATA_PATH|DATA_MEMORY:Inst_MEM|MEM[12][24]         ; 0                 ; 6       ;
;      - DataPath:Inst_DATA_PATH|DATA_MEMORY:Inst_MEM|MEM[11][24]         ; 0                 ; 6       ;
;      - DataPath:Inst_DATA_PATH|DATA_MEMORY:Inst_MEM|MEM[7][24]          ; 0                 ; 6       ;
;      - DataPath:Inst_DATA_PATH|DATA_MEMORY:Inst_MEM|MEM[3][24]          ; 0                 ; 6       ;
;      - DataPath:Inst_DATA_PATH|DATA_MEMORY:Inst_MEM|MEM[15][24]         ; 0                 ; 6       ;
;      - DataPath:Inst_DATA_PATH|DATA_MEMORY:Inst_MEM|MEM[57][24]         ; 0                 ; 6       ;
;      - DataPath:Inst_DATA_PATH|DATA_MEMORY:Inst_MEM|MEM[53][24]         ; 0                 ; 6       ;
;      - DataPath:Inst_DATA_PATH|DATA_MEMORY:Inst_MEM|MEM[49][24]         ; 0                 ; 6       ;
;      - DataPath:Inst_DATA_PATH|DATA_MEMORY:Inst_MEM|MEM[61][24]         ; 0                 ; 6       ;
;      - DataPath:Inst_DATA_PATH|DATA_MEMORY:Inst_MEM|MEM[54][24]         ; 0                 ; 6       ;
;      - DataPath:Inst_DATA_PATH|DATA_MEMORY:Inst_MEM|MEM[58][24]         ; 0                 ; 6       ;
;      - DataPath:Inst_DATA_PATH|DATA_MEMORY:Inst_MEM|MEM[50][24]         ; 0                 ; 6       ;
;      - DataPath:Inst_DATA_PATH|DATA_MEMORY:Inst_MEM|MEM[62][24]         ; 0                 ; 6       ;
;      - DataPath:Inst_DATA_PATH|DATA_MEMORY:Inst_MEM|MEM[52][24]         ; 0                 ; 6       ;
;      - DataPath:Inst_DATA_PATH|DATA_MEMORY:Inst_MEM|MEM[56][24]         ; 0                 ; 6       ;
;      - DataPath:Inst_DATA_PATH|DATA_MEMORY:Inst_MEM|MEM[48][24]         ; 0                 ; 6       ;
;      - DataPath:Inst_DATA_PATH|DATA_MEMORY:Inst_MEM|MEM[60][24]         ; 0                 ; 6       ;
;      - DataPath:Inst_DATA_PATH|DATA_MEMORY:Inst_MEM|MEM[59][24]         ; 0                 ; 6       ;
;      - DataPath:Inst_DATA_PATH|DATA_MEMORY:Inst_MEM|MEM[55][24]         ; 0                 ; 6       ;
;      - DataPath:Inst_DATA_PATH|DATA_MEMORY:Inst_MEM|MEM[51][24]         ; 0                 ; 6       ;
;      - DataPath:Inst_DATA_PATH|DATA_MEMORY:Inst_MEM|MEM[63][24]         ; 0                 ; 6       ;
;      - DataPath:Inst_DATA_PATH|DATA_MEMORY:Inst_MEM|MEM[50][23]         ; 0                 ; 6       ;
;      - DataPath:Inst_DATA_PATH|DATA_MEMORY:Inst_MEM|MEM[22][23]         ; 0                 ; 6       ;
;      - DataPath:Inst_DATA_PATH|DATA_MEMORY:Inst_MEM|MEM[18][23]         ; 0                 ; 6       ;
;      - DataPath:Inst_DATA_PATH|DATA_MEMORY:Inst_MEM|MEM[54][23]         ; 0                 ; 6       ;
;      - DataPath:Inst_DATA_PATH|DATA_MEMORY:Inst_MEM|MEM[49][23]         ; 0                 ; 6       ;
;      - DataPath:Inst_DATA_PATH|DATA_MEMORY:Inst_MEM|MEM[21][23]         ; 0                 ; 6       ;
;      - DataPath:Inst_DATA_PATH|DATA_MEMORY:Inst_MEM|MEM[17][23]         ; 0                 ; 6       ;
;      - DataPath:Inst_DATA_PATH|DATA_MEMORY:Inst_MEM|MEM[53][23]         ; 0                 ; 6       ;
;      - DataPath:Inst_DATA_PATH|DATA_MEMORY:Inst_MEM|MEM[48][23]         ; 0                 ; 6       ;
;      - DataPath:Inst_DATA_PATH|DATA_MEMORY:Inst_MEM|MEM[20][23]         ; 0                 ; 6       ;
;      - DataPath:Inst_DATA_PATH|DATA_MEMORY:Inst_MEM|MEM[16][23]         ; 0                 ; 6       ;
;      - DataPath:Inst_DATA_PATH|DATA_MEMORY:Inst_MEM|MEM[52][23]         ; 0                 ; 6       ;
;      - DataPath:Inst_DATA_PATH|DATA_MEMORY:Inst_MEM|MEM[51][23]         ; 0                 ; 6       ;
;      - DataPath:Inst_DATA_PATH|DATA_MEMORY:Inst_MEM|MEM[23][23]         ; 0                 ; 6       ;
;      - DataPath:Inst_DATA_PATH|DATA_MEMORY:Inst_MEM|MEM[19][23]         ; 0                 ; 6       ;
;      - DataPath:Inst_DATA_PATH|DATA_MEMORY:Inst_MEM|MEM[55][23]         ; 0                 ; 6       ;
;      - DataPath:Inst_DATA_PATH|DATA_MEMORY:Inst_MEM|MEM[42][23]         ; 0                 ; 6       ;
;      - DataPath:Inst_DATA_PATH|DATA_MEMORY:Inst_MEM|MEM[11][23]         ; 0                 ; 6       ;
;      - DataPath:Inst_DATA_PATH|DATA_MEMORY:Inst_MEM|MEM[10][23]         ; 0                 ; 6       ;
;      - DataPath:Inst_DATA_PATH|DATA_MEMORY:Inst_MEM|MEM[43][23]         ; 0                 ; 6       ;
;      - DataPath:Inst_DATA_PATH|DATA_MEMORY:Inst_MEM|MEM[44][23]         ; 0                 ; 6       ;
;      - DataPath:Inst_DATA_PATH|DATA_MEMORY:Inst_MEM|MEM[13][23]         ; 0                 ; 6       ;
;      - DataPath:Inst_DATA_PATH|DATA_MEMORY:Inst_MEM|MEM[12][23]         ; 0                 ; 6       ;
;      - DataPath:Inst_DATA_PATH|DATA_MEMORY:Inst_MEM|MEM[45][23]         ; 0                 ; 6       ;
;      - DataPath:Inst_DATA_PATH|DATA_MEMORY:Inst_MEM|MEM[40][23]         ; 0                 ; 6       ;
;      - DataPath:Inst_DATA_PATH|DATA_MEMORY:Inst_MEM|MEM[9][23]          ; 0                 ; 6       ;
;      - DataPath:Inst_DATA_PATH|DATA_MEMORY:Inst_MEM|MEM[8][23]          ; 0                 ; 6       ;
;      - DataPath:Inst_DATA_PATH|DATA_MEMORY:Inst_MEM|MEM[41][23]         ; 0                 ; 6       ;
;      - DataPath:Inst_DATA_PATH|DATA_MEMORY:Inst_MEM|MEM[46][23]         ; 0                 ; 6       ;
;      - DataPath:Inst_DATA_PATH|DATA_MEMORY:Inst_MEM|MEM[15][23]         ; 0                 ; 6       ;
;      - DataPath:Inst_DATA_PATH|DATA_MEMORY:Inst_MEM|MEM[14][23]         ; 0                 ; 6       ;
;      - DataPath:Inst_DATA_PATH|DATA_MEMORY:Inst_MEM|MEM[47][23]         ; 0                 ; 6       ;
;      - DataPath:Inst_DATA_PATH|DATA_MEMORY:Inst_MEM|MEM[36][23]         ; 0                 ; 6       ;
;      - DataPath:Inst_DATA_PATH|DATA_MEMORY:Inst_MEM|MEM[6][23]          ; 0                 ; 6       ;
;      - DataPath:Inst_DATA_PATH|DATA_MEMORY:Inst_MEM|MEM[4][23]          ; 0                 ; 6       ;
;      - DataPath:Inst_DATA_PATH|DATA_MEMORY:Inst_MEM|MEM[38][23]         ; 0                 ; 6       ;
;      - DataPath:Inst_DATA_PATH|DATA_MEMORY:Inst_MEM|MEM[33][23]         ; 0                 ; 6       ;
;      - DataPath:Inst_DATA_PATH|DATA_MEMORY:Inst_MEM|MEM[3][23]          ; 0                 ; 6       ;
;      - DataPath:Inst_DATA_PATH|DATA_MEMORY:Inst_MEM|MEM[1][23]          ; 0                 ; 6       ;
;      - DataPath:Inst_DATA_PATH|DATA_MEMORY:Inst_MEM|MEM[35][23]         ; 0                 ; 6       ;
;      - DataPath:Inst_DATA_PATH|DATA_MEMORY:Inst_MEM|MEM[32][23]         ; 0                 ; 6       ;
;      - DataPath:Inst_DATA_PATH|DATA_MEMORY:Inst_MEM|MEM[2][23]          ; 0                 ; 6       ;
;      - DataPath:Inst_DATA_PATH|DATA_MEMORY:Inst_MEM|MEM[0][23]          ; 0                 ; 6       ;
;      - DataPath:Inst_DATA_PATH|DATA_MEMORY:Inst_MEM|MEM[34][23]         ; 0                 ; 6       ;
;      - DataPath:Inst_DATA_PATH|DATA_MEMORY:Inst_MEM|MEM[37][23]         ; 0                 ; 6       ;
;      - DataPath:Inst_DATA_PATH|DATA_MEMORY:Inst_MEM|MEM[7][23]          ; 0                 ; 6       ;
;      - DataPath:Inst_DATA_PATH|DATA_MEMORY:Inst_MEM|MEM[5][23]          ; 0                 ; 6       ;
;      - DataPath:Inst_DATA_PATH|DATA_MEMORY:Inst_MEM|MEM[39][23]         ; 0                 ; 6       ;
;      - DataPath:Inst_DATA_PATH|DATA_MEMORY:Inst_MEM|MEM[60][23]         ; 0                 ; 6       ;
;      - DataPath:Inst_DATA_PATH|DATA_MEMORY:Inst_MEM|MEM[30][23]         ; 0                 ; 6       ;
;      - DataPath:Inst_DATA_PATH|DATA_MEMORY:Inst_MEM|MEM[28][23]         ; 0                 ; 6       ;
;      - DataPath:Inst_DATA_PATH|DATA_MEMORY:Inst_MEM|MEM[62][23]         ; 0                 ; 6       ;
;      - DataPath:Inst_DATA_PATH|DATA_MEMORY:Inst_MEM|MEM[57][23]         ; 0                 ; 6       ;
;      - DataPath:Inst_DATA_PATH|DATA_MEMORY:Inst_MEM|MEM[27][23]         ; 0                 ; 6       ;
;      - DataPath:Inst_DATA_PATH|DATA_MEMORY:Inst_MEM|MEM[25][23]         ; 0                 ; 6       ;
;      - DataPath:Inst_DATA_PATH|DATA_MEMORY:Inst_MEM|MEM[59][23]         ; 0                 ; 6       ;
;      - DataPath:Inst_DATA_PATH|DATA_MEMORY:Inst_MEM|MEM[56][23]         ; 0                 ; 6       ;
;      - DataPath:Inst_DATA_PATH|DATA_MEMORY:Inst_MEM|MEM[26][23]         ; 0                 ; 6       ;
;      - DataPath:Inst_DATA_PATH|DATA_MEMORY:Inst_MEM|MEM[24][23]         ; 0                 ; 6       ;
;      - DataPath:Inst_DATA_PATH|DATA_MEMORY:Inst_MEM|MEM[58][23]         ; 0                 ; 6       ;
;      - DataPath:Inst_DATA_PATH|DATA_MEMORY:Inst_MEM|MEM[61][23]         ; 0                 ; 6       ;
;      - DataPath:Inst_DATA_PATH|DATA_MEMORY:Inst_MEM|MEM[31][23]         ; 0                 ; 6       ;
;      - DataPath:Inst_DATA_PATH|DATA_MEMORY:Inst_MEM|MEM[29][23]         ; 0                 ; 6       ;
;      - DataPath:Inst_DATA_PATH|DATA_MEMORY:Inst_MEM|MEM[63][23]         ; 0                 ; 6       ;
;      - DataPath:Inst_DATA_PATH|DATA_MEMORY:Inst_MEM|MEM[25][22]         ; 0                 ; 6       ;
;      - DataPath:Inst_DATA_PATH|DATA_MEMORY:Inst_MEM|MEM[13][22]         ; 0                 ; 6       ;
;      - DataPath:Inst_DATA_PATH|DATA_MEMORY:Inst_MEM|MEM[9][22]          ; 0                 ; 6       ;
;      - DataPath:Inst_DATA_PATH|DATA_MEMORY:Inst_MEM|MEM[29][22]         ; 0                 ; 6       ;
;      - DataPath:Inst_DATA_PATH|DATA_MEMORY:Inst_MEM|MEM[26][22]         ; 0                 ; 6       ;
;      - DataPath:Inst_DATA_PATH|DATA_MEMORY:Inst_MEM|MEM[14][22]         ; 0                 ; 6       ;
;      - DataPath:Inst_DATA_PATH|DATA_MEMORY:Inst_MEM|MEM[10][22]         ; 0                 ; 6       ;
;      - DataPath:Inst_DATA_PATH|DATA_MEMORY:Inst_MEM|MEM[30][22]         ; 0                 ; 6       ;
;      - DataPath:Inst_DATA_PATH|DATA_MEMORY:Inst_MEM|MEM[24][22]         ; 0                 ; 6       ;
;      - DataPath:Inst_DATA_PATH|DATA_MEMORY:Inst_MEM|MEM[12][22]         ; 0                 ; 6       ;
;      - DataPath:Inst_DATA_PATH|DATA_MEMORY:Inst_MEM|MEM[8][22]          ; 0                 ; 6       ;
;      - DataPath:Inst_DATA_PATH|DATA_MEMORY:Inst_MEM|MEM[28][22]         ; 0                 ; 6       ;
;      - DataPath:Inst_DATA_PATH|DATA_MEMORY:Inst_MEM|MEM[27][22]         ; 0                 ; 6       ;
;      - DataPath:Inst_DATA_PATH|DATA_MEMORY:Inst_MEM|MEM[15][22]         ; 0                 ; 6       ;
;      - DataPath:Inst_DATA_PATH|DATA_MEMORY:Inst_MEM|MEM[11][22]         ; 0                 ; 6       ;
;      - DataPath:Inst_DATA_PATH|DATA_MEMORY:Inst_MEM|MEM[31][22]         ; 0                 ; 6       ;
;      - DataPath:Inst_DATA_PATH|DATA_MEMORY:Inst_MEM|MEM[52][22]         ; 0                 ; 6       ;
;      - DataPath:Inst_DATA_PATH|DATA_MEMORY:Inst_MEM|MEM[38][22]         ; 0                 ; 6       ;
;      - DataPath:Inst_DATA_PATH|DATA_MEMORY:Inst_MEM|MEM[36][22]         ; 0                 ; 6       ;
;      - DataPath:Inst_DATA_PATH|DATA_MEMORY:Inst_MEM|MEM[54][22]         ; 0                 ; 6       ;
;      - DataPath:Inst_DATA_PATH|DATA_MEMORY:Inst_MEM|MEM[49][22]         ; 0                 ; 6       ;
;      - DataPath:Inst_DATA_PATH|DATA_MEMORY:Inst_MEM|MEM[35][22]         ; 0                 ; 6       ;
;      - DataPath:Inst_DATA_PATH|DATA_MEMORY:Inst_MEM|MEM[33][22]         ; 0                 ; 6       ;
;      - DataPath:Inst_DATA_PATH|DATA_MEMORY:Inst_MEM|MEM[51][22]         ; 0                 ; 6       ;
;      - DataPath:Inst_DATA_PATH|DATA_MEMORY:Inst_MEM|MEM[48][22]         ; 0                 ; 6       ;
;      - DataPath:Inst_DATA_PATH|DATA_MEMORY:Inst_MEM|MEM[34][22]         ; 0                 ; 6       ;
;      - DataPath:Inst_DATA_PATH|DATA_MEMORY:Inst_MEM|MEM[32][22]         ; 0                 ; 6       ;
;      - DataPath:Inst_DATA_PATH|DATA_MEMORY:Inst_MEM|MEM[50][22]         ; 0                 ; 6       ;
;      - DataPath:Inst_DATA_PATH|DATA_MEMORY:Inst_MEM|MEM[53][22]         ; 0                 ; 6       ;
;      - DataPath:Inst_DATA_PATH|DATA_MEMORY:Inst_MEM|MEM[39][22]         ; 0                 ; 6       ;
;      - DataPath:Inst_DATA_PATH|DATA_MEMORY:Inst_MEM|MEM[37][22]         ; 0                 ; 6       ;
;      - DataPath:Inst_DATA_PATH|DATA_MEMORY:Inst_MEM|MEM[55][22]         ; 0                 ; 6       ;
;      - DataPath:Inst_DATA_PATH|DATA_MEMORY:Inst_MEM|MEM[18][22]         ; 0                 ; 6       ;
;      - DataPath:Inst_DATA_PATH|DATA_MEMORY:Inst_MEM|MEM[3][22]          ; 0                 ; 6       ;
;      - DataPath:Inst_DATA_PATH|DATA_MEMORY:Inst_MEM|MEM[2][22]          ; 0                 ; 6       ;
;      - DataPath:Inst_DATA_PATH|DATA_MEMORY:Inst_MEM|MEM[19][22]         ; 0                 ; 6       ;
;      - DataPath:Inst_DATA_PATH|DATA_MEMORY:Inst_MEM|MEM[20][22]         ; 0                 ; 6       ;
;      - DataPath:Inst_DATA_PATH|DATA_MEMORY:Inst_MEM|MEM[5][22]          ; 0                 ; 6       ;
;      - DataPath:Inst_DATA_PATH|DATA_MEMORY:Inst_MEM|MEM[4][22]          ; 0                 ; 6       ;
;      - DataPath:Inst_DATA_PATH|DATA_MEMORY:Inst_MEM|MEM[21][22]         ; 0                 ; 6       ;
;      - DataPath:Inst_DATA_PATH|DATA_MEMORY:Inst_MEM|MEM[16][22]         ; 0                 ; 6       ;
;      - DataPath:Inst_DATA_PATH|DATA_MEMORY:Inst_MEM|MEM[1][22]          ; 0                 ; 6       ;
;      - DataPath:Inst_DATA_PATH|DATA_MEMORY:Inst_MEM|MEM[0][22]          ; 0                 ; 6       ;
;      - DataPath:Inst_DATA_PATH|DATA_MEMORY:Inst_MEM|MEM[17][22]         ; 0                 ; 6       ;
;      - DataPath:Inst_DATA_PATH|DATA_MEMORY:Inst_MEM|MEM[22][22]         ; 0                 ; 6       ;
;      - DataPath:Inst_DATA_PATH|DATA_MEMORY:Inst_MEM|MEM[7][22]          ; 0                 ; 6       ;
;      - DataPath:Inst_DATA_PATH|DATA_MEMORY:Inst_MEM|MEM[6][22]          ; 0                 ; 6       ;
;      - DataPath:Inst_DATA_PATH|DATA_MEMORY:Inst_MEM|MEM[23][22]         ; 0                 ; 6       ;
;      - DataPath:Inst_DATA_PATH|DATA_MEMORY:Inst_MEM|MEM[43][22]         ; 0                 ; 6       ;
;      - DataPath:Inst_DATA_PATH|DATA_MEMORY:Inst_MEM|MEM[58][22]         ; 0                 ; 6       ;
;      - DataPath:Inst_DATA_PATH|DATA_MEMORY:Inst_MEM|MEM[42][22]         ; 0                 ; 6       ;
;      - DataPath:Inst_DATA_PATH|DATA_MEMORY:Inst_MEM|MEM[59][22]         ; 0                 ; 6       ;
;      - DataPath:Inst_DATA_PATH|DATA_MEMORY:Inst_MEM|MEM[60][22]         ; 0                 ; 6       ;
;      - DataPath:Inst_DATA_PATH|DATA_MEMORY:Inst_MEM|MEM[45][22]         ; 0                 ; 6       ;
;      - DataPath:Inst_DATA_PATH|DATA_MEMORY:Inst_MEM|MEM[44][22]         ; 0                 ; 6       ;
;      - DataPath:Inst_DATA_PATH|DATA_MEMORY:Inst_MEM|MEM[61][22]         ; 0                 ; 6       ;
;      - DataPath:Inst_DATA_PATH|DATA_MEMORY:Inst_MEM|MEM[41][22]         ; 0                 ; 6       ;
;      - DataPath:Inst_DATA_PATH|DATA_MEMORY:Inst_MEM|MEM[56][22]         ; 0                 ; 6       ;
;      - DataPath:Inst_DATA_PATH|DATA_MEMORY:Inst_MEM|MEM[40][22]         ; 0                 ; 6       ;
;      - DataPath:Inst_DATA_PATH|DATA_MEMORY:Inst_MEM|MEM[57][22]         ; 0                 ; 6       ;
;      - DataPath:Inst_DATA_PATH|DATA_MEMORY:Inst_MEM|MEM[62][22]         ; 0                 ; 6       ;
;      - DataPath:Inst_DATA_PATH|DATA_MEMORY:Inst_MEM|MEM[47][22]         ; 0                 ; 6       ;
;      - DataPath:Inst_DATA_PATH|DATA_MEMORY:Inst_MEM|MEM[46][22]         ; 0                 ; 6       ;
;      - DataPath:Inst_DATA_PATH|DATA_MEMORY:Inst_MEM|MEM[63][22]         ; 0                 ; 6       ;
;      - DataPath:Inst_DATA_PATH|DATA_MEMORY:Inst_MEM|MEM[44][21]         ; 0                 ; 6       ;
;      - DataPath:Inst_DATA_PATH|DATA_MEMORY:Inst_MEM|MEM[38][21]         ; 0                 ; 6       ;
;      - DataPath:Inst_DATA_PATH|DATA_MEMORY:Inst_MEM|MEM[36][21]         ; 0                 ; 6       ;
;      - DataPath:Inst_DATA_PATH|DATA_MEMORY:Inst_MEM|MEM[46][21]         ; 0                 ; 6       ;
;      - DataPath:Inst_DATA_PATH|DATA_MEMORY:Inst_MEM|MEM[41][21]         ; 0                 ; 6       ;
;      - DataPath:Inst_DATA_PATH|DATA_MEMORY:Inst_MEM|MEM[35][21]         ; 0                 ; 6       ;
;      - DataPath:Inst_DATA_PATH|DATA_MEMORY:Inst_MEM|MEM[33][21]         ; 0                 ; 6       ;
;      - DataPath:Inst_DATA_PATH|DATA_MEMORY:Inst_MEM|MEM[43][21]         ; 0                 ; 6       ;
;      - DataPath:Inst_DATA_PATH|DATA_MEMORY:Inst_MEM|MEM[40][21]         ; 0                 ; 6       ;
;      - DataPath:Inst_DATA_PATH|DATA_MEMORY:Inst_MEM|MEM[34][21]         ; 0                 ; 6       ;
;      - DataPath:Inst_DATA_PATH|DATA_MEMORY:Inst_MEM|MEM[32][21]         ; 0                 ; 6       ;
;      - DataPath:Inst_DATA_PATH|DATA_MEMORY:Inst_MEM|MEM[42][21]         ; 0                 ; 6       ;
;      - DataPath:Inst_DATA_PATH|DATA_MEMORY:Inst_MEM|MEM[45][21]         ; 0                 ; 6       ;
;      - DataPath:Inst_DATA_PATH|DATA_MEMORY:Inst_MEM|MEM[39][21]         ; 0                 ; 6       ;
;      - DataPath:Inst_DATA_PATH|DATA_MEMORY:Inst_MEM|MEM[37][21]         ; 0                 ; 6       ;
;      - DataPath:Inst_DATA_PATH|DATA_MEMORY:Inst_MEM|MEM[47][21]         ; 0                 ; 6       ;
;      - DataPath:Inst_DATA_PATH|DATA_MEMORY:Inst_MEM|MEM[26][21]         ; 0                 ; 6       ;
;      - DataPath:Inst_DATA_PATH|DATA_MEMORY:Inst_MEM|MEM[19][21]         ; 0                 ; 6       ;
;      - DataPath:Inst_DATA_PATH|DATA_MEMORY:Inst_MEM|MEM[18][21]         ; 0                 ; 6       ;
;      - DataPath:Inst_DATA_PATH|DATA_MEMORY:Inst_MEM|MEM[27][21]         ; 0                 ; 6       ;
;      - DataPath:Inst_DATA_PATH|DATA_MEMORY:Inst_MEM|MEM[28][21]         ; 0                 ; 6       ;
;      - DataPath:Inst_DATA_PATH|DATA_MEMORY:Inst_MEM|MEM[21][21]         ; 0                 ; 6       ;
;      - DataPath:Inst_DATA_PATH|DATA_MEMORY:Inst_MEM|MEM[20][21]         ; 0                 ; 6       ;
;      - DataPath:Inst_DATA_PATH|DATA_MEMORY:Inst_MEM|MEM[29][21]         ; 0                 ; 6       ;
;      - DataPath:Inst_DATA_PATH|DATA_MEMORY:Inst_MEM|MEM[24][21]         ; 0                 ; 6       ;
;      - DataPath:Inst_DATA_PATH|DATA_MEMORY:Inst_MEM|MEM[17][21]         ; 0                 ; 6       ;
;      - DataPath:Inst_DATA_PATH|DATA_MEMORY:Inst_MEM|MEM[16][21]         ; 0                 ; 6       ;
;      - DataPath:Inst_DATA_PATH|DATA_MEMORY:Inst_MEM|MEM[25][21]         ; 0                 ; 6       ;
;      - DataPath:Inst_DATA_PATH|DATA_MEMORY:Inst_MEM|MEM[30][21]         ; 0                 ; 6       ;
;      - DataPath:Inst_DATA_PATH|DATA_MEMORY:Inst_MEM|MEM[23][21]         ; 0                 ; 6       ;
;      - DataPath:Inst_DATA_PATH|DATA_MEMORY:Inst_MEM|MEM[22][21]         ; 0                 ; 6       ;
;      - DataPath:Inst_DATA_PATH|DATA_MEMORY:Inst_MEM|MEM[31][21]         ; 0                 ; 6       ;
;      - DataPath:Inst_DATA_PATH|DATA_MEMORY:Inst_MEM|MEM[9][21]          ; 0                 ; 6       ;
;      - DataPath:Inst_DATA_PATH|DATA_MEMORY:Inst_MEM|MEM[5][21]          ; 0                 ; 6       ;
;      - DataPath:Inst_DATA_PATH|DATA_MEMORY:Inst_MEM|MEM[1][21]          ; 0                 ; 6       ;
;      - DataPath:Inst_DATA_PATH|DATA_MEMORY:Inst_MEM|MEM[13][21]         ; 0                 ; 6       ;
;      - DataPath:Inst_DATA_PATH|DATA_MEMORY:Inst_MEM|MEM[10][21]         ; 0                 ; 6       ;
;      - DataPath:Inst_DATA_PATH|DATA_MEMORY:Inst_MEM|MEM[6][21]          ; 0                 ; 6       ;
;      - DataPath:Inst_DATA_PATH|DATA_MEMORY:Inst_MEM|MEM[2][21]          ; 0                 ; 6       ;
;      - DataPath:Inst_DATA_PATH|DATA_MEMORY:Inst_MEM|MEM[14][21]         ; 0                 ; 6       ;
;      - DataPath:Inst_DATA_PATH|DATA_MEMORY:Inst_MEM|MEM[8][21]          ; 0                 ; 6       ;
;      - DataPath:Inst_DATA_PATH|DATA_MEMORY:Inst_MEM|MEM[4][21]          ; 0                 ; 6       ;
;      - DataPath:Inst_DATA_PATH|DATA_MEMORY:Inst_MEM|MEM[0][21]          ; 0                 ; 6       ;
;      - DataPath:Inst_DATA_PATH|DATA_MEMORY:Inst_MEM|MEM[12][21]         ; 0                 ; 6       ;
;      - DataPath:Inst_DATA_PATH|DATA_MEMORY:Inst_MEM|MEM[11][21]         ; 0                 ; 6       ;
;      - DataPath:Inst_DATA_PATH|DATA_MEMORY:Inst_MEM|MEM[7][21]          ; 0                 ; 6       ;
;      - DataPath:Inst_DATA_PATH|DATA_MEMORY:Inst_MEM|MEM[3][21]          ; 0                 ; 6       ;
;      - DataPath:Inst_DATA_PATH|DATA_MEMORY:Inst_MEM|MEM[15][21]         ; 0                 ; 6       ;
;      - DataPath:Inst_DATA_PATH|DATA_MEMORY:Inst_MEM|MEM[57][21]         ; 0                 ; 6       ;
;      - DataPath:Inst_DATA_PATH|DATA_MEMORY:Inst_MEM|MEM[53][21]         ; 0                 ; 6       ;
;      - DataPath:Inst_DATA_PATH|DATA_MEMORY:Inst_MEM|MEM[49][21]         ; 0                 ; 6       ;
;      - DataPath:Inst_DATA_PATH|DATA_MEMORY:Inst_MEM|MEM[61][21]         ; 0                 ; 6       ;
;      - DataPath:Inst_DATA_PATH|DATA_MEMORY:Inst_MEM|MEM[54][21]         ; 0                 ; 6       ;
;      - DataPath:Inst_DATA_PATH|DATA_MEMORY:Inst_MEM|MEM[58][21]         ; 0                 ; 6       ;
;      - DataPath:Inst_DATA_PATH|DATA_MEMORY:Inst_MEM|MEM[50][21]         ; 0                 ; 6       ;
;      - DataPath:Inst_DATA_PATH|DATA_MEMORY:Inst_MEM|MEM[62][21]         ; 0                 ; 6       ;
;      - DataPath:Inst_DATA_PATH|DATA_MEMORY:Inst_MEM|MEM[52][21]         ; 0                 ; 6       ;
;      - DataPath:Inst_DATA_PATH|DATA_MEMORY:Inst_MEM|MEM[56][21]         ; 0                 ; 6       ;
;      - DataPath:Inst_DATA_PATH|DATA_MEMORY:Inst_MEM|MEM[48][21]         ; 0                 ; 6       ;
;      - DataPath:Inst_DATA_PATH|DATA_MEMORY:Inst_MEM|MEM[60][21]         ; 0                 ; 6       ;
;      - DataPath:Inst_DATA_PATH|DATA_MEMORY:Inst_MEM|MEM[59][21]         ; 0                 ; 6       ;
;      - DataPath:Inst_DATA_PATH|DATA_MEMORY:Inst_MEM|MEM[55][21]         ; 0                 ; 6       ;
;      - DataPath:Inst_DATA_PATH|DATA_MEMORY:Inst_MEM|MEM[51][21]         ; 0                 ; 6       ;
;      - DataPath:Inst_DATA_PATH|DATA_MEMORY:Inst_MEM|MEM[63][21]         ; 0                 ; 6       ;
;      - DataPath:Inst_DATA_PATH|DATA_MEMORY:Inst_MEM|MEM[50][20]         ; 0                 ; 6       ;
;      - DataPath:Inst_DATA_PATH|DATA_MEMORY:Inst_MEM|MEM[22][20]         ; 0                 ; 6       ;
;      - DataPath:Inst_DATA_PATH|DATA_MEMORY:Inst_MEM|MEM[18][20]         ; 0                 ; 6       ;
;      - DataPath:Inst_DATA_PATH|DATA_MEMORY:Inst_MEM|MEM[54][20]         ; 0                 ; 6       ;
;      - DataPath:Inst_DATA_PATH|DATA_MEMORY:Inst_MEM|MEM[49][20]         ; 0                 ; 6       ;
;      - DataPath:Inst_DATA_PATH|DATA_MEMORY:Inst_MEM|MEM[21][20]         ; 0                 ; 6       ;
;      - DataPath:Inst_DATA_PATH|DATA_MEMORY:Inst_MEM|MEM[17][20]         ; 0                 ; 6       ;
;      - DataPath:Inst_DATA_PATH|DATA_MEMORY:Inst_MEM|MEM[53][20]         ; 0                 ; 6       ;
;      - DataPath:Inst_DATA_PATH|DATA_MEMORY:Inst_MEM|MEM[48][20]         ; 0                 ; 6       ;
;      - DataPath:Inst_DATA_PATH|DATA_MEMORY:Inst_MEM|MEM[20][20]         ; 0                 ; 6       ;
;      - DataPath:Inst_DATA_PATH|DATA_MEMORY:Inst_MEM|MEM[16][20]         ; 0                 ; 6       ;
;      - DataPath:Inst_DATA_PATH|DATA_MEMORY:Inst_MEM|MEM[52][20]         ; 0                 ; 6       ;
;      - DataPath:Inst_DATA_PATH|DATA_MEMORY:Inst_MEM|MEM[51][20]         ; 0                 ; 6       ;
;      - DataPath:Inst_DATA_PATH|DATA_MEMORY:Inst_MEM|MEM[23][20]         ; 0                 ; 6       ;
;      - DataPath:Inst_DATA_PATH|DATA_MEMORY:Inst_MEM|MEM[19][20]         ; 0                 ; 6       ;
;      - DataPath:Inst_DATA_PATH|DATA_MEMORY:Inst_MEM|MEM[55][20]         ; 0                 ; 6       ;
;      - DataPath:Inst_DATA_PATH|DATA_MEMORY:Inst_MEM|MEM[42][20]         ; 0                 ; 6       ;
;      - DataPath:Inst_DATA_PATH|DATA_MEMORY:Inst_MEM|MEM[11][20]         ; 0                 ; 6       ;
;      - DataPath:Inst_DATA_PATH|DATA_MEMORY:Inst_MEM|MEM[10][20]         ; 0                 ; 6       ;
;      - DataPath:Inst_DATA_PATH|DATA_MEMORY:Inst_MEM|MEM[43][20]         ; 0                 ; 6       ;
;      - DataPath:Inst_DATA_PATH|DATA_MEMORY:Inst_MEM|MEM[44][20]         ; 0                 ; 6       ;
;      - DataPath:Inst_DATA_PATH|DATA_MEMORY:Inst_MEM|MEM[13][20]         ; 0                 ; 6       ;
;      - DataPath:Inst_DATA_PATH|DATA_MEMORY:Inst_MEM|MEM[12][20]         ; 0                 ; 6       ;
;      - DataPath:Inst_DATA_PATH|DATA_MEMORY:Inst_MEM|MEM[45][20]         ; 0                 ; 6       ;
;      - DataPath:Inst_DATA_PATH|DATA_MEMORY:Inst_MEM|MEM[40][20]         ; 0                 ; 6       ;
;      - DataPath:Inst_DATA_PATH|DATA_MEMORY:Inst_MEM|MEM[9][20]          ; 0                 ; 6       ;
;      - DataPath:Inst_DATA_PATH|DATA_MEMORY:Inst_MEM|MEM[8][20]          ; 0                 ; 6       ;
;      - DataPath:Inst_DATA_PATH|DATA_MEMORY:Inst_MEM|MEM[41][20]         ; 0                 ; 6       ;
;      - DataPath:Inst_DATA_PATH|DATA_MEMORY:Inst_MEM|MEM[46][20]         ; 0                 ; 6       ;
;      - DataPath:Inst_DATA_PATH|DATA_MEMORY:Inst_MEM|MEM[15][20]         ; 0                 ; 6       ;
;      - DataPath:Inst_DATA_PATH|DATA_MEMORY:Inst_MEM|MEM[14][20]         ; 0                 ; 6       ;
;      - DataPath:Inst_DATA_PATH|DATA_MEMORY:Inst_MEM|MEM[47][20]         ; 0                 ; 6       ;
;      - DataPath:Inst_DATA_PATH|DATA_MEMORY:Inst_MEM|MEM[36][20]         ; 0                 ; 6       ;
;      - DataPath:Inst_DATA_PATH|DATA_MEMORY:Inst_MEM|MEM[6][20]          ; 0                 ; 6       ;
;      - DataPath:Inst_DATA_PATH|DATA_MEMORY:Inst_MEM|MEM[4][20]          ; 0                 ; 6       ;
;      - DataPath:Inst_DATA_PATH|DATA_MEMORY:Inst_MEM|MEM[38][20]         ; 0                 ; 6       ;
;      - DataPath:Inst_DATA_PATH|DATA_MEMORY:Inst_MEM|MEM[33][20]         ; 0                 ; 6       ;
;      - DataPath:Inst_DATA_PATH|DATA_MEMORY:Inst_MEM|MEM[3][20]          ; 0                 ; 6       ;
;      - DataPath:Inst_DATA_PATH|DATA_MEMORY:Inst_MEM|MEM[1][20]          ; 0                 ; 6       ;
;      - DataPath:Inst_DATA_PATH|DATA_MEMORY:Inst_MEM|MEM[35][20]         ; 0                 ; 6       ;
;      - DataPath:Inst_DATA_PATH|DATA_MEMORY:Inst_MEM|MEM[32][20]         ; 0                 ; 6       ;
;      - DataPath:Inst_DATA_PATH|DATA_MEMORY:Inst_MEM|MEM[2][20]          ; 0                 ; 6       ;
;      - DataPath:Inst_DATA_PATH|DATA_MEMORY:Inst_MEM|MEM[0][20]          ; 0                 ; 6       ;
;      - DataPath:Inst_DATA_PATH|DATA_MEMORY:Inst_MEM|MEM[34][20]         ; 0                 ; 6       ;
;      - DataPath:Inst_DATA_PATH|DATA_MEMORY:Inst_MEM|MEM[37][20]         ; 0                 ; 6       ;
;      - DataPath:Inst_DATA_PATH|DATA_MEMORY:Inst_MEM|MEM[7][20]          ; 0                 ; 6       ;
;      - DataPath:Inst_DATA_PATH|DATA_MEMORY:Inst_MEM|MEM[5][20]          ; 0                 ; 6       ;
;      - DataPath:Inst_DATA_PATH|DATA_MEMORY:Inst_MEM|MEM[39][20]         ; 0                 ; 6       ;
;      - DataPath:Inst_DATA_PATH|DATA_MEMORY:Inst_MEM|MEM[60][20]         ; 0                 ; 6       ;
;      - DataPath:Inst_DATA_PATH|DATA_MEMORY:Inst_MEM|MEM[30][20]         ; 0                 ; 6       ;
;      - DataPath:Inst_DATA_PATH|DATA_MEMORY:Inst_MEM|MEM[28][20]         ; 0                 ; 6       ;
;      - DataPath:Inst_DATA_PATH|DATA_MEMORY:Inst_MEM|MEM[62][20]         ; 0                 ; 6       ;
;      - DataPath:Inst_DATA_PATH|DATA_MEMORY:Inst_MEM|MEM[57][20]         ; 0                 ; 6       ;
;      - DataPath:Inst_DATA_PATH|DATA_MEMORY:Inst_MEM|MEM[27][20]         ; 0                 ; 6       ;
;      - DataPath:Inst_DATA_PATH|DATA_MEMORY:Inst_MEM|MEM[25][20]         ; 0                 ; 6       ;
;      - DataPath:Inst_DATA_PATH|DATA_MEMORY:Inst_MEM|MEM[59][20]         ; 0                 ; 6       ;
;      - DataPath:Inst_DATA_PATH|DATA_MEMORY:Inst_MEM|MEM[56][20]         ; 0                 ; 6       ;
;      - DataPath:Inst_DATA_PATH|DATA_MEMORY:Inst_MEM|MEM[26][20]         ; 0                 ; 6       ;
;      - DataPath:Inst_DATA_PATH|DATA_MEMORY:Inst_MEM|MEM[24][20]         ; 0                 ; 6       ;
;      - DataPath:Inst_DATA_PATH|DATA_MEMORY:Inst_MEM|MEM[58][20]         ; 0                 ; 6       ;
;      - DataPath:Inst_DATA_PATH|DATA_MEMORY:Inst_MEM|MEM[61][20]         ; 0                 ; 6       ;
;      - DataPath:Inst_DATA_PATH|DATA_MEMORY:Inst_MEM|MEM[31][20]         ; 0                 ; 6       ;
;      - DataPath:Inst_DATA_PATH|DATA_MEMORY:Inst_MEM|MEM[29][20]         ; 0                 ; 6       ;
;      - DataPath:Inst_DATA_PATH|DATA_MEMORY:Inst_MEM|MEM[63][20]         ; 0                 ; 6       ;
;      - DataPath:Inst_DATA_PATH|DATA_MEMORY:Inst_MEM|MEM[25][19]         ; 0                 ; 6       ;
;      - DataPath:Inst_DATA_PATH|DATA_MEMORY:Inst_MEM|MEM[13][19]         ; 0                 ; 6       ;
;      - DataPath:Inst_DATA_PATH|DATA_MEMORY:Inst_MEM|MEM[9][19]          ; 0                 ; 6       ;
;      - DataPath:Inst_DATA_PATH|DATA_MEMORY:Inst_MEM|MEM[29][19]         ; 0                 ; 6       ;
;      - DataPath:Inst_DATA_PATH|DATA_MEMORY:Inst_MEM|MEM[26][19]         ; 0                 ; 6       ;
;      - DataPath:Inst_DATA_PATH|DATA_MEMORY:Inst_MEM|MEM[14][19]         ; 0                 ; 6       ;
;      - DataPath:Inst_DATA_PATH|DATA_MEMORY:Inst_MEM|MEM[10][19]         ; 0                 ; 6       ;
;      - DataPath:Inst_DATA_PATH|DATA_MEMORY:Inst_MEM|MEM[30][19]         ; 0                 ; 6       ;
;      - DataPath:Inst_DATA_PATH|DATA_MEMORY:Inst_MEM|MEM[24][19]         ; 0                 ; 6       ;
;      - DataPath:Inst_DATA_PATH|DATA_MEMORY:Inst_MEM|MEM[12][19]         ; 0                 ; 6       ;
;      - DataPath:Inst_DATA_PATH|DATA_MEMORY:Inst_MEM|MEM[8][19]          ; 0                 ; 6       ;
;      - DataPath:Inst_DATA_PATH|DATA_MEMORY:Inst_MEM|MEM[28][19]         ; 0                 ; 6       ;
;      - DataPath:Inst_DATA_PATH|DATA_MEMORY:Inst_MEM|MEM[27][19]         ; 0                 ; 6       ;
;      - DataPath:Inst_DATA_PATH|DATA_MEMORY:Inst_MEM|MEM[15][19]         ; 0                 ; 6       ;
;      - DataPath:Inst_DATA_PATH|DATA_MEMORY:Inst_MEM|MEM[11][19]         ; 0                 ; 6       ;
;      - DataPath:Inst_DATA_PATH|DATA_MEMORY:Inst_MEM|MEM[31][19]         ; 0                 ; 6       ;
;      - DataPath:Inst_DATA_PATH|DATA_MEMORY:Inst_MEM|MEM[49][19]         ; 0                 ; 6       ;
;      - DataPath:Inst_DATA_PATH|DATA_MEMORY:Inst_MEM|MEM[35][19]         ; 0                 ; 6       ;
;      - DataPath:Inst_DATA_PATH|DATA_MEMORY:Inst_MEM|MEM[33][19]         ; 0                 ; 6       ;
;      - DataPath:Inst_DATA_PATH|DATA_MEMORY:Inst_MEM|MEM[51][19]         ; 0                 ; 6       ;
;      - DataPath:Inst_DATA_PATH|DATA_MEMORY:Inst_MEM|MEM[52][19]         ; 0                 ; 6       ;
;      - DataPath:Inst_DATA_PATH|DATA_MEMORY:Inst_MEM|MEM[38][19]         ; 0                 ; 6       ;
;      - DataPath:Inst_DATA_PATH|DATA_MEMORY:Inst_MEM|MEM[36][19]         ; 0                 ; 6       ;
;      - DataPath:Inst_DATA_PATH|DATA_MEMORY:Inst_MEM|MEM[54][19]         ; 0                 ; 6       ;
;      - DataPath:Inst_DATA_PATH|DATA_MEMORY:Inst_MEM|MEM[48][19]         ; 0                 ; 6       ;
;      - DataPath:Inst_DATA_PATH|DATA_MEMORY:Inst_MEM|MEM[34][19]         ; 0                 ; 6       ;
;      - DataPath:Inst_DATA_PATH|DATA_MEMORY:Inst_MEM|MEM[32][19]         ; 0                 ; 6       ;
;      - DataPath:Inst_DATA_PATH|DATA_MEMORY:Inst_MEM|MEM[50][19]         ; 0                 ; 6       ;
;      - DataPath:Inst_DATA_PATH|DATA_MEMORY:Inst_MEM|MEM[53][19]         ; 0                 ; 6       ;
;      - DataPath:Inst_DATA_PATH|DATA_MEMORY:Inst_MEM|MEM[39][19]         ; 0                 ; 6       ;
;      - DataPath:Inst_DATA_PATH|DATA_MEMORY:Inst_MEM|MEM[37][19]         ; 0                 ; 6       ;
;      - DataPath:Inst_DATA_PATH|DATA_MEMORY:Inst_MEM|MEM[55][19]         ; 0                 ; 6       ;
;      - DataPath:Inst_DATA_PATH|DATA_MEMORY:Inst_MEM|MEM[18][19]         ; 0                 ; 6       ;
;      - DataPath:Inst_DATA_PATH|DATA_MEMORY:Inst_MEM|MEM[3][19]          ; 0                 ; 6       ;
;      - DataPath:Inst_DATA_PATH|DATA_MEMORY:Inst_MEM|MEM[2][19]          ; 0                 ; 6       ;
;      - DataPath:Inst_DATA_PATH|DATA_MEMORY:Inst_MEM|MEM[19][19]         ; 0                 ; 6       ;
;      - DataPath:Inst_DATA_PATH|DATA_MEMORY:Inst_MEM|MEM[20][19]         ; 0                 ; 6       ;
;      - DataPath:Inst_DATA_PATH|DATA_MEMORY:Inst_MEM|MEM[5][19]          ; 0                 ; 6       ;
;      - DataPath:Inst_DATA_PATH|DATA_MEMORY:Inst_MEM|MEM[4][19]          ; 0                 ; 6       ;
;      - DataPath:Inst_DATA_PATH|DATA_MEMORY:Inst_MEM|MEM[21][19]         ; 0                 ; 6       ;
;      - DataPath:Inst_DATA_PATH|DATA_MEMORY:Inst_MEM|MEM[16][19]         ; 0                 ; 6       ;
;      - DataPath:Inst_DATA_PATH|DATA_MEMORY:Inst_MEM|MEM[1][19]          ; 0                 ; 6       ;
;      - DataPath:Inst_DATA_PATH|DATA_MEMORY:Inst_MEM|MEM[0][19]          ; 0                 ; 6       ;
;      - DataPath:Inst_DATA_PATH|DATA_MEMORY:Inst_MEM|MEM[17][19]         ; 0                 ; 6       ;
;      - DataPath:Inst_DATA_PATH|DATA_MEMORY:Inst_MEM|MEM[22][19]         ; 0                 ; 6       ;
;      - DataPath:Inst_DATA_PATH|DATA_MEMORY:Inst_MEM|MEM[7][19]          ; 0                 ; 6       ;
;      - DataPath:Inst_DATA_PATH|DATA_MEMORY:Inst_MEM|MEM[6][19]          ; 0                 ; 6       ;
;      - DataPath:Inst_DATA_PATH|DATA_MEMORY:Inst_MEM|MEM[23][19]         ; 0                 ; 6       ;
;      - DataPath:Inst_DATA_PATH|DATA_MEMORY:Inst_MEM|MEM[58][19]         ; 0                 ; 6       ;
;      - DataPath:Inst_DATA_PATH|DATA_MEMORY:Inst_MEM|MEM[43][19]         ; 0                 ; 6       ;
;      - DataPath:Inst_DATA_PATH|DATA_MEMORY:Inst_MEM|MEM[42][19]         ; 0                 ; 6       ;
;      - DataPath:Inst_DATA_PATH|DATA_MEMORY:Inst_MEM|MEM[59][19]         ; 0                 ; 6       ;
;      - DataPath:Inst_DATA_PATH|DATA_MEMORY:Inst_MEM|MEM[45][19]         ; 0                 ; 6       ;
;      - DataPath:Inst_DATA_PATH|DATA_MEMORY:Inst_MEM|MEM[60][19]         ; 0                 ; 6       ;
;      - DataPath:Inst_DATA_PATH|DATA_MEMORY:Inst_MEM|MEM[44][19]         ; 0                 ; 6       ;
;      - DataPath:Inst_DATA_PATH|DATA_MEMORY:Inst_MEM|MEM[61][19]         ; 0                 ; 6       ;
;      - DataPath:Inst_DATA_PATH|DATA_MEMORY:Inst_MEM|MEM[56][19]         ; 0                 ; 6       ;
;      - DataPath:Inst_DATA_PATH|DATA_MEMORY:Inst_MEM|MEM[41][19]         ; 0                 ; 6       ;
;      - DataPath:Inst_DATA_PATH|DATA_MEMORY:Inst_MEM|MEM[40][19]         ; 0                 ; 6       ;
;      - DataPath:Inst_DATA_PATH|DATA_MEMORY:Inst_MEM|MEM[57][19]         ; 0                 ; 6       ;
;      - DataPath:Inst_DATA_PATH|DATA_MEMORY:Inst_MEM|MEM[47][19]         ; 0                 ; 6       ;
;      - DataPath:Inst_DATA_PATH|DATA_MEMORY:Inst_MEM|MEM[62][19]         ; 0                 ; 6       ;
;      - DataPath:Inst_DATA_PATH|DATA_MEMORY:Inst_MEM|MEM[46][19]         ; 0                 ; 6       ;
;      - DataPath:Inst_DATA_PATH|DATA_MEMORY:Inst_MEM|MEM[63][19]         ; 0                 ; 6       ;
;      - DataPath:Inst_DATA_PATH|DATA_MEMORY:Inst_MEM|MEM[44][18]         ; 0                 ; 6       ;
;      - DataPath:Inst_DATA_PATH|DATA_MEMORY:Inst_MEM|MEM[38][18]         ; 0                 ; 6       ;
;      - DataPath:Inst_DATA_PATH|DATA_MEMORY:Inst_MEM|MEM[36][18]         ; 0                 ; 6       ;
;      - DataPath:Inst_DATA_PATH|DATA_MEMORY:Inst_MEM|MEM[46][18]         ; 0                 ; 6       ;
;      - DataPath:Inst_DATA_PATH|DATA_MEMORY:Inst_MEM|MEM[41][18]         ; 0                 ; 6       ;
;      - DataPath:Inst_DATA_PATH|DATA_MEMORY:Inst_MEM|MEM[35][18]         ; 0                 ; 6       ;
;      - DataPath:Inst_DATA_PATH|DATA_MEMORY:Inst_MEM|MEM[33][18]         ; 0                 ; 6       ;
;      - DataPath:Inst_DATA_PATH|DATA_MEMORY:Inst_MEM|MEM[43][18]         ; 0                 ; 6       ;
;      - DataPath:Inst_DATA_PATH|DATA_MEMORY:Inst_MEM|MEM[40][18]         ; 0                 ; 6       ;
;      - DataPath:Inst_DATA_PATH|DATA_MEMORY:Inst_MEM|MEM[34][18]         ; 0                 ; 6       ;
;      - DataPath:Inst_DATA_PATH|DATA_MEMORY:Inst_MEM|MEM[32][18]         ; 0                 ; 6       ;
;      - DataPath:Inst_DATA_PATH|DATA_MEMORY:Inst_MEM|MEM[42][18]         ; 0                 ; 6       ;
;      - DataPath:Inst_DATA_PATH|DATA_MEMORY:Inst_MEM|MEM[45][18]         ; 0                 ; 6       ;
;      - DataPath:Inst_DATA_PATH|DATA_MEMORY:Inst_MEM|MEM[39][18]         ; 0                 ; 6       ;
;      - DataPath:Inst_DATA_PATH|DATA_MEMORY:Inst_MEM|MEM[37][18]         ; 0                 ; 6       ;
;      - DataPath:Inst_DATA_PATH|DATA_MEMORY:Inst_MEM|MEM[47][18]         ; 0                 ; 6       ;
;      - DataPath:Inst_DATA_PATH|DATA_MEMORY:Inst_MEM|MEM[26][18]         ; 0                 ; 6       ;
;      - DataPath:Inst_DATA_PATH|DATA_MEMORY:Inst_MEM|MEM[19][18]         ; 0                 ; 6       ;
;      - DataPath:Inst_DATA_PATH|DATA_MEMORY:Inst_MEM|MEM[18][18]         ; 0                 ; 6       ;
;      - DataPath:Inst_DATA_PATH|DATA_MEMORY:Inst_MEM|MEM[27][18]         ; 0                 ; 6       ;
;      - DataPath:Inst_DATA_PATH|DATA_MEMORY:Inst_MEM|MEM[28][18]         ; 0                 ; 6       ;
;      - DataPath:Inst_DATA_PATH|DATA_MEMORY:Inst_MEM|MEM[21][18]         ; 0                 ; 6       ;
;      - DataPath:Inst_DATA_PATH|DATA_MEMORY:Inst_MEM|MEM[20][18]         ; 0                 ; 6       ;
;      - DataPath:Inst_DATA_PATH|DATA_MEMORY:Inst_MEM|MEM[29][18]         ; 0                 ; 6       ;
;      - DataPath:Inst_DATA_PATH|DATA_MEMORY:Inst_MEM|MEM[24][18]         ; 0                 ; 6       ;
;      - DataPath:Inst_DATA_PATH|DATA_MEMORY:Inst_MEM|MEM[17][18]         ; 0                 ; 6       ;
;      - DataPath:Inst_DATA_PATH|DATA_MEMORY:Inst_MEM|MEM[16][18]         ; 0                 ; 6       ;
;      - DataPath:Inst_DATA_PATH|DATA_MEMORY:Inst_MEM|MEM[25][18]         ; 0                 ; 6       ;
;      - DataPath:Inst_DATA_PATH|DATA_MEMORY:Inst_MEM|MEM[30][18]         ; 0                 ; 6       ;
;      - DataPath:Inst_DATA_PATH|DATA_MEMORY:Inst_MEM|MEM[23][18]         ; 0                 ; 6       ;
;      - DataPath:Inst_DATA_PATH|DATA_MEMORY:Inst_MEM|MEM[22][18]         ; 0                 ; 6       ;
;      - DataPath:Inst_DATA_PATH|DATA_MEMORY:Inst_MEM|MEM[31][18]         ; 0                 ; 6       ;
;      - DataPath:Inst_DATA_PATH|DATA_MEMORY:Inst_MEM|MEM[9][18]          ; 0                 ; 6       ;
;      - DataPath:Inst_DATA_PATH|DATA_MEMORY:Inst_MEM|MEM[5][18]          ; 0                 ; 6       ;
;      - DataPath:Inst_DATA_PATH|DATA_MEMORY:Inst_MEM|MEM[1][18]          ; 0                 ; 6       ;
;      - DataPath:Inst_DATA_PATH|DATA_MEMORY:Inst_MEM|MEM[13][18]         ; 0                 ; 6       ;
;      - DataPath:Inst_DATA_PATH|DATA_MEMORY:Inst_MEM|MEM[10][18]         ; 0                 ; 6       ;
;      - DataPath:Inst_DATA_PATH|DATA_MEMORY:Inst_MEM|MEM[6][18]          ; 0                 ; 6       ;
;      - DataPath:Inst_DATA_PATH|DATA_MEMORY:Inst_MEM|MEM[2][18]          ; 0                 ; 6       ;
;      - DataPath:Inst_DATA_PATH|DATA_MEMORY:Inst_MEM|MEM[14][18]         ; 0                 ; 6       ;
;      - DataPath:Inst_DATA_PATH|DATA_MEMORY:Inst_MEM|MEM[8][18]          ; 0                 ; 6       ;
;      - DataPath:Inst_DATA_PATH|DATA_MEMORY:Inst_MEM|MEM[4][18]          ; 0                 ; 6       ;
;      - DataPath:Inst_DATA_PATH|DATA_MEMORY:Inst_MEM|MEM[0][18]          ; 0                 ; 6       ;
;      - DataPath:Inst_DATA_PATH|DATA_MEMORY:Inst_MEM|MEM[12][18]         ; 0                 ; 6       ;
;      - DataPath:Inst_DATA_PATH|DATA_MEMORY:Inst_MEM|MEM[11][18]         ; 0                 ; 6       ;
;      - DataPath:Inst_DATA_PATH|DATA_MEMORY:Inst_MEM|MEM[7][18]          ; 0                 ; 6       ;
;      - DataPath:Inst_DATA_PATH|DATA_MEMORY:Inst_MEM|MEM[3][18]          ; 0                 ; 6       ;
;      - DataPath:Inst_DATA_PATH|DATA_MEMORY:Inst_MEM|MEM[15][18]         ; 0                 ; 6       ;
;      - DataPath:Inst_DATA_PATH|DATA_MEMORY:Inst_MEM|MEM[53][18]         ; 0                 ; 6       ;
;      - DataPath:Inst_DATA_PATH|DATA_MEMORY:Inst_MEM|MEM[57][18]         ; 0                 ; 6       ;
;      - DataPath:Inst_DATA_PATH|DATA_MEMORY:Inst_MEM|MEM[49][18]         ; 0                 ; 6       ;
;      - DataPath:Inst_DATA_PATH|DATA_MEMORY:Inst_MEM|MEM[61][18]         ; 0                 ; 6       ;
;      - DataPath:Inst_DATA_PATH|DATA_MEMORY:Inst_MEM|MEM[58][18]         ; 0                 ; 6       ;
;      - DataPath:Inst_DATA_PATH|DATA_MEMORY:Inst_MEM|MEM[54][18]         ; 0                 ; 6       ;
;      - DataPath:Inst_DATA_PATH|DATA_MEMORY:Inst_MEM|MEM[50][18]         ; 0                 ; 6       ;
;      - DataPath:Inst_DATA_PATH|DATA_MEMORY:Inst_MEM|MEM[62][18]         ; 0                 ; 6       ;
;      - DataPath:Inst_DATA_PATH|DATA_MEMORY:Inst_MEM|MEM[56][18]         ; 0                 ; 6       ;
;      - DataPath:Inst_DATA_PATH|DATA_MEMORY:Inst_MEM|MEM[52][18]         ; 0                 ; 6       ;
;      - DataPath:Inst_DATA_PATH|DATA_MEMORY:Inst_MEM|MEM[48][18]         ; 0                 ; 6       ;
;      - DataPath:Inst_DATA_PATH|DATA_MEMORY:Inst_MEM|MEM[60][18]         ; 0                 ; 6       ;
;      - DataPath:Inst_DATA_PATH|DATA_MEMORY:Inst_MEM|MEM[55][18]         ; 0                 ; 6       ;
;      - DataPath:Inst_DATA_PATH|DATA_MEMORY:Inst_MEM|MEM[59][18]         ; 0                 ; 6       ;
;      - DataPath:Inst_DATA_PATH|DATA_MEMORY:Inst_MEM|MEM[51][18]         ; 0                 ; 6       ;
;      - DataPath:Inst_DATA_PATH|DATA_MEMORY:Inst_MEM|MEM[63][18]         ; 0                 ; 6       ;
;      - DataPath:Inst_DATA_PATH|DATA_MEMORY:Inst_MEM|MEM[50][17]         ; 0                 ; 6       ;
;      - DataPath:Inst_DATA_PATH|DATA_MEMORY:Inst_MEM|MEM[22][17]         ; 0                 ; 6       ;
;      - DataPath:Inst_DATA_PATH|DATA_MEMORY:Inst_MEM|MEM[18][17]         ; 0                 ; 6       ;
;      - DataPath:Inst_DATA_PATH|DATA_MEMORY:Inst_MEM|MEM[54][17]         ; 0                 ; 6       ;
;      - DataPath:Inst_DATA_PATH|DATA_MEMORY:Inst_MEM|MEM[49][17]         ; 0                 ; 6       ;
;      - DataPath:Inst_DATA_PATH|DATA_MEMORY:Inst_MEM|MEM[21][17]         ; 0                 ; 6       ;
;      - DataPath:Inst_DATA_PATH|DATA_MEMORY:Inst_MEM|MEM[17][17]         ; 0                 ; 6       ;
;      - DataPath:Inst_DATA_PATH|DATA_MEMORY:Inst_MEM|MEM[53][17]         ; 0                 ; 6       ;
;      - DataPath:Inst_DATA_PATH|DATA_MEMORY:Inst_MEM|MEM[48][17]         ; 0                 ; 6       ;
;      - DataPath:Inst_DATA_PATH|DATA_MEMORY:Inst_MEM|MEM[20][17]         ; 0                 ; 6       ;
;      - DataPath:Inst_DATA_PATH|DATA_MEMORY:Inst_MEM|MEM[16][17]         ; 0                 ; 6       ;
;      - DataPath:Inst_DATA_PATH|DATA_MEMORY:Inst_MEM|MEM[52][17]         ; 0                 ; 6       ;
;      - DataPath:Inst_DATA_PATH|DATA_MEMORY:Inst_MEM|MEM[51][17]         ; 0                 ; 6       ;
;      - DataPath:Inst_DATA_PATH|DATA_MEMORY:Inst_MEM|MEM[23][17]         ; 0                 ; 6       ;
;      - DataPath:Inst_DATA_PATH|DATA_MEMORY:Inst_MEM|MEM[19][17]         ; 0                 ; 6       ;
;      - DataPath:Inst_DATA_PATH|DATA_MEMORY:Inst_MEM|MEM[55][17]         ; 0                 ; 6       ;
;      - DataPath:Inst_DATA_PATH|DATA_MEMORY:Inst_MEM|MEM[42][17]         ; 0                 ; 6       ;
;      - DataPath:Inst_DATA_PATH|DATA_MEMORY:Inst_MEM|MEM[11][17]         ; 0                 ; 6       ;
;      - DataPath:Inst_DATA_PATH|DATA_MEMORY:Inst_MEM|MEM[10][17]         ; 0                 ; 6       ;
;      - DataPath:Inst_DATA_PATH|DATA_MEMORY:Inst_MEM|MEM[43][17]         ; 0                 ; 6       ;
;      - DataPath:Inst_DATA_PATH|DATA_MEMORY:Inst_MEM|MEM[44][17]         ; 0                 ; 6       ;
;      - DataPath:Inst_DATA_PATH|DATA_MEMORY:Inst_MEM|MEM[13][17]         ; 0                 ; 6       ;
;      - DataPath:Inst_DATA_PATH|DATA_MEMORY:Inst_MEM|MEM[12][17]         ; 0                 ; 6       ;
;      - DataPath:Inst_DATA_PATH|DATA_MEMORY:Inst_MEM|MEM[45][17]         ; 0                 ; 6       ;
;      - DataPath:Inst_DATA_PATH|DATA_MEMORY:Inst_MEM|MEM[40][17]         ; 0                 ; 6       ;
;      - DataPath:Inst_DATA_PATH|DATA_MEMORY:Inst_MEM|MEM[9][17]          ; 0                 ; 6       ;
;      - DataPath:Inst_DATA_PATH|DATA_MEMORY:Inst_MEM|MEM[8][17]          ; 0                 ; 6       ;
;      - DataPath:Inst_DATA_PATH|DATA_MEMORY:Inst_MEM|MEM[41][17]         ; 0                 ; 6       ;
;      - DataPath:Inst_DATA_PATH|DATA_MEMORY:Inst_MEM|MEM[46][17]         ; 0                 ; 6       ;
;      - DataPath:Inst_DATA_PATH|DATA_MEMORY:Inst_MEM|MEM[15][17]         ; 0                 ; 6       ;
;      - DataPath:Inst_DATA_PATH|DATA_MEMORY:Inst_MEM|MEM[14][17]         ; 0                 ; 6       ;
;      - DataPath:Inst_DATA_PATH|DATA_MEMORY:Inst_MEM|MEM[47][17]         ; 0                 ; 6       ;
;      - DataPath:Inst_DATA_PATH|DATA_MEMORY:Inst_MEM|MEM[36][17]         ; 0                 ; 6       ;
;      - DataPath:Inst_DATA_PATH|DATA_MEMORY:Inst_MEM|MEM[6][17]          ; 0                 ; 6       ;
;      - DataPath:Inst_DATA_PATH|DATA_MEMORY:Inst_MEM|MEM[4][17]          ; 0                 ; 6       ;
;      - DataPath:Inst_DATA_PATH|DATA_MEMORY:Inst_MEM|MEM[38][17]         ; 0                 ; 6       ;
;      - DataPath:Inst_DATA_PATH|DATA_MEMORY:Inst_MEM|MEM[33][17]         ; 0                 ; 6       ;
;      - DataPath:Inst_DATA_PATH|DATA_MEMORY:Inst_MEM|MEM[3][17]          ; 0                 ; 6       ;
;      - DataPath:Inst_DATA_PATH|DATA_MEMORY:Inst_MEM|MEM[1][17]          ; 0                 ; 6       ;
;      - DataPath:Inst_DATA_PATH|DATA_MEMORY:Inst_MEM|MEM[35][17]         ; 0                 ; 6       ;
;      - DataPath:Inst_DATA_PATH|DATA_MEMORY:Inst_MEM|MEM[32][17]         ; 0                 ; 6       ;
;      - DataPath:Inst_DATA_PATH|DATA_MEMORY:Inst_MEM|MEM[2][17]          ; 0                 ; 6       ;
;      - DataPath:Inst_DATA_PATH|DATA_MEMORY:Inst_MEM|MEM[0][17]          ; 0                 ; 6       ;
;      - DataPath:Inst_DATA_PATH|DATA_MEMORY:Inst_MEM|MEM[34][17]         ; 0                 ; 6       ;
;      - DataPath:Inst_DATA_PATH|DATA_MEMORY:Inst_MEM|MEM[37][17]         ; 0                 ; 6       ;
;      - DataPath:Inst_DATA_PATH|DATA_MEMORY:Inst_MEM|MEM[7][17]          ; 0                 ; 6       ;
;      - DataPath:Inst_DATA_PATH|DATA_MEMORY:Inst_MEM|MEM[5][17]          ; 0                 ; 6       ;
;      - DataPath:Inst_DATA_PATH|DATA_MEMORY:Inst_MEM|MEM[39][17]         ; 0                 ; 6       ;
;      - DataPath:Inst_DATA_PATH|DATA_MEMORY:Inst_MEM|MEM[60][17]         ; 0                 ; 6       ;
;      - DataPath:Inst_DATA_PATH|DATA_MEMORY:Inst_MEM|MEM[30][17]         ; 0                 ; 6       ;
;      - DataPath:Inst_DATA_PATH|DATA_MEMORY:Inst_MEM|MEM[28][17]         ; 0                 ; 6       ;
;      - DataPath:Inst_DATA_PATH|DATA_MEMORY:Inst_MEM|MEM[62][17]         ; 0                 ; 6       ;
;      - DataPath:Inst_DATA_PATH|DATA_MEMORY:Inst_MEM|MEM[57][17]         ; 0                 ; 6       ;
;      - DataPath:Inst_DATA_PATH|DATA_MEMORY:Inst_MEM|MEM[27][17]         ; 0                 ; 6       ;
;      - DataPath:Inst_DATA_PATH|DATA_MEMORY:Inst_MEM|MEM[25][17]         ; 0                 ; 6       ;
;      - DataPath:Inst_DATA_PATH|DATA_MEMORY:Inst_MEM|MEM[59][17]         ; 0                 ; 6       ;
;      - DataPath:Inst_DATA_PATH|DATA_MEMORY:Inst_MEM|MEM[56][17]         ; 0                 ; 6       ;
;      - DataPath:Inst_DATA_PATH|DATA_MEMORY:Inst_MEM|MEM[26][17]         ; 0                 ; 6       ;
;      - DataPath:Inst_DATA_PATH|DATA_MEMORY:Inst_MEM|MEM[24][17]         ; 0                 ; 6       ;
;      - DataPath:Inst_DATA_PATH|DATA_MEMORY:Inst_MEM|MEM[58][17]         ; 0                 ; 6       ;
;      - DataPath:Inst_DATA_PATH|DATA_MEMORY:Inst_MEM|MEM[61][17]         ; 0                 ; 6       ;
;      - DataPath:Inst_DATA_PATH|DATA_MEMORY:Inst_MEM|MEM[31][17]         ; 0                 ; 6       ;
;      - DataPath:Inst_DATA_PATH|DATA_MEMORY:Inst_MEM|MEM[29][17]         ; 0                 ; 6       ;
;      - DataPath:Inst_DATA_PATH|DATA_MEMORY:Inst_MEM|MEM[63][17]         ; 0                 ; 6       ;
;      - DataPath:Inst_DATA_PATH|DATA_MEMORY:Inst_MEM|MEM[25][16]         ; 0                 ; 6       ;
;      - DataPath:Inst_DATA_PATH|DATA_MEMORY:Inst_MEM|MEM[13][16]         ; 0                 ; 6       ;
;      - DataPath:Inst_DATA_PATH|DATA_MEMORY:Inst_MEM|MEM[9][16]          ; 0                 ; 6       ;
;      - DataPath:Inst_DATA_PATH|DATA_MEMORY:Inst_MEM|MEM[29][16]         ; 0                 ; 6       ;
;      - DataPath:Inst_DATA_PATH|DATA_MEMORY:Inst_MEM|MEM[26][16]         ; 0                 ; 6       ;
;      - DataPath:Inst_DATA_PATH|DATA_MEMORY:Inst_MEM|MEM[14][16]         ; 0                 ; 6       ;
;      - DataPath:Inst_DATA_PATH|DATA_MEMORY:Inst_MEM|MEM[10][16]         ; 0                 ; 6       ;
;      - DataPath:Inst_DATA_PATH|DATA_MEMORY:Inst_MEM|MEM[30][16]         ; 0                 ; 6       ;
;      - DataPath:Inst_DATA_PATH|DATA_MEMORY:Inst_MEM|MEM[24][16]         ; 0                 ; 6       ;
;      - DataPath:Inst_DATA_PATH|DATA_MEMORY:Inst_MEM|MEM[12][16]         ; 0                 ; 6       ;
;      - DataPath:Inst_DATA_PATH|DATA_MEMORY:Inst_MEM|MEM[8][16]          ; 0                 ; 6       ;
;      - DataPath:Inst_DATA_PATH|DATA_MEMORY:Inst_MEM|MEM[28][16]         ; 0                 ; 6       ;
;      - DataPath:Inst_DATA_PATH|DATA_MEMORY:Inst_MEM|MEM[27][16]         ; 0                 ; 6       ;
;      - DataPath:Inst_DATA_PATH|DATA_MEMORY:Inst_MEM|MEM[15][16]         ; 0                 ; 6       ;
;      - DataPath:Inst_DATA_PATH|DATA_MEMORY:Inst_MEM|MEM[11][16]         ; 0                 ; 6       ;
;      - DataPath:Inst_DATA_PATH|DATA_MEMORY:Inst_MEM|MEM[31][16]         ; 0                 ; 6       ;
;      - DataPath:Inst_DATA_PATH|DATA_MEMORY:Inst_MEM|MEM[52][16]         ; 0                 ; 6       ;
;      - DataPath:Inst_DATA_PATH|DATA_MEMORY:Inst_MEM|MEM[38][16]         ; 0                 ; 6       ;
;      - DataPath:Inst_DATA_PATH|DATA_MEMORY:Inst_MEM|MEM[36][16]         ; 0                 ; 6       ;
;      - DataPath:Inst_DATA_PATH|DATA_MEMORY:Inst_MEM|MEM[54][16]         ; 0                 ; 6       ;
;      - DataPath:Inst_DATA_PATH|DATA_MEMORY:Inst_MEM|MEM[49][16]         ; 0                 ; 6       ;
;      - DataPath:Inst_DATA_PATH|DATA_MEMORY:Inst_MEM|MEM[35][16]         ; 0                 ; 6       ;
;      - DataPath:Inst_DATA_PATH|DATA_MEMORY:Inst_MEM|MEM[33][16]         ; 0                 ; 6       ;
;      - DataPath:Inst_DATA_PATH|DATA_MEMORY:Inst_MEM|MEM[51][16]         ; 0                 ; 6       ;
;      - DataPath:Inst_DATA_PATH|DATA_MEMORY:Inst_MEM|MEM[48][16]         ; 0                 ; 6       ;
;      - DataPath:Inst_DATA_PATH|DATA_MEMORY:Inst_MEM|MEM[34][16]         ; 0                 ; 6       ;
;      - DataPath:Inst_DATA_PATH|DATA_MEMORY:Inst_MEM|MEM[32][16]         ; 0                 ; 6       ;
;      - DataPath:Inst_DATA_PATH|DATA_MEMORY:Inst_MEM|MEM[50][16]         ; 0                 ; 6       ;
;      - DataPath:Inst_DATA_PATH|DATA_MEMORY:Inst_MEM|MEM[53][16]         ; 0                 ; 6       ;
;      - DataPath:Inst_DATA_PATH|DATA_MEMORY:Inst_MEM|MEM[39][16]         ; 0                 ; 6       ;
;      - DataPath:Inst_DATA_PATH|DATA_MEMORY:Inst_MEM|MEM[37][16]         ; 0                 ; 6       ;
;      - DataPath:Inst_DATA_PATH|DATA_MEMORY:Inst_MEM|MEM[55][16]         ; 0                 ; 6       ;
;      - DataPath:Inst_DATA_PATH|DATA_MEMORY:Inst_MEM|MEM[18][16]         ; 0                 ; 6       ;
;      - DataPath:Inst_DATA_PATH|DATA_MEMORY:Inst_MEM|MEM[3][16]          ; 0                 ; 6       ;
;      - DataPath:Inst_DATA_PATH|DATA_MEMORY:Inst_MEM|MEM[2][16]          ; 0                 ; 6       ;
;      - DataPath:Inst_DATA_PATH|DATA_MEMORY:Inst_MEM|MEM[19][16]         ; 0                 ; 6       ;
;      - DataPath:Inst_DATA_PATH|DATA_MEMORY:Inst_MEM|MEM[20][16]         ; 0                 ; 6       ;
;      - DataPath:Inst_DATA_PATH|DATA_MEMORY:Inst_MEM|MEM[5][16]          ; 0                 ; 6       ;
;      - DataPath:Inst_DATA_PATH|DATA_MEMORY:Inst_MEM|MEM[4][16]          ; 0                 ; 6       ;
;      - DataPath:Inst_DATA_PATH|DATA_MEMORY:Inst_MEM|MEM[21][16]         ; 0                 ; 6       ;
;      - DataPath:Inst_DATA_PATH|DATA_MEMORY:Inst_MEM|MEM[16][16]         ; 0                 ; 6       ;
;      - DataPath:Inst_DATA_PATH|DATA_MEMORY:Inst_MEM|MEM[1][16]          ; 0                 ; 6       ;
;      - DataPath:Inst_DATA_PATH|DATA_MEMORY:Inst_MEM|MEM[0][16]          ; 0                 ; 6       ;
;      - DataPath:Inst_DATA_PATH|DATA_MEMORY:Inst_MEM|MEM[17][16]         ; 0                 ; 6       ;
;      - DataPath:Inst_DATA_PATH|DATA_MEMORY:Inst_MEM|MEM[22][16]         ; 0                 ; 6       ;
;      - DataPath:Inst_DATA_PATH|DATA_MEMORY:Inst_MEM|MEM[7][16]          ; 0                 ; 6       ;
;      - DataPath:Inst_DATA_PATH|DATA_MEMORY:Inst_MEM|MEM[6][16]          ; 0                 ; 6       ;
;      - DataPath:Inst_DATA_PATH|DATA_MEMORY:Inst_MEM|MEM[23][16]         ; 0                 ; 6       ;
;      - DataPath:Inst_DATA_PATH|DATA_MEMORY:Inst_MEM|MEM[58][16]         ; 0                 ; 6       ;
;      - DataPath:Inst_DATA_PATH|DATA_MEMORY:Inst_MEM|MEM[43][16]         ; 0                 ; 6       ;
;      - DataPath:Inst_DATA_PATH|DATA_MEMORY:Inst_MEM|MEM[42][16]         ; 0                 ; 6       ;
;      - DataPath:Inst_DATA_PATH|DATA_MEMORY:Inst_MEM|MEM[59][16]         ; 0                 ; 6       ;
;      - DataPath:Inst_DATA_PATH|DATA_MEMORY:Inst_MEM|MEM[60][16]         ; 0                 ; 6       ;
;      - DataPath:Inst_DATA_PATH|DATA_MEMORY:Inst_MEM|MEM[45][16]         ; 0                 ; 6       ;
;      - DataPath:Inst_DATA_PATH|DATA_MEMORY:Inst_MEM|MEM[44][16]         ; 0                 ; 6       ;
;      - DataPath:Inst_DATA_PATH|DATA_MEMORY:Inst_MEM|MEM[61][16]         ; 0                 ; 6       ;
;      - DataPath:Inst_DATA_PATH|DATA_MEMORY:Inst_MEM|MEM[56][16]         ; 0                 ; 6       ;
;      - DataPath:Inst_DATA_PATH|DATA_MEMORY:Inst_MEM|MEM[41][16]         ; 0                 ; 6       ;
;      - DataPath:Inst_DATA_PATH|DATA_MEMORY:Inst_MEM|MEM[40][16]         ; 0                 ; 6       ;
;      - DataPath:Inst_DATA_PATH|DATA_MEMORY:Inst_MEM|MEM[57][16]         ; 0                 ; 6       ;
;      - DataPath:Inst_DATA_PATH|DATA_MEMORY:Inst_MEM|MEM[47][16]         ; 0                 ; 6       ;
;      - DataPath:Inst_DATA_PATH|DATA_MEMORY:Inst_MEM|MEM[62][16]         ; 0                 ; 6       ;
;      - DataPath:Inst_DATA_PATH|DATA_MEMORY:Inst_MEM|MEM[46][16]         ; 0                 ; 6       ;
;      - DataPath:Inst_DATA_PATH|DATA_MEMORY:Inst_MEM|MEM[63][16]         ; 0                 ; 6       ;
+-------------------------------------------------------------------------+-------------------+---------+


+----------------------------------------------------------------------------------------------------------------------------------------------------------------------------------------------+
; Control Signals                                                                                                                                                                              ;
+-----------------------------------------------------------------+--------------------+---------+--------------+--------+----------------------+------------------+---------------------------+
; Name                                                            ; Location           ; Fan-Out ; Usage        ; Global ; Global Resource Used ; Global Line Name ; Enable Signal Source Name ;
+-----------------------------------------------------------------+--------------------+---------+--------------+--------+----------------------+------------------+---------------------------+
; CLK                                                             ; PIN_P11            ; 2327    ; Clock        ; yes    ; Global Clock         ; GCLK19           ; --                        ;
; DECODEUR:Inst_DECODEUR|instr_courante.STR~0                     ; LCCOMB_X42_Y28_N2  ; 28      ; Clock enable ; no     ; --                   ; --               ; --                        ;
; DataPath:Inst_DATA_PATH|BANC_REGISTRE:Inst_BANC_REG|Decoder0~32 ; LCCOMB_X43_Y28_N16 ; 32      ; Clock enable ; no     ; --                   ; --               ; --                        ;
; DataPath:Inst_DATA_PATH|BANC_REGISTRE:Inst_BANC_REG|Decoder0~33 ; LCCOMB_X43_Y28_N14 ; 32      ; Clock enable ; no     ; --                   ; --               ; --                        ;
; DataPath:Inst_DATA_PATH|BANC_REGISTRE:Inst_BANC_REG|Decoder0~34 ; LCCOMB_X43_Y28_N24 ; 32      ; Clock enable ; no     ; --                   ; --               ; --                        ;
; DataPath:Inst_DATA_PATH|BANC_REGISTRE:Inst_BANC_REG|Decoder0~35 ; LCCOMB_X43_Y28_N22 ; 32      ; Clock enable ; no     ; --                   ; --               ; --                        ;
; DataPath:Inst_DATA_PATH|BANC_REGISTRE:Inst_BANC_REG|Decoder0~37 ; LCCOMB_X43_Y28_N18 ; 32      ; Clock enable ; no     ; --                   ; --               ; --                        ;
; DataPath:Inst_DATA_PATH|BANC_REGISTRE:Inst_BANC_REG|Decoder0~39 ; LCCOMB_X38_Y28_N26 ; 32      ; Clock enable ; no     ; --                   ; --               ; --                        ;
; DataPath:Inst_DATA_PATH|BANC_REGISTRE:Inst_BANC_REG|Decoder0~40 ; LCCOMB_X38_Y28_N24 ; 32      ; Clock enable ; no     ; --                   ; --               ; --                        ;
; DataPath:Inst_DATA_PATH|BANC_REGISTRE:Inst_BANC_REG|Decoder0~41 ; LCCOMB_X38_Y28_N10 ; 32      ; Clock enable ; no     ; --                   ; --               ; --                        ;
; DataPath:Inst_DATA_PATH|DATA_MEMORY:Inst_MEM|Decoder0~1         ; LCCOMB_X43_Y31_N24 ; 32      ; Clock enable ; no     ; --                   ; --               ; --                        ;
; DataPath:Inst_DATA_PATH|DATA_MEMORY:Inst_MEM|Decoder0~10        ; LCCOMB_X43_Y27_N14 ; 32      ; Clock enable ; no     ; --                   ; --               ; --                        ;
; DataPath:Inst_DATA_PATH|DATA_MEMORY:Inst_MEM|Decoder0~11        ; LCCOMB_X46_Y30_N22 ; 32      ; Clock enable ; no     ; --                   ; --               ; --                        ;
; DataPath:Inst_DATA_PATH|DATA_MEMORY:Inst_MEM|Decoder0~13        ; LCCOMB_X43_Y31_N16 ; 32      ; Clock enable ; no     ; --                   ; --               ; --                        ;
; DataPath:Inst_DATA_PATH|DATA_MEMORY:Inst_MEM|Decoder0~15        ; LCCOMB_X40_Y29_N14 ; 32      ; Clock enable ; no     ; --                   ; --               ; --                        ;
; DataPath:Inst_DATA_PATH|DATA_MEMORY:Inst_MEM|Decoder0~16        ; LCCOMB_X41_Y35_N8  ; 32      ; Clock enable ; no     ; --                   ; --               ; --                        ;
; DataPath:Inst_DATA_PATH|DATA_MEMORY:Inst_MEM|Decoder0~17        ; LCCOMB_X43_Y30_N12 ; 32      ; Clock enable ; no     ; --                   ; --               ; --                        ;
; DataPath:Inst_DATA_PATH|DATA_MEMORY:Inst_MEM|Decoder0~19        ; LCCOMB_X46_Y24_N2  ; 32      ; Clock enable ; no     ; --                   ; --               ; --                        ;
; DataPath:Inst_DATA_PATH|DATA_MEMORY:Inst_MEM|Decoder0~21        ; LCCOMB_X38_Y34_N10 ; 32      ; Clock enable ; no     ; --                   ; --               ; --                        ;
; DataPath:Inst_DATA_PATH|DATA_MEMORY:Inst_MEM|Decoder0~22        ; LCCOMB_X43_Y31_N22 ; 32      ; Clock enable ; no     ; --                   ; --               ; --                        ;
; DataPath:Inst_DATA_PATH|DATA_MEMORY:Inst_MEM|Decoder0~23        ; LCCOMB_X40_Y25_N18 ; 32      ; Clock enable ; no     ; --                   ; --               ; --                        ;
; DataPath:Inst_DATA_PATH|DATA_MEMORY:Inst_MEM|Decoder0~24        ; LCCOMB_X50_Y29_N22 ; 32      ; Clock enable ; no     ; --                   ; --               ; --                        ;
; DataPath:Inst_DATA_PATH|DATA_MEMORY:Inst_MEM|Decoder0~25        ; LCCOMB_X45_Y26_N16 ; 32      ; Clock enable ; no     ; --                   ; --               ; --                        ;
; DataPath:Inst_DATA_PATH|DATA_MEMORY:Inst_MEM|Decoder0~26        ; LCCOMB_X34_Y27_N20 ; 32      ; Clock enable ; no     ; --                   ; --               ; --                        ;
; DataPath:Inst_DATA_PATH|DATA_MEMORY:Inst_MEM|Decoder0~27        ; LCCOMB_X51_Y27_N16 ; 32      ; Clock enable ; no     ; --                   ; --               ; --                        ;
; DataPath:Inst_DATA_PATH|DATA_MEMORY:Inst_MEM|Decoder0~28        ; LCCOMB_X49_Y29_N30 ; 32      ; Clock enable ; no     ; --                   ; --               ; --                        ;
; DataPath:Inst_DATA_PATH|DATA_MEMORY:Inst_MEM|Decoder0~29        ; LCCOMB_X52_Y28_N18 ; 32      ; Clock enable ; no     ; --                   ; --               ; --                        ;
; DataPath:Inst_DATA_PATH|DATA_MEMORY:Inst_MEM|Decoder0~3         ; LCCOMB_X36_Y33_N24 ; 32      ; Clock enable ; no     ; --                   ; --               ; --                        ;
; DataPath:Inst_DATA_PATH|DATA_MEMORY:Inst_MEM|Decoder0~30        ; LCCOMB_X49_Y29_N24 ; 32      ; Clock enable ; no     ; --                   ; --               ; --                        ;
; DataPath:Inst_DATA_PATH|DATA_MEMORY:Inst_MEM|Decoder0~31        ; LCCOMB_X46_Y24_N16 ; 32      ; Clock enable ; no     ; --                   ; --               ; --                        ;
; DataPath:Inst_DATA_PATH|DATA_MEMORY:Inst_MEM|Decoder0~32        ; LCCOMB_X43_Y31_N0  ; 32      ; Clock enable ; no     ; --                   ; --               ; --                        ;
; DataPath:Inst_DATA_PATH|DATA_MEMORY:Inst_MEM|Decoder0~33        ; LCCOMB_X46_Y29_N8  ; 32      ; Clock enable ; no     ; --                   ; --               ; --                        ;
; DataPath:Inst_DATA_PATH|DATA_MEMORY:Inst_MEM|Decoder0~34        ; LCCOMB_X38_Y31_N30 ; 32      ; Clock enable ; no     ; --                   ; --               ; --                        ;
; DataPath:Inst_DATA_PATH|DATA_MEMORY:Inst_MEM|Decoder0~35        ; LCCOMB_X47_Y29_N2  ; 32      ; Clock enable ; no     ; --                   ; --               ; --                        ;
; DataPath:Inst_DATA_PATH|DATA_MEMORY:Inst_MEM|Decoder0~36        ; LCCOMB_X39_Y27_N24 ; 32      ; Clock enable ; no     ; --                   ; --               ; --                        ;
; DataPath:Inst_DATA_PATH|DATA_MEMORY:Inst_MEM|Decoder0~37        ; LCCOMB_X40_Y25_N24 ; 32      ; Clock enable ; no     ; --                   ; --               ; --                        ;
; DataPath:Inst_DATA_PATH|DATA_MEMORY:Inst_MEM|Decoder0~38        ; LCCOMB_X34_Y27_N30 ; 32      ; Clock enable ; no     ; --                   ; --               ; --                        ;
; DataPath:Inst_DATA_PATH|DATA_MEMORY:Inst_MEM|Decoder0~39        ; LCCOMB_X42_Y25_N20 ; 32      ; Clock enable ; no     ; --                   ; --               ; --                        ;
; DataPath:Inst_DATA_PATH|DATA_MEMORY:Inst_MEM|Decoder0~4         ; LCCOMB_X49_Y29_N8  ; 32      ; Clock enable ; no     ; --                   ; --               ; --                        ;
; DataPath:Inst_DATA_PATH|DATA_MEMORY:Inst_MEM|Decoder0~40        ; LCCOMB_X43_Y27_N16 ; 32      ; Clock enable ; no     ; --                   ; --               ; --                        ;
; DataPath:Inst_DATA_PATH|DATA_MEMORY:Inst_MEM|Decoder0~41        ; LCCOMB_X52_Y28_N28 ; 32      ; Clock enable ; no     ; --                   ; --               ; --                        ;
; DataPath:Inst_DATA_PATH|DATA_MEMORY:Inst_MEM|Decoder0~42        ; LCCOMB_X43_Y30_N26 ; 32      ; Clock enable ; no     ; --                   ; --               ; --                        ;
; DataPath:Inst_DATA_PATH|DATA_MEMORY:Inst_MEM|Decoder0~43        ; LCCOMB_X43_Y31_N2  ; 32      ; Clock enable ; no     ; --                   ; --               ; --                        ;
; DataPath:Inst_DATA_PATH|DATA_MEMORY:Inst_MEM|Decoder0~44        ; LCCOMB_X34_Y27_N8  ; 32      ; Clock enable ; no     ; --                   ; --               ; --                        ;
; DataPath:Inst_DATA_PATH|DATA_MEMORY:Inst_MEM|Decoder0~45        ; LCCOMB_X34_Y27_N2  ; 32      ; Clock enable ; no     ; --                   ; --               ; --                        ;
; DataPath:Inst_DATA_PATH|DATA_MEMORY:Inst_MEM|Decoder0~46        ; LCCOMB_X44_Y27_N30 ; 32      ; Clock enable ; no     ; --                   ; --               ; --                        ;
; DataPath:Inst_DATA_PATH|DATA_MEMORY:Inst_MEM|Decoder0~47        ; LCCOMB_X36_Y33_N10 ; 32      ; Clock enable ; no     ; --                   ; --               ; --                        ;
; DataPath:Inst_DATA_PATH|DATA_MEMORY:Inst_MEM|Decoder0~48        ; LCCOMB_X43_Y31_N8  ; 32      ; Clock enable ; no     ; --                   ; --               ; --                        ;
; DataPath:Inst_DATA_PATH|DATA_MEMORY:Inst_MEM|Decoder0~49        ; LCCOMB_X49_Y29_N10 ; 32      ; Clock enable ; no     ; --                   ; --               ; --                        ;
; DataPath:Inst_DATA_PATH|DATA_MEMORY:Inst_MEM|Decoder0~5         ; LCCOMB_X34_Y27_N22 ; 32      ; Clock enable ; no     ; --                   ; --               ; --                        ;
; DataPath:Inst_DATA_PATH|DATA_MEMORY:Inst_MEM|Decoder0~50        ; LCCOMB_X36_Y31_N20 ; 32      ; Clock enable ; no     ; --                   ; --               ; --                        ;
; DataPath:Inst_DATA_PATH|DATA_MEMORY:Inst_MEM|Decoder0~51        ; LCCOMB_X49_Y29_N28 ; 32      ; Clock enable ; no     ; --                   ; --               ; --                        ;
; DataPath:Inst_DATA_PATH|DATA_MEMORY:Inst_MEM|Decoder0~52        ; LCCOMB_X51_Y27_N18 ; 32      ; Clock enable ; no     ; --                   ; --               ; --                        ;
; DataPath:Inst_DATA_PATH|DATA_MEMORY:Inst_MEM|Decoder0~53        ; LCCOMB_X47_Y30_N0  ; 32      ; Clock enable ; no     ; --                   ; --               ; --                        ;
; DataPath:Inst_DATA_PATH|DATA_MEMORY:Inst_MEM|Decoder0~54        ; LCCOMB_X46_Y30_N20 ; 32      ; Clock enable ; no     ; --                   ; --               ; --                        ;
; DataPath:Inst_DATA_PATH|DATA_MEMORY:Inst_MEM|Decoder0~55        ; LCCOMB_X40_Y25_N30 ; 32      ; Clock enable ; no     ; --                   ; --               ; --                        ;
; DataPath:Inst_DATA_PATH|DATA_MEMORY:Inst_MEM|Decoder0~56        ; LCCOMB_X46_Y30_N30 ; 32      ; Clock enable ; no     ; --                   ; --               ; --                        ;
; DataPath:Inst_DATA_PATH|DATA_MEMORY:Inst_MEM|Decoder0~57        ; LCCOMB_X38_Y32_N10 ; 32      ; Clock enable ; no     ; --                   ; --               ; --                        ;
; DataPath:Inst_DATA_PATH|DATA_MEMORY:Inst_MEM|Decoder0~58        ; LCCOMB_X43_Y30_N20 ; 32      ; Clock enable ; no     ; --                   ; --               ; --                        ;
; DataPath:Inst_DATA_PATH|DATA_MEMORY:Inst_MEM|Decoder0~59        ; LCCOMB_X46_Y32_N6  ; 32      ; Clock enable ; no     ; --                   ; --               ; --                        ;
; DataPath:Inst_DATA_PATH|DATA_MEMORY:Inst_MEM|Decoder0~60        ; LCCOMB_X50_Y26_N26 ; 32      ; Clock enable ; no     ; --                   ; --               ; --                        ;
; DataPath:Inst_DATA_PATH|DATA_MEMORY:Inst_MEM|Decoder0~61        ; LCCOMB_X34_Y27_N16 ; 32      ; Clock enable ; no     ; --                   ; --               ; --                        ;
; DataPath:Inst_DATA_PATH|DATA_MEMORY:Inst_MEM|Decoder0~62        ; LCCOMB_X35_Y28_N24 ; 32      ; Clock enable ; no     ; --                   ; --               ; --                        ;
; DataPath:Inst_DATA_PATH|DATA_MEMORY:Inst_MEM|Decoder0~63        ; LCCOMB_X36_Y26_N30 ; 32      ; Clock enable ; no     ; --                   ; --               ; --                        ;
; DataPath:Inst_DATA_PATH|DATA_MEMORY:Inst_MEM|Decoder0~64        ; LCCOMB_X43_Y31_N14 ; 32      ; Clock enable ; no     ; --                   ; --               ; --                        ;
; DataPath:Inst_DATA_PATH|DATA_MEMORY:Inst_MEM|Decoder0~65        ; LCCOMB_X49_Y29_N26 ; 32      ; Clock enable ; no     ; --                   ; --               ; --                        ;
; DataPath:Inst_DATA_PATH|DATA_MEMORY:Inst_MEM|Decoder0~66        ; LCCOMB_X43_Y31_N12 ; 32      ; Clock enable ; no     ; --                   ; --               ; --                        ;
; DataPath:Inst_DATA_PATH|DATA_MEMORY:Inst_MEM|Decoder0~67        ; LCCOMB_X47_Y30_N26 ; 32      ; Clock enable ; no     ; --                   ; --               ; --                        ;
; DataPath:Inst_DATA_PATH|DATA_MEMORY:Inst_MEM|Decoder0~68        ; LCCOMB_X45_Y26_N30 ; 32      ; Clock enable ; no     ; --                   ; --               ; --                        ;
; DataPath:Inst_DATA_PATH|DATA_MEMORY:Inst_MEM|Decoder0~69        ; LCCOMB_X42_Y25_N2  ; 32      ; Clock enable ; no     ; --                   ; --               ; --                        ;
; DataPath:Inst_DATA_PATH|DATA_MEMORY:Inst_MEM|Decoder0~7         ; LCCOMB_X43_Y30_N22 ; 32      ; Clock enable ; no     ; --                   ; --               ; --                        ;
; DataPath:Inst_DATA_PATH|DATA_MEMORY:Inst_MEM|Decoder0~70        ; LCCOMB_X45_Y26_N0  ; 32      ; Clock enable ; no     ; --                   ; --               ; --                        ;
; DataPath:Inst_DATA_PATH|DATA_MEMORY:Inst_MEM|Decoder0~71        ; LCCOMB_X40_Y29_N12 ; 32      ; Clock enable ; no     ; --                   ; --               ; --                        ;
; DataPath:Inst_DATA_PATH|DATA_MEMORY:Inst_MEM|Decoder0~9         ; LCCOMB_X45_Y34_N30 ; 32      ; Clock enable ; no     ; --                   ; --               ; --                        ;
; RST                                                             ; PIN_B8             ; 2327    ; Async. clear ; no     ; --                   ; --               ; --                        ;
; UNIT_GESTION_INSTRUCTION:Inst_UNIT_GEST_INSTRUCTION|Add0~18     ; LCCOMB_X43_Y28_N6  ; 6       ; Sync. load   ; no     ; --                   ; --               ; --                        ;
+-----------------------------------------------------------------+--------------------+---------+--------------+--------+----------------------+------------------+---------------------------+


+----------------------------------------------------------------------------------------------------------------------------------------+
; Global & Other Fast Signals                                                                                                            ;
+------+----------+---------+--------------------------------------+----------------------+------------------+---------------------------+
; Name ; Location ; Fan-Out ; Fan-Out Using Intentional Clock Skew ; Global Resource Used ; Global Line Name ; Enable Signal Source Name ;
+------+----------+---------+--------------------------------------+----------------------+------------------+---------------------------+
; CLK  ; PIN_P11  ; 2327    ; 1                                    ; Global Clock         ; GCLK19           ; --                        ;
+------+----------+---------+--------------------------------------+----------------------+------------------+---------------------------+


+---------------------------------+
; Non-Global High Fan-Out Signals ;
+-----------+---------------------+
; Name      ; Fan-Out             ;
+-----------+---------------------+
; RST~input ; 2327                ;
+-----------+---------------------+


+-------------------------------------------------+
; Routing Usage Summary                           ;
+-----------------------+-------------------------+
; Routing Resource Type ; Usage                   ;
+-----------------------+-------------------------+
; Block interconnects   ; 5,844 / 148,641 ( 4 % ) ;
; C16 interconnects     ; 93 / 5,382 ( 2 % )      ;
; C4 interconnects      ; 3,912 / 106,704 ( 4 % ) ;
; Direct links          ; 342 / 148,641 ( < 1 % ) ;
; Global clocks         ; 1 / 20 ( 5 % )          ;
; Local interconnects   ; 1,072 / 49,760 ( 2 % )  ;
; NSLEEPs               ; 0 / 500 ( 0 % )         ;
; R24 interconnects     ; 132 / 5,406 ( 2 % )     ;
; R4 interconnects      ; 4,818 / 147,764 ( 3 % ) ;
+-----------------------+-------------------------+


+-----------------------------------------------------------------------------+
; LAB Logic Elements                                                          ;
+---------------------------------------------+-------------------------------+
; Number of Logic Elements  (Average = 13.00) ; Number of LABs  (Total = 243) ;
+---------------------------------------------+-------------------------------+
; 1                                           ; 10                            ;
; 2                                           ; 12                            ;
; 3                                           ; 5                             ;
; 4                                           ; 5                             ;
; 5                                           ; 1                             ;
; 6                                           ; 5                             ;
; 7                                           ; 1                             ;
; 8                                           ; 2                             ;
; 9                                           ; 5                             ;
; 10                                          ; 3                             ;
; 11                                          ; 6                             ;
; 12                                          ; 8                             ;
; 13                                          ; 8                             ;
; 14                                          ; 17                            ;
; 15                                          ; 28                            ;
; 16                                          ; 127                           ;
+---------------------------------------------+-------------------------------+


+--------------------------------------------------------------------+
; LAB-wide Signals                                                   ;
+------------------------------------+-------------------------------+
; LAB-wide Signals  (Average = 2.92) ; Number of LABs  (Total = 243) ;
+------------------------------------+-------------------------------+
; 1 Async. clear                     ; 237                           ;
; 1 Clock                            ; 237                           ;
; 1 Clock enable                     ; 38                            ;
; 1 Sync. load                       ; 1                             ;
; 2 Clock enables                    ; 197                           ;
+------------------------------------+-------------------------------+


+------------------------------------------------------------------------------+
; LAB Signals Sourced                                                          ;
+----------------------------------------------+-------------------------------+
; Number of Signals Sourced  (Average = 22.57) ; Number of LABs  (Total = 243) ;
+----------------------------------------------+-------------------------------+
; 0                                            ; 0                             ;
; 1                                            ; 2                             ;
; 2                                            ; 8                             ;
; 3                                            ; 0                             ;
; 4                                            ; 12                            ;
; 5                                            ; 0                             ;
; 6                                            ; 5                             ;
; 7                                            ; 1                             ;
; 8                                            ; 4                             ;
; 9                                            ; 0                             ;
; 10                                           ; 2                             ;
; 11                                           ; 1                             ;
; 12                                           ; 4                             ;
; 13                                           ; 1                             ;
; 14                                           ; 4                             ;
; 15                                           ; 0                             ;
; 16                                           ; 2                             ;
; 17                                           ; 4                             ;
; 18                                           ; 18                            ;
; 19                                           ; 11                            ;
; 20                                           ; 9                             ;
; 21                                           ; 7                             ;
; 22                                           ; 11                            ;
; 23                                           ; 7                             ;
; 24                                           ; 7                             ;
; 25                                           ; 4                             ;
; 26                                           ; 8                             ;
; 27                                           ; 12                            ;
; 28                                           ; 14                            ;
; 29                                           ; 8                             ;
; 30                                           ; 19                            ;
; 31                                           ; 12                            ;
; 32                                           ; 46                            ;
+----------------------------------------------+-------------------------------+


+---------------------------------------------------------------------------------+
; LAB Signals Sourced Out                                                         ;
+-------------------------------------------------+-------------------------------+
; Number of Signals Sourced Out  (Average = 9.82) ; Number of LABs  (Total = 243) ;
+-------------------------------------------------+-------------------------------+
; 0                                               ; 0                             ;
; 1                                               ; 13                            ;
; 2                                               ; 15                            ;
; 3                                               ; 8                             ;
; 4                                               ; 7                             ;
; 5                                               ; 9                             ;
; 6                                               ; 7                             ;
; 7                                               ; 9                             ;
; 8                                               ; 21                            ;
; 9                                               ; 20                            ;
; 10                                              ; 17                            ;
; 11                                              ; 19                            ;
; 12                                              ; 19                            ;
; 13                                              ; 22                            ;
; 14                                              ; 20                            ;
; 15                                              ; 13                            ;
; 16                                              ; 8                             ;
; 17                                              ; 8                             ;
; 18                                              ; 2                             ;
; 19                                              ; 1                             ;
; 20                                              ; 2                             ;
; 21                                              ; 1                             ;
; 22                                              ; 1                             ;
; 23                                              ; 1                             ;
+-------------------------------------------------+-------------------------------+


+------------------------------------------------------------------------------+
; LAB Distinct Inputs                                                          ;
+----------------------------------------------+-------------------------------+
; Number of Distinct Inputs  (Average = 23.60) ; Number of LABs  (Total = 243) ;
+----------------------------------------------+-------------------------------+
; 0                                            ; 0                             ;
; 1                                            ; 0                             ;
; 2                                            ; 0                             ;
; 3                                            ; 0                             ;
; 4                                            ; 10                            ;
; 5                                            ; 6                             ;
; 6                                            ; 6                             ;
; 7                                            ; 3                             ;
; 8                                            ; 1                             ;
; 9                                            ; 7                             ;
; 10                                           ; 8                             ;
; 11                                           ; 0                             ;
; 12                                           ; 5                             ;
; 13                                           ; 2                             ;
; 14                                           ; 3                             ;
; 15                                           ; 3                             ;
; 16                                           ; 4                             ;
; 17                                           ; 4                             ;
; 18                                           ; 11                            ;
; 19                                           ; 5                             ;
; 20                                           ; 9                             ;
; 21                                           ; 8                             ;
; 22                                           ; 7                             ;
; 23                                           ; 4                             ;
; 24                                           ; 10                            ;
; 25                                           ; 4                             ;
; 26                                           ; 10                            ;
; 27                                           ; 7                             ;
; 28                                           ; 10                            ;
; 29                                           ; 5                             ;
; 30                                           ; 17                            ;
; 31                                           ; 10                            ;
; 32                                           ; 8                             ;
; 33                                           ; 11                            ;
; 34                                           ; 7                             ;
; 35                                           ; 10                            ;
; 36                                           ; 15                            ;
; 37                                           ; 11                            ;
; 38                                           ; 2                             ;
+----------------------------------------------+-------------------------------+


+------------------------------------------+
; I/O Rules Summary                        ;
+----------------------------------+-------+
; I/O Rules Statistic              ; Total ;
+----------------------------------+-------+
; Total I/O Rules                  ; 30    ;
; Number of I/O Rules Passed       ; 9     ;
; Number of I/O Rules Failed       ; 0     ;
; Number of I/O Rules Unchecked    ; 0     ;
; Number of I/O Rules Inapplicable ; 21    ;
+----------------------------------+-------+


+--------------------------------------------------------------------------------------------------------------------------------------------------------------------------------------------------------------------------------------------------------------------------------------+
; I/O Rules Details                                                                                                                                                                                                                                                                    ;
+--------------+-----------+-----------------------------------+------------------------------------------------------------------------------------------------------+----------+--------------------------------------------------------------------------+------+-------------------+
; Status       ; ID        ; Category                          ; Rule Description                                                                                     ; Severity ; Information                                                              ; Area ; Extra Information ;
+--------------+-----------+-----------------------------------+------------------------------------------------------------------------------------------------------+----------+--------------------------------------------------------------------------+------+-------------------+
; Pass         ; IO_000001 ; Capacity Checks                   ; Number of pins in an I/O bank should not exceed the number of locations available.                   ; Critical ; 0 such failures found.                                                   ; I/O  ;                   ;
; Inapplicable ; IO_000002 ; Capacity Checks                   ; Number of clocks in an I/O bank should not exceed the number of clocks available.                    ; Critical ; No Global Signal assignments found.                                      ; I/O  ;                   ;
; Pass         ; IO_000003 ; Capacity Checks                   ; Number of pins in a Vrefgroup should not exceed the number of locations available.                   ; Critical ; 0 such failures found.                                                   ; I/O  ;                   ;
; Inapplicable ; IO_000004 ; Voltage Compatibility Checks      ; The I/O bank should support the requested VCCIO.                                                     ; Critical ; No IOBANK_VCCIO assignments found.                                       ; I/O  ;                   ;
; Inapplicable ; IO_000005 ; Voltage Compatibility Checks      ; The I/O bank should not have competing VREF values.                                                  ; Critical ; No VREF I/O Standard assignments found.                                  ; I/O  ;                   ;
; Pass         ; IO_000006 ; Voltage Compatibility Checks      ; The I/O bank should not have competing VCCIO values.                                                 ; Critical ; 0 such failures found.                                                   ; I/O  ;                   ;
; Pass         ; IO_000007 ; Valid Location Checks             ; Checks for unavailable locations.                                                                    ; Critical ; 0 such failures found.                                                   ; I/O  ;                   ;
; Inapplicable ; IO_000008 ; Valid Location Checks             ; Checks for reserved locations.                                                                       ; Critical ; No reserved LogicLock region found.                                      ; I/O  ;                   ;
; Pass         ; IO_000009 ; I/O Properties Checks for One I/O ; The location should support the requested I/O standard.                                              ; Critical ; 0 such failures found.                                                   ; I/O  ;                   ;
; Pass         ; IO_000010 ; I/O Properties Checks for One I/O ; The location should support the requested I/O direction.                                             ; Critical ; 0 such failures found.                                                   ; I/O  ;                   ;
; Inapplicable ; IO_000011 ; I/O Properties Checks for One I/O ; The location should support the requested Current Strength.                                          ; Critical ; No Current Strength assignments found.                                   ; I/O  ;                   ;
; Inapplicable ; IO_000012 ; I/O Properties Checks for One I/O ; The location should support the requested On Chip Termination value.                                 ; Critical ; No Termination assignments found.                                        ; I/O  ;                   ;
; Inapplicable ; IO_000013 ; I/O Properties Checks for One I/O ; The location should support the requested Bus Hold value.                                            ; Critical ; No Enable Bus-Hold Circuitry assignments found.                          ; I/O  ;                   ;
; Inapplicable ; IO_000014 ; I/O Properties Checks for One I/O ; The location should support the requested Weak Pull Up value.                                        ; Critical ; No Weak Pull-Up Resistor assignments found.                              ; I/O  ;                   ;
; Pass         ; IO_000015 ; I/O Properties Checks for One I/O ; The location should support the requested PCI Clamp Diode.                                           ; Critical ; 0 such failures found.                                                   ; I/O  ;                   ;
; Inapplicable ; IO_000018 ; I/O Properties Checks for One I/O ; The I/O standard should support the requested Current Strength.                                      ; Critical ; No Current Strength assignments found.                                   ; I/O  ;                   ;
; Inapplicable ; IO_000019 ; I/O Properties Checks for One I/O ; The I/O standard should support the requested On Chip Termination value.                             ; Critical ; No Termination assignments found.                                        ; I/O  ;                   ;
; Pass         ; IO_000020 ; I/O Properties Checks for One I/O ; The I/O standard should support the requested PCI Clamp Diode.                                       ; Critical ; 0 such failures found.                                                   ; I/O  ;                   ;
; Inapplicable ; IO_000021 ; I/O Properties Checks for One I/O ; The I/O standard should support the requested Weak Pull Up value.                                    ; Critical ; No Weak Pull-Up Resistor assignments found.                              ; I/O  ;                   ;
; Inapplicable ; IO_000022 ; I/O Properties Checks for One I/O ; The I/O standard should support the requested Bus Hold value.                                        ; Critical ; No Enable Bus-Hold Circuitry assignments found.                          ; I/O  ;                   ;
; Inapplicable ; IO_000023 ; I/O Properties Checks for One I/O ; The I/O standard should support the Open Drain value.                                                ; Critical ; No open drain assignments found.                                         ; I/O  ;                   ;
; Inapplicable ; IO_000024 ; I/O Properties Checks for One I/O ; The I/O direction should support the On Chip Termination value.                                      ; Critical ; No Termination assignments found.                                        ; I/O  ;                   ;
; Inapplicable ; IO_000026 ; I/O Properties Checks for One I/O ; On Chip Termination and Current Strength should not be used at the same time.                        ; Critical ; No Current Strength or Termination assignments found.                    ; I/O  ;                   ;
; Inapplicable ; IO_000027 ; I/O Properties Checks for One I/O ; Weak Pull Up and Bus Hold should not be used at the same time.                                       ; Critical ; No Enable Bus-Hold Circuitry or Weak Pull-Up Resistor assignments found. ; I/O  ;                   ;
; Inapplicable ; IO_000045 ; I/O Properties Checks for One I/O ; The I/O standard should support the requested Slew Rate value.                                       ; Critical ; No Slew Rate assignments found.                                          ; I/O  ;                   ;
; Inapplicable ; IO_000046 ; I/O Properties Checks for One I/O ; The location should support the requested Slew Rate value.                                           ; Critical ; No Slew Rate assignments found.                                          ; I/O  ;                   ;
; Inapplicable ; IO_000047 ; I/O Properties Checks for One I/O ; On Chip Termination and Slew Rate should not be used at the same time.                               ; Critical ; No Slew Rate assignments found.                                          ; I/O  ;                   ;
; Pass         ; IO_000033 ; Electromigration Checks           ; Current density for consecutive I/Os should not exceed 160mA for row I/Os and 160mA for column I/Os. ; Critical ; 0 such failures found.                                                   ; I/O  ;                   ;
; Inapplicable ; IO_000034 ; SI Related Distance Checks        ; Single-ended outputs should be 5 LAB row(s) away from a differential I/O.                            ; High     ; No Differential I/O Standard assignments found.                          ; I/O  ;                   ;
; Inapplicable ; IO_000042 ; SI Related SSO Limit Checks       ; No more than 20 outputs are allowed in a VREF group when VREF is being read from.                    ; High     ; No VREF I/O Standard assignments found.                                  ; I/O  ;                   ;
+--------------+-----------+-----------------------------------+------------------------------------------------------------------------------------------------------+----------+--------------------------------------------------------------------------+------+-------------------+


+-----------------------------------------------------------------------------------------------------------------------------------------------------------------------------------------------------------------------------------------------------------------------------------------------------------------------------------------------------------------------------------------------------------------------------------------------------------------+
; I/O Rules Matrix                                                                                                                                                                                                                                                                                                                                                                                                                                                ;
+--------------------+-----------+--------------+-----------+--------------+--------------+-----------+-----------+--------------+-----------+-----------+--------------+--------------+--------------+--------------+--------------+--------------+--------------+--------------+--------------+--------------+--------------+--------------+--------------+--------------+--------------+--------------+--------------+-----------+--------------+--------------+
; Pin/Rules          ; IO_000001 ; IO_000002    ; IO_000003 ; IO_000004    ; IO_000005    ; IO_000006 ; IO_000007 ; IO_000008    ; IO_000009 ; IO_000010 ; IO_000011    ; IO_000012    ; IO_000013    ; IO_000014    ; IO_000015    ; IO_000018    ; IO_000019    ; IO_000020    ; IO_000021    ; IO_000022    ; IO_000023    ; IO_000024    ; IO_000026    ; IO_000027    ; IO_000045    ; IO_000046    ; IO_000047    ; IO_000033 ; IO_000034    ; IO_000042    ;
+--------------------+-----------+--------------+-----------+--------------+--------------+-----------+-----------+--------------+-----------+-----------+--------------+--------------+--------------+--------------+--------------+--------------+--------------+--------------+--------------+--------------+--------------+--------------+--------------+--------------+--------------+--------------+--------------+-----------+--------------+--------------+
; Total Pass         ; 31        ; 0            ; 31        ; 0            ; 0            ; 31        ; 31        ; 0            ; 31        ; 31        ; 0            ; 0            ; 0            ; 0            ; 3            ; 0            ; 0            ; 3            ; 0            ; 0            ; 0            ; 0            ; 0            ; 0            ; 0            ; 0            ; 0            ; 31        ; 0            ; 0            ;
; Total Unchecked    ; 0         ; 0            ; 0         ; 0            ; 0            ; 0         ; 0         ; 0            ; 0         ; 0         ; 0            ; 0            ; 0            ; 0            ; 0            ; 0            ; 0            ; 0            ; 0            ; 0            ; 0            ; 0            ; 0            ; 0            ; 0            ; 0            ; 0            ; 0         ; 0            ; 0            ;
; Total Inapplicable ; 0         ; 31           ; 0         ; 31           ; 31           ; 0         ; 0         ; 31           ; 0         ; 0         ; 31           ; 31           ; 31           ; 31           ; 28           ; 31           ; 31           ; 28           ; 31           ; 31           ; 31           ; 31           ; 31           ; 31           ; 31           ; 31           ; 31           ; 0         ; 31           ; 31           ;
; Total Fail         ; 0         ; 0            ; 0         ; 0            ; 0            ; 0         ; 0         ; 0            ; 0         ; 0         ; 0            ; 0            ; 0            ; 0            ; 0            ; 0            ; 0            ; 0            ; 0            ; 0            ; 0            ; 0            ; 0            ; 0            ; 0            ; 0            ; 0            ; 0         ; 0            ; 0            ;
; HEX0[6]            ; Pass      ; Inapplicable ; Pass      ; Inapplicable ; Inapplicable ; Pass      ; Pass      ; Inapplicable ; Pass      ; Pass      ; Inapplicable ; Inapplicable ; Inapplicable ; Inapplicable ; Inapplicable ; Inapplicable ; Inapplicable ; Inapplicable ; Inapplicable ; Inapplicable ; Inapplicable ; Inapplicable ; Inapplicable ; Inapplicable ; Inapplicable ; Inapplicable ; Inapplicable ; Pass      ; Inapplicable ; Inapplicable ;
; HEX0[5]            ; Pass      ; Inapplicable ; Pass      ; Inapplicable ; Inapplicable ; Pass      ; Pass      ; Inapplicable ; Pass      ; Pass      ; Inapplicable ; Inapplicable ; Inapplicable ; Inapplicable ; Inapplicable ; Inapplicable ; Inapplicable ; Inapplicable ; Inapplicable ; Inapplicable ; Inapplicable ; Inapplicable ; Inapplicable ; Inapplicable ; Inapplicable ; Inapplicable ; Inapplicable ; Pass      ; Inapplicable ; Inapplicable ;
; HEX0[4]            ; Pass      ; Inapplicable ; Pass      ; Inapplicable ; Inapplicable ; Pass      ; Pass      ; Inapplicable ; Pass      ; Pass      ; Inapplicable ; Inapplicable ; Inapplicable ; Inapplicable ; Inapplicable ; Inapplicable ; Inapplicable ; Inapplicable ; Inapplicable ; Inapplicable ; Inapplicable ; Inapplicable ; Inapplicable ; Inapplicable ; Inapplicable ; Inapplicable ; Inapplicable ; Pass      ; Inapplicable ; Inapplicable ;
; HEX0[3]            ; Pass      ; Inapplicable ; Pass      ; Inapplicable ; Inapplicable ; Pass      ; Pass      ; Inapplicable ; Pass      ; Pass      ; Inapplicable ; Inapplicable ; Inapplicable ; Inapplicable ; Inapplicable ; Inapplicable ; Inapplicable ; Inapplicable ; Inapplicable ; Inapplicable ; Inapplicable ; Inapplicable ; Inapplicable ; Inapplicable ; Inapplicable ; Inapplicable ; Inapplicable ; Pass      ; Inapplicable ; Inapplicable ;
; HEX0[2]            ; Pass      ; Inapplicable ; Pass      ; Inapplicable ; Inapplicable ; Pass      ; Pass      ; Inapplicable ; Pass      ; Pass      ; Inapplicable ; Inapplicable ; Inapplicable ; Inapplicable ; Inapplicable ; Inapplicable ; Inapplicable ; Inapplicable ; Inapplicable ; Inapplicable ; Inapplicable ; Inapplicable ; Inapplicable ; Inapplicable ; Inapplicable ; Inapplicable ; Inapplicable ; Pass      ; Inapplicable ; Inapplicable ;
; HEX0[1]            ; Pass      ; Inapplicable ; Pass      ; Inapplicable ; Inapplicable ; Pass      ; Pass      ; Inapplicable ; Pass      ; Pass      ; Inapplicable ; Inapplicable ; Inapplicable ; Inapplicable ; Inapplicable ; Inapplicable ; Inapplicable ; Inapplicable ; Inapplicable ; Inapplicable ; Inapplicable ; Inapplicable ; Inapplicable ; Inapplicable ; Inapplicable ; Inapplicable ; Inapplicable ; Pass      ; Inapplicable ; Inapplicable ;
; HEX0[0]            ; Pass      ; Inapplicable ; Pass      ; Inapplicable ; Inapplicable ; Pass      ; Pass      ; Inapplicable ; Pass      ; Pass      ; Inapplicable ; Inapplicable ; Inapplicable ; Inapplicable ; Inapplicable ; Inapplicable ; Inapplicable ; Inapplicable ; Inapplicable ; Inapplicable ; Inapplicable ; Inapplicable ; Inapplicable ; Inapplicable ; Inapplicable ; Inapplicable ; Inapplicable ; Pass      ; Inapplicable ; Inapplicable ;
; HEX1[6]            ; Pass      ; Inapplicable ; Pass      ; Inapplicable ; Inapplicable ; Pass      ; Pass      ; Inapplicable ; Pass      ; Pass      ; Inapplicable ; Inapplicable ; Inapplicable ; Inapplicable ; Inapplicable ; Inapplicable ; Inapplicable ; Inapplicable ; Inapplicable ; Inapplicable ; Inapplicable ; Inapplicable ; Inapplicable ; Inapplicable ; Inapplicable ; Inapplicable ; Inapplicable ; Pass      ; Inapplicable ; Inapplicable ;
; HEX1[5]            ; Pass      ; Inapplicable ; Pass      ; Inapplicable ; Inapplicable ; Pass      ; Pass      ; Inapplicable ; Pass      ; Pass      ; Inapplicable ; Inapplicable ; Inapplicable ; Inapplicable ; Inapplicable ; Inapplicable ; Inapplicable ; Inapplicable ; Inapplicable ; Inapplicable ; Inapplicable ; Inapplicable ; Inapplicable ; Inapplicable ; Inapplicable ; Inapplicable ; Inapplicable ; Pass      ; Inapplicable ; Inapplicable ;
; HEX1[4]            ; Pass      ; Inapplicable ; Pass      ; Inapplicable ; Inapplicable ; Pass      ; Pass      ; Inapplicable ; Pass      ; Pass      ; Inapplicable ; Inapplicable ; Inapplicable ; Inapplicable ; Inapplicable ; Inapplicable ; Inapplicable ; Inapplicable ; Inapplicable ; Inapplicable ; Inapplicable ; Inapplicable ; Inapplicable ; Inapplicable ; Inapplicable ; Inapplicable ; Inapplicable ; Pass      ; Inapplicable ; Inapplicable ;
; HEX1[3]            ; Pass      ; Inapplicable ; Pass      ; Inapplicable ; Inapplicable ; Pass      ; Pass      ; Inapplicable ; Pass      ; Pass      ; Inapplicable ; Inapplicable ; Inapplicable ; Inapplicable ; Inapplicable ; Inapplicable ; Inapplicable ; Inapplicable ; Inapplicable ; Inapplicable ; Inapplicable ; Inapplicable ; Inapplicable ; Inapplicable ; Inapplicable ; Inapplicable ; Inapplicable ; Pass      ; Inapplicable ; Inapplicable ;
; HEX1[2]            ; Pass      ; Inapplicable ; Pass      ; Inapplicable ; Inapplicable ; Pass      ; Pass      ; Inapplicable ; Pass      ; Pass      ; Inapplicable ; Inapplicable ; Inapplicable ; Inapplicable ; Inapplicable ; Inapplicable ; Inapplicable ; Inapplicable ; Inapplicable ; Inapplicable ; Inapplicable ; Inapplicable ; Inapplicable ; Inapplicable ; Inapplicable ; Inapplicable ; Inapplicable ; Pass      ; Inapplicable ; Inapplicable ;
; HEX1[1]            ; Pass      ; Inapplicable ; Pass      ; Inapplicable ; Inapplicable ; Pass      ; Pass      ; Inapplicable ; Pass      ; Pass      ; Inapplicable ; Inapplicable ; Inapplicable ; Inapplicable ; Inapplicable ; Inapplicable ; Inapplicable ; Inapplicable ; Inapplicable ; Inapplicable ; Inapplicable ; Inapplicable ; Inapplicable ; Inapplicable ; Inapplicable ; Inapplicable ; Inapplicable ; Pass      ; Inapplicable ; Inapplicable ;
; HEX1[0]            ; Pass      ; Inapplicable ; Pass      ; Inapplicable ; Inapplicable ; Pass      ; Pass      ; Inapplicable ; Pass      ; Pass      ; Inapplicable ; Inapplicable ; Inapplicable ; Inapplicable ; Inapplicable ; Inapplicable ; Inapplicable ; Inapplicable ; Inapplicable ; Inapplicable ; Inapplicable ; Inapplicable ; Inapplicable ; Inapplicable ; Inapplicable ; Inapplicable ; Inapplicable ; Pass      ; Inapplicable ; Inapplicable ;
; HEX2[6]            ; Pass      ; Inapplicable ; Pass      ; Inapplicable ; Inapplicable ; Pass      ; Pass      ; Inapplicable ; Pass      ; Pass      ; Inapplicable ; Inapplicable ; Inapplicable ; Inapplicable ; Inapplicable ; Inapplicable ; Inapplicable ; Inapplicable ; Inapplicable ; Inapplicable ; Inapplicable ; Inapplicable ; Inapplicable ; Inapplicable ; Inapplicable ; Inapplicable ; Inapplicable ; Pass      ; Inapplicable ; Inapplicable ;
; HEX2[5]            ; Pass      ; Inapplicable ; Pass      ; Inapplicable ; Inapplicable ; Pass      ; Pass      ; Inapplicable ; Pass      ; Pass      ; Inapplicable ; Inapplicable ; Inapplicable ; Inapplicable ; Inapplicable ; Inapplicable ; Inapplicable ; Inapplicable ; Inapplicable ; Inapplicable ; Inapplicable ; Inapplicable ; Inapplicable ; Inapplicable ; Inapplicable ; Inapplicable ; Inapplicable ; Pass      ; Inapplicable ; Inapplicable ;
; HEX2[4]            ; Pass      ; Inapplicable ; Pass      ; Inapplicable ; Inapplicable ; Pass      ; Pass      ; Inapplicable ; Pass      ; Pass      ; Inapplicable ; Inapplicable ; Inapplicable ; Inapplicable ; Inapplicable ; Inapplicable ; Inapplicable ; Inapplicable ; Inapplicable ; Inapplicable ; Inapplicable ; Inapplicable ; Inapplicable ; Inapplicable ; Inapplicable ; Inapplicable ; Inapplicable ; Pass      ; Inapplicable ; Inapplicable ;
; HEX2[3]            ; Pass      ; Inapplicable ; Pass      ; Inapplicable ; Inapplicable ; Pass      ; Pass      ; Inapplicable ; Pass      ; Pass      ; Inapplicable ; Inapplicable ; Inapplicable ; Inapplicable ; Inapplicable ; Inapplicable ; Inapplicable ; Inapplicable ; Inapplicable ; Inapplicable ; Inapplicable ; Inapplicable ; Inapplicable ; Inapplicable ; Inapplicable ; Inapplicable ; Inapplicable ; Pass      ; Inapplicable ; Inapplicable ;
; HEX2[2]            ; Pass      ; Inapplicable ; Pass      ; Inapplicable ; Inapplicable ; Pass      ; Pass      ; Inapplicable ; Pass      ; Pass      ; Inapplicable ; Inapplicable ; Inapplicable ; Inapplicable ; Inapplicable ; Inapplicable ; Inapplicable ; Inapplicable ; Inapplicable ; Inapplicable ; Inapplicable ; Inapplicable ; Inapplicable ; Inapplicable ; Inapplicable ; Inapplicable ; Inapplicable ; Pass      ; Inapplicable ; Inapplicable ;
; HEX2[1]            ; Pass      ; Inapplicable ; Pass      ; Inapplicable ; Inapplicable ; Pass      ; Pass      ; Inapplicable ; Pass      ; Pass      ; Inapplicable ; Inapplicable ; Inapplicable ; Inapplicable ; Inapplicable ; Inapplicable ; Inapplicable ; Inapplicable ; Inapplicable ; Inapplicable ; Inapplicable ; Inapplicable ; Inapplicable ; Inapplicable ; Inapplicable ; Inapplicable ; Inapplicable ; Pass      ; Inapplicable ; Inapplicable ;
; HEX2[0]            ; Pass      ; Inapplicable ; Pass      ; Inapplicable ; Inapplicable ; Pass      ; Pass      ; Inapplicable ; Pass      ; Pass      ; Inapplicable ; Inapplicable ; Inapplicable ; Inapplicable ; Inapplicable ; Inapplicable ; Inapplicable ; Inapplicable ; Inapplicable ; Inapplicable ; Inapplicable ; Inapplicable ; Inapplicable ; Inapplicable ; Inapplicable ; Inapplicable ; Inapplicable ; Pass      ; Inapplicable ; Inapplicable ;
; HEX3[6]            ; Pass      ; Inapplicable ; Pass      ; Inapplicable ; Inapplicable ; Pass      ; Pass      ; Inapplicable ; Pass      ; Pass      ; Inapplicable ; Inapplicable ; Inapplicable ; Inapplicable ; Inapplicable ; Inapplicable ; Inapplicable ; Inapplicable ; Inapplicable ; Inapplicable ; Inapplicable ; Inapplicable ; Inapplicable ; Inapplicable ; Inapplicable ; Inapplicable ; Inapplicable ; Pass      ; Inapplicable ; Inapplicable ;
; HEX3[5]            ; Pass      ; Inapplicable ; Pass      ; Inapplicable ; Inapplicable ; Pass      ; Pass      ; Inapplicable ; Pass      ; Pass      ; Inapplicable ; Inapplicable ; Inapplicable ; Inapplicable ; Inapplicable ; Inapplicable ; Inapplicable ; Inapplicable ; Inapplicable ; Inapplicable ; Inapplicable ; Inapplicable ; Inapplicable ; Inapplicable ; Inapplicable ; Inapplicable ; Inapplicable ; Pass      ; Inapplicable ; Inapplicable ;
; HEX3[4]            ; Pass      ; Inapplicable ; Pass      ; Inapplicable ; Inapplicable ; Pass      ; Pass      ; Inapplicable ; Pass      ; Pass      ; Inapplicable ; Inapplicable ; Inapplicable ; Inapplicable ; Inapplicable ; Inapplicable ; Inapplicable ; Inapplicable ; Inapplicable ; Inapplicable ; Inapplicable ; Inapplicable ; Inapplicable ; Inapplicable ; Inapplicable ; Inapplicable ; Inapplicable ; Pass      ; Inapplicable ; Inapplicable ;
; HEX3[3]            ; Pass      ; Inapplicable ; Pass      ; Inapplicable ; Inapplicable ; Pass      ; Pass      ; Inapplicable ; Pass      ; Pass      ; Inapplicable ; Inapplicable ; Inapplicable ; Inapplicable ; Inapplicable ; Inapplicable ; Inapplicable ; Inapplicable ; Inapplicable ; Inapplicable ; Inapplicable ; Inapplicable ; Inapplicable ; Inapplicable ; Inapplicable ; Inapplicable ; Inapplicable ; Pass      ; Inapplicable ; Inapplicable ;
; HEX3[2]            ; Pass      ; Inapplicable ; Pass      ; Inapplicable ; Inapplicable ; Pass      ; Pass      ; Inapplicable ; Pass      ; Pass      ; Inapplicable ; Inapplicable ; Inapplicable ; Inapplicable ; Inapplicable ; Inapplicable ; Inapplicable ; Inapplicable ; Inapplicable ; Inapplicable ; Inapplicable ; Inapplicable ; Inapplicable ; Inapplicable ; Inapplicable ; Inapplicable ; Inapplicable ; Pass      ; Inapplicable ; Inapplicable ;
; HEX3[1]            ; Pass      ; Inapplicable ; Pass      ; Inapplicable ; Inapplicable ; Pass      ; Pass      ; Inapplicable ; Pass      ; Pass      ; Inapplicable ; Inapplicable ; Inapplicable ; Inapplicable ; Inapplicable ; Inapplicable ; Inapplicable ; Inapplicable ; Inapplicable ; Inapplicable ; Inapplicable ; Inapplicable ; Inapplicable ; Inapplicable ; Inapplicable ; Inapplicable ; Inapplicable ; Pass      ; Inapplicable ; Inapplicable ;
; HEX3[0]            ; Pass      ; Inapplicable ; Pass      ; Inapplicable ; Inapplicable ; Pass      ; Pass      ; Inapplicable ; Pass      ; Pass      ; Inapplicable ; Inapplicable ; Inapplicable ; Inapplicable ; Inapplicable ; Inapplicable ; Inapplicable ; Inapplicable ; Inapplicable ; Inapplicable ; Inapplicable ; Inapplicable ; Inapplicable ; Inapplicable ; Inapplicable ; Inapplicable ; Inapplicable ; Pass      ; Inapplicable ; Inapplicable ;
; Pol_HEX            ; Pass      ; Inapplicable ; Pass      ; Inapplicable ; Inapplicable ; Pass      ; Pass      ; Inapplicable ; Pass      ; Pass      ; Inapplicable ; Inapplicable ; Inapplicable ; Inapplicable ; Pass         ; Inapplicable ; Inapplicable ; Pass         ; Inapplicable ; Inapplicable ; Inapplicable ; Inapplicable ; Inapplicable ; Inapplicable ; Inapplicable ; Inapplicable ; Inapplicable ; Pass      ; Inapplicable ; Inapplicable ;
; CLK                ; Pass      ; Inapplicable ; Pass      ; Inapplicable ; Inapplicable ; Pass      ; Pass      ; Inapplicable ; Pass      ; Pass      ; Inapplicable ; Inapplicable ; Inapplicable ; Inapplicable ; Pass         ; Inapplicable ; Inapplicable ; Pass         ; Inapplicable ; Inapplicable ; Inapplicable ; Inapplicable ; Inapplicable ; Inapplicable ; Inapplicable ; Inapplicable ; Inapplicable ; Pass      ; Inapplicable ; Inapplicable ;
; RST                ; Pass      ; Inapplicable ; Pass      ; Inapplicable ; Inapplicable ; Pass      ; Pass      ; Inapplicable ; Pass      ; Pass      ; Inapplicable ; Inapplicable ; Inapplicable ; Inapplicable ; Pass         ; Inapplicable ; Inapplicable ; Pass         ; Inapplicable ; Inapplicable ; Inapplicable ; Inapplicable ; Inapplicable ; Inapplicable ; Inapplicable ; Inapplicable ; Inapplicable ; Pass      ; Inapplicable ; Inapplicable ;
+--------------------+-----------+--------------+-----------+--------------+--------------+-----------+-----------+--------------+-----------+-----------+--------------+--------------+--------------+--------------+--------------+--------------+--------------+--------------+--------------+--------------+--------------+--------------+--------------+--------------+--------------+--------------+--------------+-----------+--------------+--------------+


+-------------------------------------------------------------------------------------------+
; Fitter Device Options                                                                     ;
+------------------------------------------------------------------+------------------------+
; Option                                                           ; Setting                ;
+------------------------------------------------------------------+------------------------+
; Enable user-supplied start-up clock (CLKUSR)                     ; Off                    ;
; Enable device-wide reset (DEV_CLRn)                              ; Off                    ;
; Enable device-wide output enable (DEV_OE)                        ; Off                    ;
; Enable INIT_DONE output                                          ; Off                    ;
; Configuration scheme                                             ; Internal Configuration ;
; Enable Error Detection CRC_ERROR pin                             ; Off                    ;
; Enable open drain on CRC_ERROR pin                               ; Off                    ;
; Enable nCONFIG, nSTATUS, and CONF_DONE pins                      ; On                     ;
; Enable JTAG pin sharing                                          ; Off                    ;
; Enable nCE pin                                                   ; Off                    ;
; Enable CONFIG_SEL pin                                            ; On                     ;
; Enable input tri-state on active configuration pins in user mode ; Off                    ;
; Configuration Voltage Level                                      ; Auto                   ;
; Force Configuration Voltage Level                                ; Off                    ;
; Data[0]                                                          ; Unreserved             ;
; Data[1]/ASDO                                                     ; Unreserved             ;
; FLASH_nCE/nCSO                                                   ; Unreserved             ;
; DCLK                                                             ; Unreserved             ;
+------------------------------------------------------------------+------------------------+


+------------------------------------+
; Operating Settings and Conditions  ;
+---------------------------+--------+
; Setting                   ; Value  ;
+---------------------------+--------+
; Nominal Core Voltage      ; 1.20 V ;
; Low Junction Temperature  ; 0 °C   ;
; High Junction Temperature ; 85 °C  ;
+---------------------------+--------+


+-----------------+
; Fitter Messages ;
+-----------------+
Warning (18236): Number of processors has not been specified which may cause overloading on shared machines.  Set the global assignment NUM_PARALLEL_PROCESSORS in your QSF to an appropriate value for best performance.
Info (20030): Parallel compilation is enabled and will use 12 of the 12 processors detected
Info (119006): Selected device 10M50DAF484C7G for design "mono_multi_cycle"
Info (21077): Low junction temperature is 0 degrees C
Info (21077): High junction temperature is 85 degrees C
Info (171003): Fitter is performing an Auto Fit compilation, which may decrease Fitter effort to reduce compilation time
Warning (292013): Feature LogicLock is only available with a valid subscription license. You can purchase a software subscription to gain full access to this feature.
Info (176444): Device migration not selected. If you intend to use device migration later, you may need to change the pin assignments as they may be incompatible with other devices
    Info (176445): Device 10M08DAF484I7G is compatible
    Info (176445): Device 10M08DAF484I7P is compatible
    Info (176445): Device 10M16DAF484C7G is compatible
    Info (176445): Device 10M16DAF484I7G is compatible
    Info (176445): Device 10M16DAF484I7P is compatible
    Info (176445): Device 10M25DAF484C7G is compatible
    Info (176445): Device 10M25DAF484I7G is compatible
    Info (176445): Device 10M50DAF484I7G is compatible
    Info (176445): Device 10M50DAF484I7P is compatible
    Info (176445): Device 10M40DAF484C7G is compatible
    Info (176445): Device 10M40DAF484I7G is compatible
Info (169124): Fitter converted 8 user pins into dedicated programming pins
    Info (169125): Pin ~ALTERA_TMS~ is reserved at location H2
    Info (169125): Pin ~ALTERA_TCK~ is reserved at location G2
    Info (169125): Pin ~ALTERA_TDI~ is reserved at location L4
    Info (169125): Pin ~ALTERA_TDO~ is reserved at location M5
    Info (169125): Pin ~ALTERA_CONFIG_SEL~ is reserved at location H10
    Info (169125): Pin ~ALTERA_nCONFIG~ is reserved at location H9
    Info (169125): Pin ~ALTERA_nSTATUS~ is reserved at location G9
    Info (169125): Pin ~ALTERA_CONF_DONE~ is reserved at location F8
Info (169141): DATA[0] dual-purpose pin not reserved
Info (12825): Data[1]/ASDO dual-purpose pin not reserved
Info (12825): nCSO dual-purpose pin not reserved
Info (12825): DCLK dual-purpose pin not reserved
Warning (15714): Some pins have incomplete I/O assignments. Refer to the I/O Assignment Warnings report for details
Critical Warning (332012): Synopsys Design Constraints File file not found: 'mono_multi_cycle.sdc'. A Synopsys Design Constraints File is required by the Timing Analyzer to get proper timing constraints. Without it, the Compiler will not properly optimize the design.
Info (332144): No user constrained base clocks found in the design
Info (332143): No user constrained clock uncertainty found in the design. Calling "derive_clock_uncertainty"
Info (332154): The derive_clock_uncertainty command did not apply clock uncertainty to any clock-to-clock transfers.
Info (332130): Timing requirements not specified -- quality metrics such as performance may be sacrificed to reduce compilation time.
Info (176353): Automatically promoted node CLK~input (placed in PIN P11 (CLK7p, DIFFIO_TX_RX_B20p, DIFFOUT_B20p, High_Speed)) File: H:/Mon Drive/2025-2026_polytech_sorbonne/S6/UE-Electronique/VHDL_Comportemental/Projet_mono_multi_cycle/src/proc_mono_cycle.vhd Line: 7
    Info (176355): Automatically promoted destinations to use location or clock signal Global Clock CLKCTRL_G19
Info (176233): Starting register packing
Info (176235): Finished register packing
    Extra Info (176219): No registers were packed into other blocks
Info (171121): Fitter preparation operations ending: elapsed time is 00:00:05
Info (14896): Fitter has disabled Advanced Physical Optimization because it is not supported for the current family.
Info (170189): Fitter placement preparation operations beginning
Info (170190): Fitter placement preparation operations ending: elapsed time is 00:00:01
Info (170191): Fitter placement operations beginning
Info (170137): Fitter placement was successful
Info (170192): Fitter placement operations ending: elapsed time is 00:00:15
Info (170193): Fitter routing operations beginning
Info (170195): Router estimated average interconnect usage is 2% of the available device resources
    Info (170196): Router estimated peak interconnect usage is 41% of the available device resources in the region that extends from location X33_Y22 to location X44_Y32
Info (170199): The Fitter performed an Auto Fit compilation.  Optimizations were skipped to reduce compilation time.
    Info (170201): Optimizations that may affect the design's routability were skipped
Info (170194): Fitter routing operations ending: elapsed time is 00:01:12
Info (11888): Total time spent on timing analysis during the Fitter is 3.64 seconds.
Info (334003): Started post-fitting delay annotation
Info (334004): Delay annotation completed successfully
Info (334003): Started post-fitting delay annotation
Info (334004): Delay annotation completed successfully
Info (11218): Fitter post-fit operations ending: elapsed time is 00:00:07
Warning (169177): 3 pins must meet Intel FPGA requirements for 3.3-, 3.0-, and 2.5-V interfaces. For more information, refer to AN 447: Interfacing MAX 10 Devices with 3.3/3.0/2.5-V LVTTL/LVCMOS I/O Systems.
    Info (169178): Pin Pol_HEX uses I/O standard 3.3-V LVTTL at C10 File: H:/Mon Drive/2025-2026_polytech_sorbonne/S6/UE-Electronique/VHDL_Comportemental/Projet_mono_multi_cycle/src/proc_mono_cycle.vhd Line: 9
    Info (169178): Pin CLK uses I/O standard 3.3-V LVTTL at P11 File: H:/Mon Drive/2025-2026_polytech_sorbonne/S6/UE-Electronique/VHDL_Comportemental/Projet_mono_multi_cycle/src/proc_mono_cycle.vhd Line: 7
    Info (169178): Pin RST uses I/O standard 3.3-V LVTTL at B8 File: H:/Mon Drive/2025-2026_polytech_sorbonne/S6/UE-Electronique/VHDL_Comportemental/Projet_mono_multi_cycle/src/proc_mono_cycle.vhd Line: 8
Info (144001): Generated suppressed messages file H:/Mon Drive/2025-2026_polytech_sorbonne/S6/UE-Electronique/VHDL_Comportemental/Projet_mono_multi_cycle/fit/output_files/mono_multi_cycle.fit.smsg
Info: Quartus Prime Fitter was successful. 0 errors, 5 warnings
    Info: Peak virtual memory: 6278 megabytes
    Info: Processing ended: Sun Jun 14 16:32:03 2026
    Info: Elapsed time: 00:01:57
    Info: Total CPU time (on all processors): 00:03:07


+----------------------------+
; Fitter Suppressed Messages ;
+----------------------------+
The suppressed messages can be found in H:/Mon Drive/2025-2026_polytech_sorbonne/S6/UE-Electronique/VHDL_Comportemental/Projet_mono_multi_cycle/fit/output_files/mono_multi_cycle.fit.smsg.


